scenario,depth,rho,m_flux,reps,recurrent_call_rate,mean_events,median_events,mean_n_sites
recurrent,recent,0.0,0.0,60,0.933333,3.616667,4.0,343.7
recurrent,recent,0.0,0.0,60,0.9,3.65,4.0,356.916667
recurrent,recent,0.0,0.0,60,0.933333,3.566667,3.0,389.416667
recurrent,recent,0.0,0.0,60,0.9,3.5,4.0,354.6
recurrent,recent,0.0,1e-06,60,0.883333,3.283333,3.0,340.466667
recurrent,recent,0.0,0.0,60,0.9,3.2,3.0,355.266667
recurrent,recent,0.0,0.0,60,0.916667,3.35,3.0,355.083333
recurrent,recent,0.0,0.0,60,0.883333,3.366667,3.0,352.65
recurrent,recent,0.0,0.0,60,0.933333,3.566667,3.0,345.216667
recurrent,recent,0.0,1e-06,60,0.9,3.566667,4.0,358.066667
recurrent,recent,1e-06,0.0,60,0.916667,1.933333,2.0,358.65
recurrent,recent,1e-06,0.0,60,0.916667,1.933333,2.0,350.65
recurrent,recent,1e-06,0.0,60,0.883333,1.883333,2.0,342.316667
recurrent,recent,1e-06,0.0,60,0.85,1.85,2.0,344.283333
recurrent,recent,1e-06,1e-06,60,0.866667,1.866667,2.0,340.333333
recurrent,young,0.0,0.0,60,0.866667,2.283333,2.0,378.583333
recurrent,young,0.0,0.0,60,0.916667,2.433333,2.0,390.3
recurrent,young,0.0,0.0,60,0.833333,2.2,2.0,370.95
recurrent,young,0.0,0.0,60,0.866667,2.416667,2.0,387.333333
recurrent,young,0.0,1e-06,60,0.85,2.216667,2.0,373.55
recurrent,young,0.0,0.0,60,0.95,2.35,2.0,395.516667
recurrent,young,0.0,0.0,60,0.95,2.283333,2.0,393.233333
recurrent,young,0.0,0.0,60,0.883333,2.116667,2.0,385.5
recurrent,young,0.0,0.0,60,0.883333,2.1,2.0,379.833333
recurrent,young,0.0,1e-06,60,0.983333,2.416667,2.0,398.883333
recurrent,young,1e-06,0.0,60,0.9,1.9,2.0,396.316667
recurrent,young,1e-06,0.0,60,0.916667,1.916667,2.0,399.916667
recurrent,young,1e-06,0.0,60,0.816667,1.816667,2.0,377.333333
recurrent,young,1e-06,0.0,60,0.883333,1.883333,2.0,381.133333
recurrent,young,1e-06,1e-06,60,0.933333,1.933333,2.0,404.25
recurrent,old,0.0,0.0,60,0.933333,2.066667,2.0,478.55
recurrent,old,0.0,0.0,60,0.883333,1.95,2.0,452.683333
recurrent,old,0.0,0.0,60,0.9,1.933333,2.0,445.333333
recurrent,old,0.0,0.0,60,0.883333,1.933333,2.0,475.083333
recurrent,old,0.0,1e-06,60,0.933333,2.083333,2.0,469.65
recurrent,old,0.0,0.0,60,0.833333,1.833333,2.0,460.75
recurrent,old,0.0,0.0,60,0.75,1.783333,2.0,445.05
recurrent,old,0.0,0.0,60,0.85,1.9,2.0,459.083333
recurrent,old,0.0,0.0,60,0.85,1.866667,2.0,441.833333
recurrent,old,0.0,1e-06,60,0.883333,2.033333,2.0,470.333333
recurrent,old,1e-06,0.0,60,0.783333,1.783333,2.0,463.15
recurrent,old,1e-06,0.0,60,0.8,1.8,2.0,436.033333
recurrent,old,1e-06,0.0,60,0.783333,1.783333,2.0,445.833333
recurrent,old,1e-06,0.0,60,0.783333,1.783333,2.0,468.866667
recurrent,old,1e-06,1e-06,60,0.866667,1.866667,2.0,442.566667
single,recent,0.0,0.0,60,0.533333,1.633333,2.0,390.383333
single,recent,0.0,0.0,60,0.516667,1.566667,2.0,381.95
single,recent,0.0,0.0,60,0.55,1.616667,2.0,352.15
single,recent,0.0,0.0,60,0.483333,1.566667,1.0,399.566667
single,recent,0.0,1e-06,60,0.483333,1.583333,1.0,388.966667
single,recent,0.0,0.0,60,0.333333,1.45,1.0,381.983333
single,recent,0.0,0.0,60,0.283333,1.35,1.0,391.3
single,recent,0.0,0.0,60,0.4,1.45,1.0,384.116667
single,recent,0.0,0.0,60,0.233333,1.233333,1.0,373.05
single,recent,0.0,1e-06,60,0.233333,1.283333,1.0,385.25
single,recent,1e-06,0.0,60,0.0,1.0,1.0,384.45
single,recent,1e-06,0.0,60,0.0,1.0,1.0,384.4
single,recent,1e-06,0.0,60,0.0,1.0,1.0,385.966667
single,recent,1e-06,0.0,60,0.0,1.0,1.0,385.0
single,recent,1e-06,1e-06,60,0.0,1.0,1.0,380.033333
single,young,0.0,0.0,60,0.133333,1.133333,1.0,402.683333
single,young,0.0,0.0,60,0.05,1.05,1.0,384.516667
single,young,0.0,0.0,60,0.083333,1.083333,1.0,397.683333
single,young,0.0,0.0,60,0.083333,1.083333,1.0,393.083333
single,young,0.0,1e-06,60,0.05,1.05,1.0,380.933333
single,young,0.0,0.0,60,0.016667,1.016667,1.0,397.45
single,young,0.0,0.0,60,0.066667,1.066667,1.0,401.85
single,young,0.0,0.0,60,0.0,1.0,1.0,389.383333
single,young,0.0,0.0,60,0.033333,1.033333,1.0,395.083333
single,young,0.0,1e-06,60,0.083333,1.116667,1.0,393.233333
single,young,1e-06,0.0,60,0.0,1.0,1.0,390.433333
single,young,1e-06,0.0,60,0.0,1.0,1.0,392.133333
single,young,1e-06,0.0,60,0.0,1.0,1.0,390.816667
single,young,1e-06,0.0,60,0.0,1.0,1.0,393.316667
single,young,1e-06,1e-06,60,0.0,1.0,1.0,391.383333
single,old,0.0,0.0,60,0.0,1.0,1.0,425.45
single,old,0.0,0.0,60,0.0,1.0,1.0,426.883333
single,old,0.0,0.0,60,0.0,1.0,1.0,410.483333
single,old,0.0,0.0,60,0.0,1.0,1.0,423.183333
single,old,0.0,1e-06,60,0.083333,1.1,1.0,419.8
single,old,0.0,0.0,60,0.0,1.0,1.0,423.516667
single,old,0.0,0.0,60,0.0,1.0,1.0,416.1
single,old,0.0,0.0,60,0.0,1.0,1.0,423.366667
single,old,0.0,0.0,60,0.016667,1.016667,1.0,423.333333
single,old,0.0,1e-06,60,0.016667,1.016667,1.0,424.616667
single,old,1e-06,0.0,60,0.0,1.0,1.0,426.266667
single,old,1e-06,0.0,60,0.0,1.0,1.0,427.85
single,old,1e-06,0.0,60,0.0,1.0,1.0,417.633333
single,old,1e-06,0.0,60,0.0,1.0,1.0,420.133333
single,old,1e-06,1e-06,60,0.0,1.0,1.0,421.683333
