chr,region_start,region_end,0_sequence_length,1_sequence_length,0_sequence_length_adjusted,1_sequence_length_adjusted,0_segregating_sites,1_segregating_sites,0_w_theta,1_w_theta,0_pi,1_pi,0_segregating_sites_filtered,1_segregating_sites_filtered,0_w_theta_filtered,1_w_theta_filtered,0_pi_filtered,1_pi_filtered,0_num_hap_no_filter,1_num_hap_no_filter,0_num_hap_filter,1_num_hap_filter,inversion_freq_no_filter,inversion_freq_filter
13,37315207,37317760,2554,2554,2553,2553,0,0,0.000000,0.000000,0.000000,0.000000,0,0,0.000000,0.000000,0.000000,0.000000,78,10,76,10,0.113636,0.116279
13,48199250,48206639,7390,7390,7389,7389,25,2,0.000673,0.000271,0.000367,0.000271,25,2,0.000676,0.000271,0.000374,0.000271,86,2,84,2,0.022727,0.023256
13,52310302,52320954,10653,10653,10652,10652,30,4,0.000569,0.000375,0.000198,0.000375,30,4,0.000569,0.000376,0.000198,0.000376,80,2,80,2,0.024390,0.024390
13,52344010,52502256,158247,158247,158246,158246,610,169,0.000769,0.000712,0.000288,0.000712,610,169,0.000769,0.000712,0.000288,0.000712,85,3,85,3,0.034091,0.034091
13,53902573,54093373,190801,190801,190800,190800,863,0,0.000898,inf,0.000682,inf,863,0,0.000898,inf,0.000682,inf,87,1,87,1,0.011364,0.011364
13,63727377,63820968,93592,93592,83005,83005,178,42,0.000386,0.000245,0.000178,0.000235,178,42,0.000435,0.000276,0.000201,0.000265,78,4,78,4,0.048780,0.048780
13,64598737,64616218,17482,17482,17481,17481,86,0,0.000977,inf,0.000843,inf,86,0,0.000977,inf,0.000843,inf,87,1,87,1,0.011364,0.011364
13,79823210,79839670,16461,16461,16460,16460,62,25,0.000757,0.000665,0.000835,0.000531,62,25,0.000757,0.000665,0.000835,0.000531,82,6,82,6,0.068182,0.068182
13,97456283,97456722,440,440,439,439,2,0,0.000938,0.000000,0.000126,0.000000,0,0,0.000000,0.000000,0.000000,0.000000,72,10,10,2,0.121951,0.166667
10,4983056,4984361,1306,1306,1305,1305,12,5,0.001860,0.001563,0.002111,0.001094,11,0,0.001783,0.000000,0.002038,0.000000,79,7,64,4,0.081395,0.058824
10,15742803,15760427,17625,17625,17624,17624,72,0,0.000811,inf,0.000490,inf,72,0,0.000811,inf,0.000490,inf,87,1,87,1,0.011364,0.011364
10,37105149,37111121,5973,5973,5972,5972,0,0,0.000000,0.000000,0.000000,0.000000,0,0,0.000000,0.000000,0.000000,0.000000,45,41,45,41,0.476744,0.476744
10,46144703,46204851,60149,60149,40542,40542,91,36,0.000305,0.000287,0.000293,0.000263,91,36,0.000452,0.000426,0.000435,0.000390,81,5,81,5,0.058140,0.058140
10,46769328,46857141,87814,87814,0,0,0,0,0.000000,0.000000,0.000000,0.000000,0,0,inf,inf,inf,inf,79,5,79,5,0.059524,0.059524
10,46983451,47468232,484782,484782,467448,467448,1347,622,0.000561,0.000495,0.000425,0.000476,1347,622,0.000582,0.000513,0.000441,0.000494,80,8,80,8,0.090909,0.090909
10,47480263,47546423,66161,66161,0,0,0,0,0.000000,0.000000,0.000000,0.000000,0,0,inf,inf,inf,inf,53,3,49,3,0.053571,0.057692
10,47649265,47756785,107521,107521,0,0,0,0,0.000000,0.000000,0.000000,0.000000,0,0,inf,inf,inf,inf,57,5,55,5,0.080645,0.083333
10,47983093,48044442,61350,61350,1,1,0,0,0.000000,0.000000,0.000000,0.000000,0,0,0.000000,0.000000,0.000000,0.000000,63,3,58,2,0.045455,0.033333
10,55007431,55013434,6004,6004,6003,6003,11,3,0.000374,0.000193,0.000260,0.000125,11,3,0.000378,0.000193,0.000265,0.000125,76,8,72,8,0.095238,0.100000
10,65465445,65470067,4623,4623,4622,4622,35,0,0.001517,inf,0.001527,inf,34,0,0.001481,inf,0.001532,inf,83,1,81,1,0.011905,0.012195
10,71066858,71067726,869,869,868,868,5,2,0.001156,0.001255,0.000819,0.001151,4,0,0.001119,inf,0.000786,inf,82,4,35,1,0.046512,0.027778
10,73657969,73660146,2178,2178,2177,2177,2,1,0.000187,0.000177,0.000024,0.000115,0,0,0.000000,0.000000,0.000000,0.000000,76,8,44,6,0.095238,0.120000
10,79542901,80217413,674513,674513,644176,644176,2432,13,0.000723,0.000013,0.000604,0.000013,2432,13,0.000757,0.000013,0.000633,0.000013,83,3,83,3,0.034884,0.034884
10,87308005,87425030,117026,117026,101850,101850,0,0,0.000000,0.000000,0.000000,0.000000,0,0,0.000000,0.000000,0.000000,0.000000,86,2,86,2,0.022727,0.022727
10,91443587,91446029,2443,2443,2442,2442,0,0,0.000000,0.000000,0.000000,0.000000,0,0,0.000000,0.000000,0.000000,0.000000,13,75,13,73,0.852273,0.848837
10,113411933,113412252,320,320,319,319,0,0,0.000000,0.000000,0.000000,0.000000,0,0,0.000000,0.000000,0.000000,0.000000,79,9,3,3,0.102273,0.500000
10,131619777,131620717,941,941,940,940,4,2,0.000860,0.001020,0.001071,0.000850,4,0,0.000954,inf,0.001216,inf,79,5,49,1,0.059524,0.020000
10,133657262,133787421,130160,130160,391,391,0,0,0.000000,0.000000,0.000000,0.000000,0,0,0.000000,0.000000,0.000000,0.000000,72,6,59,3,0.076923,0.048387
11,311836,317944,6109,6109,6108,6108,0,0,0.000000,0.000000,0.000000,0.000000,0,0,0.000000,0.000000,0.000000,0.000000,24,64,24,64,0.727273,0.727273
11,738649,740185,1537,1537,1536,1536,8,0,0.001038,0.000000,0.000253,0.000000,4,0,0.000624,inf,0.000270,inf,85,3,37,1,0.034091,0.026316
11,1667460,1683267,15808,15808,15807,15807,0,0,inf,inf,inf,inf,0,0,inf,inf,inf,inf,1,1,1,1,0.500000,0.500000
11,4271709,4289557,17849,17849,17848,17848,0,0,0.000000,0.000000,0.000000,0.000000,0,0,0.000000,0.000000,0.000000,0.000000,8,76,5,59,0.904762,0.921875
11,18249084,18265819,16736,16736,16735,16735,91,0,0.001079,inf,0.001124,inf,91,0,0.001079,inf,0.001124,inf,87,1,87,1,0.011364,0.011364
11,24263179,24266246,3068,3068,3067,3067,0,0,0.000000,0.000000,0.000000,0.000000,0,0,0.000000,0.000000,0.000000,0.000000,82,4,66,4,0.046512,0.057143
11,48888300,48892127,3828,3828,3827,3827,7,3,0.000395,0.000198,0.000210,0.000157,7,3,0.000403,0.000200,0.000198,0.000144,58,30,53,29,0.340909,0.353659
11,50154999,50324102,169104,169104,169103,169103,589,383,0.000768,0.000550,0.000599,0.000578,589,383,0.000768,0.000550,0.000599,0.000578,53,35,53,35,0.397727,0.397727
11,55662739,55666690,3952,3952,3951,3951,0,0,0.000000,0.000000,0.000000,0.000000,0,0,0.000000,0.000000,0.000000,0.000000,71,15,69,15,0.174419,0.178571
11,62093043,62102999,9957,9957,9956,9956,11,8,0.000260,0.000191,0.000237,0.000101,9,8,0.000255,0.000197,0.000251,0.000047,40,38,20,34,0.487179,0.629630
11,66251227,66252453,1227,1227,1226,1226,0,0,0.000000,0.000000,0.000000,0.000000,0,0,0.000000,0.000000,0.000000,0.000000,66,18,35,7,0.214286,0.166667
11,71571819,71576724,4906,4906,4905,4905,18,10,0.000732,0.001359,0.000972,0.001359,18,10,0.000732,0.001359,0.000972,0.001359,85,3,85,3,0.034091,0.034091
11,89920623,89923848,3226,3226,3225,3225,17,14,0.001246,0.000983,0.000797,0.000934,17,14,0.001280,0.001015,0.000864,0.000970,39,47,35,41,0.546512,0.539474
2,45065588,45081777,16190,16190,16189,16189,105,4,0.001293,0.000165,0.000942,0.000165,105,4,0.001294,0.000165,0.000943,0.000165,85,3,85,3,0.034091,0.034091
2,87987171,111255403,23268233,23268233,19502454,19502454,60838,0,0.000519,inf,0.000374,inf,60835,0,0.000619,inf,0.000446,inf,87,1,87,1,0.011364,0.011364
2,87995841,88180536,184696,184696,184695,184695,635,0,0.000683,inf,0.000526,inf,634,0,0.000681,inf,0.000526,inf,87,1,87,1,0.011364,0.011364
2,88861564,88886160,24597,24597,24596,24596,0,0,0.000000,0.000000,0.000000,0.000000,0,0,0.000000,0.000000,0.000000,0.000000,6,6,6,6,0.500000,0.500000
2,90060918,90216479,155562,155562,152812,152812,0,0,0.000000,0.000000,0.000000,0.000000,0,0,0.000000,0.000000,0.000000,0.000000,65,5,65,5,0.071429,0.071429
2,90286375,90379428,93054,93054,93053,93053,60,31,0.000138,0.000087,0.000055,0.000042,22,7,0.000081,0.000050,0.000064,0.000050,60,26,11,3,0.302326,0.214286
2,91832040,92012663,180624,180624,172863,172863,416,250,0.000510,0.000334,0.000148,0.000161,416,250,0.000533,0.000349,0.000155,0.000168,52,36,52,36,0.409091,0.409091
2,95496989,95579796,82808,82808,82807,82807,98,47,0.000245,0.000168,0.000118,0.000129,98,47,0.000245,0.000168,0.000118,0.000129,71,17,71,17,0.193182,0.193182
2,95800191,96024403,224213,224213,224212,224212,170,43,0.000153,0.000078,0.000084,0.000085,170,43,0.000153,0.000078,0.000084,0.000085,81,7,81,7,0.079545,0.079545
2,97168744,97170236,1493,1493,1492,1492,1,0,0.000136,0.000000,0.000017,0.000000,0,0,0.000000,inf,0.000000,inf,79,7,19,1,0.081395,0.050000
2,97348052,97360454,12403,12403,12402,12402,0,0,0.000000,0.000000,0.000000,0.000000,0,0,0.000000,0.000000,0.000000,0.000000,43,43,43,43,0.500000,0.500000
2,108527821,109733036,1205216,1205216,1205215,1205215,4674,854,0.000772,0.000709,0.000559,0.000709,4674,854,0.000772,0.000709,0.000559,0.000709,86,2,86,2,0.022727,0.022727
2,110095177,110276210,181034,181034,133649,133649,385,279,0.000537,0.000338,0.000482,0.000301,385,279,0.000727,0.000458,0.000653,0.000408,30,54,30,54,0.642857,0.642857
2,130138212,131200602,1062391,1062391,744007,744007,2917,362,0.000546,0.000341,0.000373,0.000341,2917,362,0.000780,0.000487,0.000532,0.000487,86,2,86,2,0.022727,0.022727
2,130138212,131530534,1392323,1392323,1073939,1073939,4447,554,0.000636,0.000398,0.000490,0.000398,4446,554,0.000824,0.000516,0.000635,0.000516,86,2,86,2,0.022727,0.022727
2,138247429,138251774,4346,4346,4345,4345,0,1,0.000000,0.000049,0.000000,0.000084,0,1,0.000000,0.000049,0.000000,0.000084,24,64,24,64,0.727273,0.727273
2,215962718,215963440,723,723,722,722,5,1,0.001415,0.000509,0.000675,0.000307,2,0,0.000793,inf,0.000535,inf,75,9,19,1,0.107143,0.050000
2,222149224,222149582,359,359,358,358,4,0,0.002212,inf,0.003498,inf,0,0,inf,inf,inf,inf,87,1,1,1,0.011364,0.500000
2,236356880,236358489,1610,1610,1609,1609,0,0,0.000000,0.000000,0.000000,0.000000,0,0,inf,inf,inf,inf,20,6,1,1,0.230769,0.500000
2,240685789,240688966,3178,3178,3177,3177,0,0,0.000000,0.000000,0.000000,0.000000,0,0,0.000000,0.000000,0.000000,0.000000,54,32,51,31,0.372093,0.378049
20,10807797,10808434,638,638,637,637,0,0,0.000000,0.000000,0.000000,0.000000,0,0,0.000000,0.000000,0.000000,0.000000,51,35,27,27,0.406977,0.500000
20,24397726,24406144,8419,8419,8418,8418,47,0,0.001108,inf,0.000835,inf,47,0,0.001108,inf,0.000835,inf,87,1,87,1,0.011364,0.011364
20,25846148,26009643,163496,163496,163495,163495,576,167,0.000725,0.000314,0.000717,0.000165,576,167,0.000725,0.000314,0.000717,0.000165,73,15,73,15,0.170455,0.170455
20,28495291,28508286,12996,12996,7589,7589,0,0,0.000000,0.000000,0.000000,0.000000,0,0,inf,0.000000,inf,0.000000,11,73,1,25,0.869048,0.961538
20,28751288,28752630,1343,1343,40,40,0,0,0.000000,0.000000,0.000000,0.000000,0,0,inf,inf,inf,inf,1,1,1,1,0.500000,0.500000
20,29257746,29419750,162005,162005,160126,160126,342,0,0.000434,inf,0.000160,inf,342,0,0.000439,inf,0.000162,inf,73,1,73,1,0.013514,0.013514
20,47841016,47888238,47223,47223,47222,47222,287,0,0.001206,inf,0.000832,inf,287,0,0.001207,inf,0.000832,inf,87,1,87,1,0.011364,0.011364
21,13205437,13221054,15618,15618,0,0,0,0,0.000000,0.000000,0.000000,0.000000,0,0,inf,inf,inf,inf,54,4,33,1,0.068966,0.029412
21,13987773,14056796,69024,69024,69023,69023,134,3,0.000387,0.000029,0.000233,0.000029,134,3,0.000387,0.000029,0.000233,0.000029,85,3,85,3,0.034091,0.034091
21,19877734,20070170,192437,192437,192436,192436,1029,0,0.001062,inf,0.000898,inf,1028,0,0.001060,inf,0.000897,inf,87,1,87,1,0.011364,0.011364
21,26001836,26002391,556,556,555,555,0,0,0.000000,0.000000,0.000000,0.000000,0,0,inf,0.000000,inf,0.000000,17,67,1,9,0.797619,0.900000
21,26648368,26649407,1040,1040,1039,1039,0,0,0.000000,0.000000,0.000000,0.000000,0,0,0.000000,0.000000,0.000000,0.000000,38,50,22,40,0.568182,0.645161
21,43821742,43835116,13375,13375,13374,13374,125,0,0.001855,inf,0.001790,inf,125,0,0.001855,inf,0.001790,inf,87,1,87,1,0.011364,0.011364
22,21201771,21280466,78696,78696,0,0,0,0,0.000000,0.000000,0.000000,0.000000,0,0,inf,inf,inf,inf,11,1,7,1,0.083333,0.125000
22,21443089,21491761,48673,48673,15098,15098,6,18,0.000031,0.000080,0.000033,0.000033,6,18,0.000101,0.000257,0.000105,0.000107,29,59,29,59,0.670455,0.670455
22,23969582,23971740,2159,2159,2158,2158,7,3,0.000667,0.000427,0.000320,0.000185,2,1,0.000618,0.000309,0.000618,0.000309,73,15,3,3,0.170455,0.500000
17,3082008,3221835,139828,139828,139827,139827,770,0,0.001098,inf,0.000857,inf,770,0,0.001098,inf,0.000857,inf,85,1,85,1,0.011628,0.011628
17,16823490,18384190,1560701,1560701,1560700,1560700,4938,377,0.000633,0.000242,0.000467,0.000242,4938,377,0.000633,0.000242,0.000467,0.000242,84,2,84,2,0.023256,0.023256
17,18622359,18823773,201415,201415,201414,201414,4,0,0.000004,0.000000,0.000001,0.000000,4,0,0.000004,0.000000,0.000001,0.000000,84,2,84,2,0.023256,0.023256
17,30621881,30625589,3709,3709,3708,3708,0,0,0.000000,0.000000,0.000000,0.000000,0,0,0.000000,0.000000,0.000000,0.000000,44,44,38,40,0.500000,0.512821
17,37415181,37415638,458,458,457,457,0,0,inf,inf,inf,inf,0,0,inf,inf,inf,inf,1,1,1,1,0.500000,0.500000
17,43232908,43321964,89057,89057,78637,78637,0,0,0.000000,0.000000,0.000000,0.000000,0,0,inf,0.000000,inf,0.000000,1,85,1,85,0.988372,0.988372
17,43263148,43322883,59736,59736,59735,59735,0,0,0.000000,0.000000,0.000000,0.000000,0,0,inf,0.000000,inf,0.000000,1,85,1,85,0.988372,0.988372
17,45585159,46292045,706887,706887,706886,706886,1610,246,0.000462,0.000123,0.000239,0.000129,1610,246,0.000462,0.000123,0.000239,0.000129,78,10,78,10,0.113636,0.113636
17,60035640,60110888,75249,75249,75248,75248,135,20,0.000362,0.000103,0.000243,0.000118,135,20,0.000362,0.000103,0.000243,0.000118,80,8,80,8,0.090909,0.090909
17,76181937,76182932,996,996,995,995,4,3,0.000813,0.001108,0.000445,0.000669,4,0,0.001024,inf,0.000634,inf,79,9,29,1,0.102273,0.033333
8,2343351,2378385,35035,35035,35034,35034,213,283,0.001405,0.001847,0.001073,0.001807,213,283,0.001405,0.001847,0.001073,0.001807,43,45,43,45,0.511364,0.511364
8,7301024,12598379,5297356,5297356,4348430,4348430,17977,19364,0.000780,0.000840,0.000655,0.000728,17974,19361,0.000950,0.001024,0.000797,0.000887,44,44,44,44,0.500000,0.500000
8,12369152,12394133,24982,24982,24981,24981,0,0,0.000000,0.000000,0.000000,0.000000,0,0,0.000000,0.000000,0.000000,0.000000,38,14,37,13,0.269231,0.260000
8,85728658,85741892,13235,13235,0,0,0,0,0.000000,0.000000,0.000000,0.000000,0,0,inf,inf,inf,inf,28,54,3,5,0.658537,0.625000
8,85769984,85821716,51733,51733,0,0,0,0,0.000000,0.000000,0.000000,0.000000,0,0,inf,inf,inf,inf,57,17,2,2,0.229730,0.500000
8,102423403,102423638,236,236,235,235,0,0,0.000000,0.000000,0.000000,0.000000,0,0,0.000000,0.000000,0.000000,0.000000,61,27,16,26,0.306818,0.619048
8,102880337,102881094,758,758,757,757,1,1,0.000264,0.000880,0.000374,0.000880,1,0,0.000406,inf,0.000327,inf,83,3,15,1,0.034884,0.062500
19,43365871,43369065,3195,3195,3194,3194,0,0,0.000000,0.000000,0.000000,0.000000,0,0,0.000000,inf,0.000000,inf,87,1,75,1,0.011364,0.013158
19,47959660,50091195,2131536,2131536,2131535,2131535,9038,1246,0.000844,0.000585,0.000687,0.000585,9037,1246,0.000844,0.000585,0.000687,0.000585,86,2,86,2,0.022727,0.022727
3,26316193,26317447,1255,1255,1254,1254,6,0,0.000954,0.000000,0.000597,0.000000,6,0,0.001015,inf,0.000580,inf,85,3,63,1,0.034091,0.015625
3,28417060,28417483,424,424,423,423,0,0,0.000000,0.000000,0.000000,0.000000,0,0,0.000000,0.000000,0.000000,0.000000,70,12,4,6,0.146341,0.600000
3,75454477,75455715,1239,1239,1238,1238,10,1,0.001617,0.000538,0.000611,0.000538,3,0,0.000717,inf,0.000701,inf,83,3,17,1,0.034884,0.055556
3,131969227,131977820,8594,8594,8593,8593,0,0,0.000000,0.000000,0.000000,0.000000,0,0,0.000000,0.000000,0.000000,0.000000,78,10,78,10,0.113636,0.113636
3,162827574,162829855,2282,2282,2281,2281,0,0,0.000000,0.000000,0.000000,0.000000,0,0,0.000000,0.000000,0.000000,0.000000,32,20,13,11,0.384615,0.458333
3,195680054,195724206,44153,44153,44152,44152,0,0,inf,inf,inf,inf,0,0,inf,inf,inf,inf,1,1,1,1,0.500000,0.500000
3,195692124,195956606,264483,264483,264482,264482,841,592,0.000670,0.000606,0.000574,0.000557,841,592,0.000670,0.000606,0.000574,0.000557,65,23,65,23,0.261364,0.261364
3,195749463,195980207,230745,230745,230744,230744,632,460,0.000577,0.000540,0.000492,0.000508,632,460,0.000577,0.000540,0.000492,0.000508,65,23,65,23,0.261364,0.261364
1,13104252,13122521,18270,18270,18269,18269,93,174,0.001321,0.002035,0.001634,0.001333,88,172,0.001305,0.002153,0.001620,0.001357,27,61,23,45,0.693182,0.661765
1,13190914,13324586,133673,133673,22836,22836,244,9,0.000369,0.000045,0.000124,0.000045,238,0,0.002132,inf,0.000713,inf,79,3,75,1,0.036585,0.013158
1,21203917,21204602,686,686,685,685,2,0,0.000596,0.000000,0.000435,0.000000,2,0,0.001074,inf,0.000649,inf,75,5,9,1,0.062500,0.100000
1,25324280,25369060,44781,44781,44780,44780,12,0,0.000053,inf,0.000040,inf,12,0,0.000053,inf,0.000040,inf,87,1,87,1,0.011364,0.011364
1,26641622,26646431,4810,4810,4809,4809,0,0,0.000000,0.000000,0.000000,0.000000,0,0,inf,0.000000,inf,0.000000,1,87,1,85,0.988636,0.988372
1,43593641,43594291,651,651,650,650,0,0,0.000000,0.000000,0.000000,0.000000,0,0,0.000000,0.000000,0.000000,0.000000,27,59,10,50,0.686047,0.833333
1,60776841,60778677,1837,1837,1836,1836,11,6,0.001206,0.001333,0.001035,0.000933,10,3,0.001164,0.001089,0.001091,0.001089,81,7,61,3,0.079545,0.046875
1,81650508,81707447,56940,56940,56939,56939,273,0,0.000952,inf,0.000614,inf,272,0,0.000948,inf,0.000613,inf,87,1,87,1,0.011364,0.011364
1,91666232,91667085,854,854,853,853,0,0,0.000000,0.000000,0.000000,0.000000,0,0,0.000000,0.000000,0.000000,0.000000,79,9,4,2,0.102273,0.333333
1,108310642,108383736,73095,73095,61482,61482,59,64,0.000195,0.000195,0.000175,0.000087,59,64,0.000231,0.000232,0.000209,0.000104,36,50,36,50,0.581395,0.581395
1,120299058,120600965,301908,301908,85317,85317,0,2,0.000000,0.000001,0.000000,0.000002,0,2,0.000000,0.000005,0.000000,0.000007,14,74,14,74,0.840909,0.840909
1,144376209,144600799,224591,224591,51489,51489,6,7,0.000007,0.000007,0.000004,0.000004,6,7,0.000029,0.000030,0.000015,0.000017,32,54,31,53,0.627907,0.630952
1,145160434,146154520,994087,994087,485529,485529,983,255,0.000197,0.000257,0.000126,0.000257,983,255,0.000403,0.000525,0.000259,0.000525,86,2,86,2,0.022727,0.022727
1,146298109,148672872,2374764,2374764,1220778,1220778,978,5970,0.000412,0.000500,0.000412,0.000368,978,5970,0.000801,0.000973,0.000801,0.000716,2,86,2,86,0.977273,0.977273
1,148893781,149265643,371863,371863,93189,93189,17,19,0.000012,0.000011,0.000010,0.000011,17,19,0.000049,0.000043,0.000038,0.000044,24,62,24,62,0.720930,0.720930
1,149843518,149850293,6776,6776,6775,6775,7,12,0.000253,0.000389,0.000205,0.000192,6,12,0.000222,0.000394,0.000193,0.000194,34,54,31,51,0.613636,0.621951
1,197787659,197788856,1198,1198,1197,1197,4,1,0.000678,0.000322,0.000345,0.000209,3,1,0.000557,0.000341,0.000345,0.000239,78,8,51,7,0.093023,0.120690
1,227499209,227502113,2905,2905,2904,2904,5,2,0.000353,0.000228,0.000065,0.000115,5,2,0.000355,0.000243,0.000066,0.000138,74,12,72,10,0.139535,0.121951
1,248128773,248428856,300084,300084,300083,300083,1598,0,0.001057,inf,0.001015,inf,1598,0,0.001057,inf,0.001015,inf,87,1,87,1,0.011364,0.011364
1,248518572,248529489,10918,10918,10917,10917,65,49,0.001594,0.000956,0.001070,0.000670,65,49,0.001594,0.000956,0.001070,0.000670,24,62,24,62,0.720930,0.720930
7,5989046,6735643,746598,746598,746597,746597,2914,1461,0.000790,0.000720,0.000610,0.000671,2913,1460,0.000790,0.000720,0.000610,0.000671,79,9,79,9,0.102273,0.102273
7,33990735,34010143,19409,19409,19408,19408,72,0,0.000736,inf,0.000356,inf,72,0,0.000736,inf,0.000356,inf,87,1,87,1,0.011364,0.011364
7,40839776,40840871,1096,1096,1095,1095,0,0,0.000000,0.000000,0.000000,0.000000,0,0,0.000000,0.000000,0.000000,0.000000,42,44,22,36,0.511628,0.620690
7,47614508,47615262,755,755,754,754,0,0,0.000000,0.000000,0.000000,0.000000,0,0,0.000000,0.000000,0.000000,0.000000,70,16,23,9,0.186047,0.281250
7,54234014,54308393,74380,74380,74379,74379,168,269,0.000557,0.000790,0.000540,0.000294,168,269,0.000557,0.000790,0.000540,0.000294,33,55,33,55,0.625000,0.625000
7,57641572,57838971,197400,197400,182316,182316,581,272,0.000599,0.000507,0.000426,0.000507,581,272,0.000648,0.000549,0.000461,0.000549,77,9,77,9,0.104651,0.104651
7,57835188,58119653,284466,284466,264986,264986,383,10,0.000268,0.000035,0.000115,0.000035,383,10,0.000288,0.000038,0.000124,0.000038,86,2,86,2,0.022727,0.022727
7,60898864,60908951,10088,10088,0,0,0,0,0.000000,0.000000,0.000000,0.000000,0,0,inf,inf,inf,inf,64,24,1,1,0.272727,0.500000
7,60911891,61578023,666133,666133,566084,566084,423,675,0.000148,0.000231,0.000087,0.000136,423,675,0.000174,0.000271,0.000103,0.000160,42,46,42,46,0.522727,0.522727
7,62290674,62363143,72470,72470,72469,72469,38,53,0.000119,0.000175,0.000052,0.000090,38,53,0.000119,0.000175,0.000052,0.000090,47,37,47,37,0.440476,0.440476
7,62408486,62456444,47959,47959,47958,47958,235,212,0.001182,0.000987,0.000663,0.000605,235,212,0.001182,0.000987,0.000663,0.000605,36,50,36,50,0.581395,0.581395
7,63356275,63388165,31891,31891,31890,31890,1,0,0.000007,0.000000,0.000004,0.000000,1,0,0.000007,0.000000,0.000004,0.000000,50,34,50,34,0.404762,0.404762
7,65219157,65531823,312667,312667,301808,301808,995,474,0.000687,0.000390,0.000669,0.000219,995,474,0.000712,0.000404,0.000693,0.000227,58,28,58,28,0.325581,0.325581
7,65572704,65581644,8941,8941,0,0,0,0,0.000000,0.000000,0.000000,0.000000,0,0,inf,inf,inf,inf,48,32,1,1,0.400000,0.500000
7,67019303,67020338,1036,1036,1035,1035,1,1,0.000195,0.000355,0.000316,0.000483,1,1,0.000238,0.000464,0.000296,0.000580,79,9,33,5,0.102273,0.131579
7,70961198,70973901,12704,12704,12703,12703,25,1,0.000489,0.000017,0.000606,0.000006,25,1,0.000489,0.000017,0.000606,0.000006,32,56,32,56,0.636364,0.636364
7,73113989,74799029,1685041,1685041,1450691,1450691,3096,693,0.000369,0.000224,0.000250,0.000224,3096,693,0.000429,0.000261,0.000290,0.000260,82,4,82,4,0.046512,0.046512
7,74869950,75058098,188149,188149,79037,79037,164,52,0.000177,0.000102,0.000115,0.000103,164,52,0.000422,0.000242,0.000273,0.000245,77,9,77,9,0.104651,0.104651
7,76603963,76620409,16447,16447,1932,1932,0,0,inf,inf,inf,inf,0,0,inf,inf,inf,inf,1,1,1,1,0.500000,0.500000
7,97445822,97459601,13780,13780,13779,13779,52,0,0.000751,0.000000,0.000556,0.000000,52,0,0.000751,0.000000,0.000556,0.000000,86,2,86,2,0.022727,0.022727
7,143716562,143750998,34437,34437,14215,14215,48,31,0.000301,0.000231,0.000206,0.000258,48,31,0.000729,0.000560,0.000498,0.000624,58,28,58,28,0.325581,0.325581
7,143779394,143798726,19333,19333,0,0,0,0,0.000000,0.000000,0.000000,0.000000,0,0,inf,inf,inf,inf,41,43,4,10,0.511905,0.714286
7,143808752,143818413,9662,9662,0,0,0,0,0.000000,0.000000,0.000000,0.000000,0,0,inf,inf,inf,inf,57,27,3,7,0.321429,0.700000
7,144254564,144256766,2203,2203,1627,1627,0,0,0.000000,0.000000,0.000000,0.000000,0,0,0.000000,0.000000,0.000000,0.000000,19,57,7,29,0.750000,0.805556
5,16978658,16979397,740,740,739,739,7,3,0.001915,0.001946,0.001046,0.001622,4,1,0.001792,0.001353,0.001087,0.001353,79,5,12,2,0.059524,0.142857
5,17580905,17592445,11541,11541,3537,3537,0,0,0.000000,0.000000,0.000000,0.000000,0,0,0.000000,0.000000,0.000000,0.000000,66,14,4,6,0.175000,0.600000
5,29069229,29069523,295,295,294,294,0,0,0.000000,0.000000,0.000000,0.000000,0,0,0.000000,0.000000,0.000000,0.000000,48,40,17,27,0.454545,0.613636
5,47061568,47082062,20495,20495,13480,13480,0,0,0.000000,0.000000,0.000000,0.000000,0,0,0.000000,0.000000,0.000000,0.000000,50,28,3,3,0.358974,0.500000
5,47105115,47151367,46253,46253,46152,46152,0,0,0.000000,0.000000,0.000000,0.000000,0,0,0.000000,0.000000,0.000000,0.000000,8,50,3,33,0.862069,0.916667
5,64470920,64477089,6170,6170,6169,6169,0,0,0.000000,0.000000,0.000000,0.000000,0,0,0.000000,0.000000,0.000000,0.000000,24,64,24,64,0.727273,0.727273
5,64470928,64475118,4191,4191,4190,4190,0,0,0.000000,0.000000,0.000000,0.000000,0,0,0.000000,0.000000,0.000000,0.000000,23,65,22,62,0.738636,0.738095
5,70527773,70533912,6140,6140,0,0,0,0,0.000000,0.000000,0.000000,0.000000,0,0,inf,inf,inf,inf,87,1,1,1,0.011364,0.500000
5,112179911,112236600,56690,56690,56689,56689,269,0,0.000942,inf,0.000714,inf,269,0,0.000942,inf,0.000714,inf,87,1,87,1,0.011364,0.011364
5,124425560,124546657,121098,121098,121097,121097,630,0,0.001033,inf,0.001014,inf,630,0,0.001033,inf,0.001014,inf,87,1,87,1,0.011364,0.011364
5,177946129,178003952,57824,57824,57823,57823,316,0,0.001085,inf,0.001052,inf,315,0,0.001081,inf,0.001049,inf,87,1,87,1,0.011364,0.011364
5,179643529,179651253,7725,7725,7724,7724,0,36,inf,0.000925,inf,0.000568,0,36,inf,0.000930,inf,0.000578,1,87,1,85,0.988636,0.988372
5,181098775,181100846,2072,2072,2071,2071,0,0,0.000000,0.000000,0.000000,0.000000,0,0,0.000000,0.000000,0.000000,0.000000,64,22,46,18,0.255814,0.281250
6,26736772,26739621,2850,2850,0,0,0,0,0.000000,0.000000,0.000000,0.000000,0,0,inf,inf,inf,inf,49,37,10,8,0.430233,0.444444
6,76109081,76158474,49394,49394,49393,49393,167,1,0.000674,0.000013,0.000373,0.000013,167,1,0.000674,0.000013,0.000373,0.000013,85,3,85,3,0.034091,0.034091
6,89213914,89214230,317,317,316,316,0,0,0.000000,0.000000,0.000000,0.000000,0,0,0.000000,0.000000,0.000000,0.000000,40,48,17,33,0.545455,0.660000
6,94031360,94031695,336,336,335,335,0,0,0.000000,0.000000,0.000000,0.000000,0,0,0.000000,0.000000,0.000000,0.000000,39,49,12,40,0.556818,0.769231
6,123106049,123109821,3773,3773,3772,3772,15,0,0.000793,0.000000,0.000388,0.000000,15,0,0.000801,0.000000,0.000370,0.000000,85,3,81,3,0.034091,0.035714
6,130527041,130531150,4110,4110,4109,4109,0,0,0.000000,0.000000,0.000000,0.000000,0,0,0.000000,0.000000,0.000000,0.000000,74,14,74,14,0.159091,0.159091
6,141866310,141898728,32419,32419,32418,32418,147,1,0.000907,0.000017,0.000623,0.000015,147,1,0.000907,0.000017,0.000623,0.000015,84,4,84,4,0.045455,0.045455
6,167209001,167357782,148782,148782,148781,148781,972,10,0.001303,0.000045,0.001309,0.000045,972,10,0.001303,0.000045,0.001309,0.000045,85,3,85,3,0.034091,0.034091
18,12145103,12146503,1401,1401,1400,1400,0,0,0.000000,0.000000,0.000000,0.000000,0,0,0.000000,0.000000,0.000000,0.000000,20,66,19,65,0.767442,0.773810
18,29783947,29784342,396,396,395,395,0,0,0.000000,0.000000,0.000000,0.000000,0,0,0.000000,0.000000,0.000000,0.000000,73,11,2,2,0.130952,0.500000
14,18862645,19659006,796362,796362,18718,18718,0,0,0.000000,0.000000,0.000000,0.000000,0,0,0.000000,0.000000,0.000000,0.000000,13,15,13,15,0.535714,0.535714
14,34547864,34555230,7367,7367,7366,7366,0,0,0.000000,0.000000,0.000000,0.000000,0,0,0.000000,0.000000,0.000000,0.000000,48,40,48,40,0.454545,0.454545
14,60606118,60611659,5542,5542,5541,5541,10,1,0.000372,0.000054,0.000168,0.000042,10,1,0.000372,0.000054,0.000168,0.000042,72,16,72,16,0.181818,0.181818
14,65375818,65376683,866,866,865,865,0,0,0.000000,0.000000,0.000000,0.000000,0,0,0.000000,0.000000,0.000000,0.000000,61,25,10,12,0.290698,0.545455
14,85872200,85889269,17070,17070,17069,17069,60,0,0.000698,inf,0.000477,inf,60,0,0.000698,inf,0.000477,inf,87,1,87,1,0.011364,0.011364
14,105573622,105577544,3923,3923,3922,3922,4,2,0.000214,0.000157,0.000059,0.000097,0,2,0.000000,0.000510,0.000000,0.000510,67,15,4,2,0.182927,0.333333
14,105693931,105698385,4455,4455,4454,4454,0,0,0.000000,0.000000,0.000000,0.000000,0,0,0.000000,0.000000,0.000000,0.000000,6,12,6,12,0.666667,0.666667
16,1245200,1247503,2304,2304,2303,2303,0,0,0.000000,0.000000,0.000000,0.000000,0,0,0.000000,0.000000,0.000000,0.000000,6,82,5,79,0.931818,0.940476
16,14907775,15028479,120705,120705,73689,73689,14,17,0.000027,0.000034,0.000017,0.000016,9,3,0.000039,0.000013,0.000032,0.000012,40,34,13,15,0.459459,0.535714
16,14954790,15100859,146070,146070,146069,146069,71,209,0.000139,0.000300,0.000067,0.000246,71,199,0.000139,0.000291,0.000067,0.000240,19,67,19,61,0.779070,0.762500
16,15384482,16276146,891665,891665,813927,813927,3485,0,0.000776,inf,0.000517,inf,3484,0,0.000850,inf,0.000567,inf,87,1,87,1,0.011364,0.011364
16,16721273,18073542,1352270,1352270,1310604,1310604,6496,2090,0.000967,0.000631,0.000760,0.000584,6493,2089,0.000998,0.000651,0.000784,0.000602,81,7,81,7,0.079545,0.079545
16,20506046,20521893,15848,15848,15847,15847,0,0,0.000000,0.000000,0.000000,0.000000,0,0,0.000000,0.000000,0.000000,0.000000,70,12,70,12,0.146341,0.146341
16,21583511,22432381,848871,848871,676269,676269,363,1580,0.000205,0.000373,0.000194,0.000191,363,1580,0.000258,0.000468,0.000243,0.000240,5,83,5,83,0.943182,0.943182
16,21864964,22432381,567418,567418,500146,500146,291,1155,0.000246,0.000408,0.000232,0.000208,291,1155,0.000279,0.000463,0.000263,0.000236,5,83,5,83,0.943182,0.943182
16,28471892,28637651,165760,165760,165759,165759,99,119,0.000130,0.000178,0.000076,0.000168,99,119,0.000130,0.000178,0.000076,0.000168,56,32,56,32,0.363636,0.363636
16,28709344,28776487,67144,67144,0,0,0,0,0.000000,0.000000,0.000000,0.000000,0,0,inf,inf,inf,inf,59,19,34,6,0.243590,0.150000
16,32364220,32528442,164223,164223,24237,24237,0,0,0.000000,0.000000,0.000000,0.000000,0,0,0.000000,0.000000,0.000000,0.000000,61,9,61,9,0.128571,0.128571
16,32755978,32879590,123613,123613,0,0,0,0,0.000000,0.000000,0.000000,0.000000,0,0,inf,inf,inf,inf,35,31,33,31,0.469697,0.484375
16,32991171,33102750,111580,111580,0,0,0,0,0.000000,0.000000,0.000000,0.000000,0,0,inf,inf,inf,inf,39,27,37,25,0.409091,0.403226
16,34577841,34580535,2695,2695,0,0,0,0,0.000000,0.000000,0.000000,0.000000,0,0,inf,inf,inf,inf,5,31,5,31,0.861111,0.861111
16,35946683,35952382,5700,5700,5699,5699,0,12,0.000000,0.000420,0.000000,0.000057,0,11,0.000000,0.000397,0.000000,0.000058,3,85,3,73,0.965909,0.960526
16,46383780,46384105,326,326,325,325,0,0,0.000000,0.000000,0.000000,0.000000,0,0,inf,inf,inf,inf,1,1,1,1,0.500000,0.500000
16,48616945,48617439,495,495,494,494,0,0,0.000000,0.000000,0.000000,0.000000,0,0,0.000000,0.000000,0.000000,0.000000,57,29,7,3,0.337209,0.300000
16,75206214,75222748,16535,16535,16534,16534,16,68,0.000304,0.000844,0.000188,0.000743,16,68,0.000304,0.000844,0.000188,0.000743,14,74,14,74,0.840909,0.840909
16,85155339,85156001,663,663,662,662,0,0,0.000000,0.000000,0.000000,0.000000,0,0,0.000000,0.000000,0.000000,0.000000,37,51,22,42,0.579545,0.656250
4,33098066,33104924,6859,6859,6858,6858,13,0,0.000378,0.000000,0.000160,0.000000,13,0,0.000378,0.000000,0.000160,0.000000,85,3,85,3,0.034091,0.034091
4,40233406,40235439,2034,2034,2033,2033,0,0,0.000000,0.000000,0.000000,0.000000,0,0,0.000000,0.000000,0.000000,0.000000,60,26,31,11,0.302326,0.261905
4,49284664,49291017,6354,6354,6353,6353,0,0,0.000000,0.000000,0.000000,0.000000,0,0,0.000000,0.000000,0.000000,0.000000,17,29,6,18,0.630435,0.750000
4,49291019,49325004,33986,33986,33985,33985,0,0,0.000000,0.000000,0.000000,0.000000,0,0,0.000000,0.000000,0.000000,0.000000,36,42,33,41,0.538462,0.554054
4,87926011,87937547,11537,11537,11536,11536,0,2,0.000000,0.000036,0.000000,0.000005,0,2,0.000000,0.000036,0.000000,0.000005,17,71,17,71,0.806818,0.806818
4,145693552,145694748,1197,1197,1196,1196,0,0,0.000000,0.000000,0.000000,0.000000,0,0,0.000000,0.000000,0.000000,0.000000,30,58,9,53,0.659091,0.854839
4,156905870,156912808,6939,6939,6938,6938,24,0,0.000687,inf,0.000146,inf,24,0,0.000687,inf,0.000146,inf,87,1,87,1,0.011364,0.011364
4,187950173,187954784,4612,4612,4611,4611,0,0,0.000000,0.000000,0.000000,0.000000,0,0,0.000000,0.000000,0.000000,0.000000,57,31,57,29,0.352273,0.337209
15,22701127,23213881,512755,512755,422587,422587,1748,0,0.000677,inf,0.000528,inf,1748,0,0.000821,inf,0.000641,inf,87,1,87,1,0.011364,0.011364
15,23295576,23318191,22616,22616,6333,6333,0,0,0.000000,0.000000,0.000000,0.000000,0,0,0.000000,0.000000,0.000000,0.000000,13,59,10,56,0.819444,0.848485
15,23345459,28389868,5044410,5044410,4970599,4970599,26202,0,0.001031,inf,0.000876,inf,26201,0,0.001046,inf,0.000889,inf,87,1,87,1,0.011364,0.011364
15,28298424,28623514,325091,325091,26875,26875,42,26,0.000070,0.000080,0.000066,0.000080,42,26,0.000852,0.000967,0.000800,0.000967,4,2,4,2,0.333333,0.333333
15,30436458,30529803,93346,93346,0,0,0,0,0.000000,0.000000,0.000000,0.000000,0,0,inf,inf,inf,inf,44,14,42,14,0.241379,0.250000
15,30618103,32153204,1535102,1535102,1535101,1535101,7233,1680,0.000956,0.000387,0.000712,0.000347,7232,1679,0.000956,0.000387,0.000712,0.000347,78,10,78,10,0.113636,0.113636
15,32477828,32571283,93456,93456,0,0,0,0,0.000000,0.000000,0.000000,0.000000,0,0,inf,inf,inf,inf,15,1,9,1,0.062500,0.100000
15,82330918,82357797,26880,26880,0,0,0,0,0.000000,0.000000,0.000000,0.000000,0,0,inf,inf,inf,inf,66,16,7,1,0.195122,0.125000
15,82360482,82515134,154653,154653,95207,95207,98,37,0.000129,0.000098,0.000107,0.000096,98,36,0.000211,0.000166,0.000175,0.000167,77,7,74,6,0.083333,0.075000
15,84373375,84416696,43322,43322,28113,28113,173,151,0.000945,0.000782,0.000942,0.000407,173,151,0.001456,0.001205,0.001451,0.000628,39,49,39,49,0.556818,0.556818
12,13392624,13397634,5011,5011,5010,5010,0,0,0.000000,0.000000,0.000000,0.000000,0,0,0.000000,0.000000,0.000000,0.000000,36,52,9,45,0.590909,0.833333
12,37705668,37737662,31995,31995,31994,31994,0,0,0.000000,0.000000,0.000000,0.000000,0,0,0.000000,0.000000,0.000000,0.000000,86,2,86,2,0.022727,0.022727
12,46896694,46915975,19282,19282,19281,19281,88,0,0.000915,0.000000,0.000656,0.000000,88,0,0.000915,0.000000,0.000656,0.000000,83,5,83,5,0.056818,0.056818
12,71546200,71547738,1539,1539,1538,1538,0,0,0.000000,0.000000,0.000000,0.000000,0,0,0.000000,0.000000,0.000000,0.000000,80,8,62,8,0.090909,0.114286
12,75713180,75731794,18615,18615,18614,18614,66,0,0.000704,inf,0.000585,inf,66,0,0.000704,inf,0.000585,inf,87,1,87,1,0.011364,0.011364
12,131312081,131644839,332759,332759,332758,332758,1739,165,0.001042,0.000331,0.001036,0.000331,1739,165,0.001042,0.000331,0.001036,0.000331,85,3,85,3,0.034091,0.034091
12,131333943,131623807,289865,289865,289864,289864,1589,149,0.001093,0.000343,0.001084,0.000343,1589,149,0.001093,0.000343,0.001084,0.000343,85,3,85,3,0.034091,0.034091
9,12004038,12074552,70515,70515,70514,70514,518,3,0.001469,0.000043,0.001020,0.000043,518,3,0.001469,0.000043,0.001020,0.000043,84,2,84,2,0.023256,0.023256
9,30952354,30956484,4131,4131,4130,4130,21,8,0.001011,0.001937,0.000892,0.001937,21,8,0.001021,0.001937,0.000902,0.001937,86,2,82,2,0.022727,0.023810
9,38773640,42796744,4023105,4023105,767077,767077,0,26,inf,0.000004,inf,0.000004,0,26,inf,0.000023,inf,0.000023,1,3,1,3,0.750000,0.750000
9,64028785,64068456,39672,39672,0,0,0,0,0.000000,0.000000,0.000000,0.000000,0,0,inf,inf,inf,inf,2,86,2,86,0.977273,0.977273
9,85797070,85801040,3971,3971,3970,3970,20,0,0.001000,inf,0.000682,inf,20,0,0.001005,inf,0.000689,inf,87,1,85,1,0.011364,0.011628
9,87942696,88110274,167579,167579,167578,167578,813,0,0.000963,inf,0.000783,inf,813,0,0.000963,inf,0.000783,inf,87,1,87,1,0.011364,0.011364
9,91958957,91959591,635,635,634,634,0,0,0.000000,0.000000,0.000000,0.000000,0,0,0.000000,0.000000,0.000000,0.000000,80,8,10,2,0.090909,0.166667
9,102565838,102570277,4440,4440,4439,4439,0,0,0.000000,0.000000,0.000000,0.000000,0,0,0.000000,0.000000,0.000000,0.000000,82,6,78,6,0.068182,0.071429
9,113111686,113112886,1201,1201,1200,1200,0,0,0.000000,0.000000,0.000000,0.000000,0,0,0.000000,0.000000,0.000000,0.000000,34,52,25,45,0.604651,0.642857
9,123979106,123991038,11933,11933,11932,11932,4,1,0.000078,0.000019,0.000038,0.000004,4,1,0.000078,0.000019,0.000038,0.000004,42,46,42,46,0.522727,0.522727
