chrom,start,end,inv_id,consensus,inv_AF,size_kbp,log_pi_ratio,log_pi_inv,log_pi_dir,hudson_fst,hudson_dxy,log_theta_ratio,log_seg_sites,inv_freq,n_hap0,n_hap1,matched,usable,recurrence_score,recurrence_call,low_confidence
chr1,13104252,13122521,chr1-13084312-INV-62181,1.0,0.31,18.27,-0.16827434106839548,-6.581333378214426,-6.41305903714603,0.110575,0.001701,0.47697485542323026,5.564520407322694,0.677419,20.0,42.0,True,True,0.9487247123422635,1,False
chr1,145160434,146154520,chr1-145160435-INV-994087,,0.98,994.087,0.7221347174331975,-7.55211229537265,-8.274247012805848,0.011222,0.000395,0.2496831065488218,7.122059881629142,0.02439,80.0,2.0,True,True,0.999996048530071,1,True
chr1,146298109,148672872,chr1-146298110-INV-2374764,,0.02,2374.764,-0.103835808175533,-7.233485419071448,-7.129649610895915,0.072024,0.000821,0.20880909236512246,8.846353043314327,0.97561,2.0,80.0,True,True,0.9999999989900328,1,True
chr1,248128773,248428856,chr1-248128774-INV-300084,0.0,0.01,300.084,,,-6.890898161915715,,,,7.377133712833954,0.012195,81.0,1.0,True,False,,,True
chr1,25324280,25369060,chr1-25338356-INV-24067,0.0,0.99,44.781,,,-10.126631103850338,,,,2.5649493574615367,0.012195,81.0,1.0,True,False,,,True
chr1,81650508,81707447,chr1-81642914-INV-66617,0.0,0.99,56.94,,,-7.393888290157756,,,,5.60947179518496,0.012195,81.0,1.0,True,False,,,True
chr10,15742803,15760427,chr10-15742645-INV-17942,0.0,0.01,17.625,,,-7.617031841471966,,,,4.290459441148391,0.012195,81.0,1.0,True,False,,,True
chr10,46983451,47468232,chr10-46983452-INV-484782,1.0,0.09,484.782,0.14701474296180955,-7.577185932924766,-7.724200675886576,-0.014432,0.00047,-0.08301321696582978,7.585788821732034,0.085366,75.0,7.0,True,True,0.9999978955091,1,False
chr10,79542901,80217413,chr10-79542902-INV-674513,0.0,0.97,674.513,-3.883940036685321,-11.250561200502737,-7.366621163817417,0.641219,0.000899,-4.078840375686135,7.802209316247118,0.0375,77.0,3.0,True,True,0.9971696495870446,1,True
chr11,18249084,18265819,chr11-18246600-INV-21672,0.0,0.99,16.736,,,-6.799798137477045,,,,4.5217885770490405,0.012195,81.0,1.0,True,False,,,True
chr11,50154999,50324102,chr11-50136371-INV-206505,1.0,0.4,169.104,-0.0016877641137198521,-7.432003923080268,-7.430316158966549,0.252091,0.000792,-0.31121256986197493,6.880384082186005,0.378049,51.0,31.0,True,True,0.9987643091442084,1,False
chr12,131312081,131644839,chr12-131312082-INV-332759,0.0,0.03,332.759,-1.1410040474423653,-8.01339218258721,-6.8723881351448455,0.34813,0.001048,-1.1620172370411816,7.552237287560802,0.036585,79.0,3.0,True,True,0.9996876693394593,1,True
chr12,131333943,131623807,chr12-131333944-INV-289865,,0.03,289.865,-1.15160481880862,-7.977780110798334,-6.826175291989714,0.344133,0.001088,-1.1743848471404401,7.461065514354283,0.036585,79.0,3.0,True,True,0.9994704859871446,1,True
chr12,46896694,46915975,chr12-46897663-INV-16289,0.0,0.06,19.282,-8.778017809698136,-16.11809565095832,-7.340077841260184,0.519842,0.000676,-9.136693831807884,4.48863636973214,0.060976,77.0,5.0,True,True,2.9905897682061287e-09,0,False
chr12,75713180,75731794,chr12-75713181-INV-18615,0.0,0.01,18.615,,,-7.443898710732418,,,,4.204692619390966,0.012195,81.0,1.0,True,False,,,True
chr13,52344010,52502256,chr13-52344011-INV-158247,,0.03,158.247,0.9155887311433252,-7.247432646552299,-8.163021377695623,-0.018783,0.000489,-0.09121600827166168,6.659293919683638,0.036585,79.0,3.0,True,True,0.9998140469997417,1,True
chr13,53902573,54093373,chr13-53902574-INV-190801,0.0,0.01,190.801,,,-7.296363270023878,,,,6.761572768804055,0.012195,81.0,1.0,True,False,,,True
chr13,64598737,64616218,chr13-64598738-INV-17482,0.0,0.01,17.482,,,-7.096497403579014,,,,4.465908118654584,0.012195,81.0,1.0,True,False,,,True
chr13,79823210,79839670,chr13-79822252-INV-17591,,0.07,16.461,-0.4502716209249038,-7.540748536722336,-7.0904769157974314,0.072081,0.000735,-0.14400269249181807,4.477336814478207,0.073171,76.0,6.0,True,True,0.0005644418562483216,0,False
chr14,85872200,85889269,chr14-85872201-INV-17070,0.0,0.01,17.07,,,-7.633425651247642,,,,4.110873864173311,0.012195,81.0,1.0,True,False,,,True
chr15,22701127,23213881,chr15-22701128-INV-512754,,0.99,512.755,,,-7.357172274619484,,,,7.466799475018602,0.012195,81.0,1.0,True,False,,,True
chr15,30618103,32153204,chr15-30618104-INV-1535102,1.0,0.11,1535.102,-0.7201566404674369,-7.966185778017415,-7.246029137549979,0.283881,0.00074,-0.9209311114306573,9.095153962167066,0.121951,72.0,10.0,True,True,0.9999999849749428,1,False
chr15,84373375,84416696,chr15-84373376-INV-43322,1.0,0.4399999999999999,43.322,-0.7851660792801974,-7.31722840848784,-6.532062329207643,0.257759,0.001428,-0.1707842723890901,5.783825182329737,0.536585,38.0,44.0,True,True,0.746672164751673,1,False
chr16,15384482,16276146,chr16-15384483-INV-891665,0.0,0.01,891.665,,,-7.475151254236522,,,,8.156223323194624,0.012195,81.0,1.0,True,False,,,True
chr16,16721273,18073542,chr16-16721274-INV-1352270,1.0,0.08,1352.27,-0.26924064454905805,-7.415253112655453,-7.146012468106395,0.119093,0.000789,-0.4421618620401141,9.05742226555147,0.085366,75.0,7.0,True,True,0.9999999965064876,1,False
chr16,21583511,22432381,chr16-21583512-INV-848871,,0.94,848.871,-0.012422519998557096,-8.334871634622283,-8.322449114623726,0.040669,0.000252,0.6103552191130239,7.572502985020384,0.939024,5.0,77.0,True,True,0.9999999634726404,1,False
chr16,21864964,22432381,chr16-21864965-INV-567418,,0.94,567.418,-0.09151510883577321,-8.334871634622283,-8.24335652578651,0.003305,0.000252,0.5215209128827386,7.277247726631484,0.939024,5.0,77.0,True,True,0.999999728121086,1,False
chr16,28471892,28637651,chr16-28471894-INV-165758,1.0,0.36,165.76,0.7991653746367423,-8.685611843041201,-9.484777217677943,0.319455,0.00018,0.31569510867945483,5.389071729816501,0.365854,52.0,30.0,True,True,0.9918134484318677,1,False
chr16,75206214,75222748,chr16-75204855-INV-19244,0.0,0.16,16.535,1.3497296920247255,-7.2293389031096,-8.579068595134325,0.141547,0.000532,1.0387412205780335,4.442651256490317,0.829268,14.0,68.0,True,True,0.2829715673461515,0,False
chr17,45585159,46292045,chr17-45585160-INV-706887,0.0,0.11,706.887,-0.6124582693098026,-8.955698153602603,-8.3432398842928,0.933071,0.002744,-1.3405483393316866,7.526717561352706,0.121951,72.0,10.0,True,True,0.9999999991513484,1,False
chr17,60035640,60110888,chr17-60019740-INV-107140,,0.09,75.249,-0.6542653930157378,-9.04482593349861,-8.390560540482872,0.19333,0.000214,-1.2733539499392952,5.049856007249537,0.097561,74.0,8.0,True,True,0.019399283978270402,0,False
chr19,47959660,50091195,chr19-47959661-INV-2131536,,0.02,2131.536,-0.1548830123389335,-7.443898710732418,-7.289015698393484,-0.046729,0.000605,-0.3794896217049037,9.237760967552175,0.02439,80.0,2.0,True,True,0.9999999995654312,1,True
chr2,108527821,109733036,chr2-108527822-INV-1205216,,0.02,1205.216,0.24308723228154516,-7.251655031432146,-7.494742263713692,0.032174,0.000653,-0.09927716945867558,8.617762246337932,0.02439,80.0,2.0,True,True,0.9999999915862002,1,True
chr2,130138212,131200602,chr2-130138213-INV-1062391,0.0,0.02,1062.391,-0.09400262381341672,-7.627246434881684,-7.533243811068267,0.041933,0.000533,-0.486297268731836,8.09559870137819,0.02439,80.0,2.0,True,True,0.9999993906465408,1,True
chr2,130138212,131530534,chr2-130138213-INV-1392323,0.0,0.02,1392.323,-0.09400262381341672,-7.627246434881684,-7.533243811068267,0.041933,0.000533,-0.486297268731836,8.09559870137819,0.02439,80.0,2.0,True,True,0.9999993906465408,1,True
chr2,45065588,45081777,chr2-45062769-INV-12977,0.0,0.97,16.19,-1.7346010553881064,-8.709565084063694,-6.974964028675587,0.614626,0.001427,-2.0741244004022157,4.700480365792417,0.036585,79.0,3.0,True,True,4.7547983292414e-05,0,True
chr2,87995841,88180536,chr2-87995842-INV-184695,0.0,0.99,184.696,,,-7.546414274258012,,,,6.455198563340122,0.012195,81.0,1.0,True,False,,,True
chr2,91832040,92012663,chr2-91832041-INV-180624,1.0,0.41,180.624,0.0673036818961066,-8.685611843041201,-8.752915524937308,0.029725,0.000169,-0.40734657620786996,6.490723534502507,0.414634,48.0,34.0,True,True,0.9999056186678856,1,False
chr2,95496989,95579796,chr2-95496991-INV-82806,,0.19,82.808,0.09763846956391586,-8.955698153602603,-9.053336623166517,-0.002117,0.000123,-0.3934889170614486,4.983606621708336,0.207317,65.0,17.0,True,True,0.8384407262003757,1,False
chr2,95800191,96024403,chr2-95800192-INV-224213,1.0,0.08,224.213,0.16430305129127634,-9.220390707829685,-9.38469375912096,0.018162,9.3e-05,-0.5151640253645889,5.365976015021851,0.060976,77.0,5.0,True,True,0.992781479479365,1,False
chr20,25846148,26009643,chr20-25846149-INV-163496,,0.83,163.496,-1.477463748258184,-8.709565084063694,-7.23210133580551,0.309036,0.000642,-0.8545508386922192,6.612041034833092,0.182927,67.0,15.0,True,True,0.9733367310309824,1,False
chr20,47841016,47888238,chr20-47827034-INV-77611,0.0,0.01,47.223,,,-7.096497403579014,,,,5.662960480135946,0.012195,81.0,1.0,True,False,,,True
chr21,13987773,14056796,chr21-13992018-INV-65632,0.0,0.03,69.024,-2.100764311148657,-10.4482147279778,-8.347450416829142,0.534971,0.000286,-2.6065137818827875,4.927253685157205,0.036585,79.0,3.0,True,True,0.00020640450457645154,0,True
chr21,19877734,20070170,chr21-19877735-INV-192437,0.0,0.01,192.437,,,-7.01980478279076,,,,6.9363427358340495,0.012195,81.0,1.0,True,False,,,True
chr21,43821742,43835116,chr21-43821743-INV-13374,0.0,0.01,13.375,,,-6.324422964429399,,,,4.836281906951478,0.012195,81.0,1.0,True,False,,,True
chr22,21443089,21491761,chr22-21442678-INV-15944,,0.67,48.673,-0.02817087696669622,-9.161550207806751,-9.133379330840054,0.052346,0.000113,0.9433716904768259,3.2188758248682006,0.658537,28.0,54.0,True,True,0.0067147996337212044,0,False
chr3,195692124,195956606,chr3-195680867-INV-272256,,0.26,264.483,-0.028121360985403347,-7.485789652441578,-7.457668291456175,0.280709,0.000791,-0.10552416838710091,7.2633296174768365,0.268293,60.0,22.0,True,True,0.9999233097640113,1,False
chr3,195749463,195980207,chr3-195749464-INV-230745,1.0,0.26,230.745,0.03774032798284711,-7.575234712793504,-7.612975040776352,0.282758,0.000701,-0.0705760174061153,6.996681488176539,0.268293,60.0,22.0,True,True,0.9996927947722952,1,False
chr4,87926011,87937547,chr4-87925789-INV-11799,,0.1899999999999999,11.537,3.9120230054281464,-12.206072645530174,-16.11809565095832,0.0,3e-06,5.91350300563827,1.0986122886681096,0.792683,17.0,65.0,True,True,0.9999999999991644,1,False
chr5,112179911,112236600,chr5-112179912-INV-56689,0.0,0.01,56.69,,,-7.23904098891605,,,,5.598421958998375,0.012195,81.0,1.0,True,False,,,True
chr5,124425560,124546657,chr5-124425561-INV-121098,0.0,0.01,121.098,,,-6.905757276319464,,,,6.447305862541213,0.012195,81.0,1.0,True,False,,,True
chr5,177946129,178003952,chr5-177946130-INV-57824,0.0,0.99,57.824,,,-6.86469578952169,,,,5.755742213586912,0.012195,81.0,1.0,True,False,,,True
chr6,141866310,141898728,chr6-141867315-INV-29159,0.0,0.05,32.419,-3.7281001672672174,-11.107460356862065,-7.379360189594847,0.721864,0.001149,-3.9911603259868698,5.003946305945459,0.04878,78.0,4.0,True,True,3.7920982268027546e-05,0,False
chr6,167209001,167357782,chr6-167181003-INV-209976,0.0,0.03,148.782,-2.967731957733879,-9.610817938573309,-6.643085980839429,0.694066,0.002239,-2.979936533326349,6.890609120147166,0.02439,80.0,2.0,True,True,0.9975217462925768,1,True
chr6,76109081,76158474,chr6-76111919-INV-44661,0.0,0.03,49.394,-3.3619766685088743,-11.250561200502737,-7.888584531993863,0.802327,0.000982,-3.963008560161014,5.1298987149230735,0.036585,79.0,3.0,True,True,0.00012584615049704269,0,True
chr7,143716562,143750998,chr7-143716563-INV-34437,,0.6699999999999999,34.437,0.24302492186803878,-7.361885559071583,-7.604910480939621,0.347231,0.000867,-0.2734469566299089,4.382026634673881,0.3375,53.0,27.0,True,True,0.00026395962783913064,0,False
chr7,33990735,34010143,chr7-33990522-INV-19762,0.0,0.99,19.409,,,-7.932188169475995,,,,4.290459441148391,0.012195,81.0,1.0,True,False,,,True
chr7,54234014,54308393,chr7-54220528-INV-101153,0.0,0.38,74.38,-0.48500492414424806,-8.091925456011893,-7.606920531867646,0.367324,0.000635,0.33897536683933155,6.082218910376446,0.634146,30.0,52.0,True,True,0.9738540533732987,1,False
chr7,57641572,57838971,chr7-57641573-INV-197400,,0.9,197.4,0.1900012434681828,-7.507412116454743,-7.697413359922926,0.048122,0.000527,-0.1826250929929765,6.74993119378857,0.1125,71.0,9.0,True,True,0.9993355453585427,1,False
chr7,57835188,58119653,chr7-57835189-INV-284465,0.0,0.02,284.466,,,-8.987196820661973,,,,5.950642552587727,0.012195,81.0,1.0,True,False,,,True
chr7,5989046,6735643,chr7-5989047-INV-746598,1.0,0.9,746.598,0.0920368544593558,-7.3067414209925925,-7.3987782754519476,0.04098,0.000668,-0.10910350193666064,8.383433201236713,0.109756,73.0,9.0,True,True,0.9999999565037022,1,False
chr7,60911891,61578023,chr7-60911892-INV-666133,1.0,0.52,666.133,0.47862968396550293,-8.721760357157512,-9.200390041123015,0.061418,0.000141,0.45561489179363596,6.9975959829819265,0.512195,40.0,42.0,True,True,0.9999998966282979,1,False
chr7,65219157,65531823,chr7-65219158-INV-312667,1.0,0.6699999999999999,312.667,-1.0648538087431552,-8.330713624473619,-7.2658598157304635,0.416719,0.000806,-0.5623858728092384,7.293017679772782,0.325,54.0,26.0,True,True,0.9997181382851281,1,False
chr7,70961198,70973901,chr7-70955928-INV-18020,0.0,0.64,12.704,-4.550361949493096,-12.02375108873622,-7.473389139243123,0.256512,0.000386,-3.3753766820404127,3.295836866004329,0.634146,30.0,52.0,True,True,2.794579476848446e-08,0,False
chr7,73113989,74799029,chr7-73113990-INV-1685041,1.0,0.05,1685.041,0.06944938827187164,-8.069307367424122,-8.138756755695992,0.041013,0.000316,-0.3268413435602516,8.236685322712457,0.0375,77.0,3.0,True,True,0.9999999693275601,1,True
chr7,74869950,75058098,chr7-74799031-INV-480422,1.0,0.9,188.149,-0.1433785828453472,-8.334871634622283,-8.191493051776936,0.002786,0.000259,-0.5147549019058802,5.375278407684165,0.1,72.0,8.0,True,True,0.5177118245021909,1,False
chr7,97445822,97459601,chr7-97445827-INV-13775,0.0,0.98,13.78,,,-7.50377574881136,,,,3.970291913552122,0.012195,81.0,1.0,True,False,,,True
chr8,2343351,2378385,chr8-2340295-INV-42058,1.0,0.49,35.035,0.513911765817859,-6.298533333359953,-6.812445099177812,0.066066,0.001573,0.2726998586566414,6.208590026096629,0.512195,40.0,42.0,True,True,0.9987692299649424,1,False
chr8,7301024,12598379,chr8-7301025-INV-5297356,1.0,0.5,5297.356,0.09004279100811967,-7.045868581111772,-7.1359113721198915,0.159087,0.000991,0.07290677080808773,10.512519159218469,0.5,41.0,41.0,True,True,0.9999999999999261,1,False
chr9,123979106,123991038,chr9-123976301-INV-18001,,0.48,11.933,-2.2512917986064953,-12.429216196844383,-10.177924398237888,0.097487,2.3e-05,-1.4250088733005808,1.791759469228055,0.52439,39.0,43.0,True,True,1.3461372756294864e-05,0,False
chr9,87942696,88110274,chr9-87942698-INV-167577,0.0,0.01,167.579,,,-7.1472823095468705,,,,6.70196036600254,0.012195,81.0,1.0,True,False,,,True
chrX,101602193,101611599,chrX-101597550-INV-18696,,0.41,9.407,0.31177962403084136,-9.09701168666918,-9.408791310700021,0.359334,0.000152,0.18113882454490507,2.4849066497880004,0.573171,25.0,25.0,True,True,1.8882550066038757e-06,0,False
chrX,103989434,104049428,chrX-103954976-INV-128112,1.0,0.37,59.995,0.19088268909598824,-8.095198781356862,-8.286081470452851,0.338745,0.000422,-0.0953101798043249,4.859812404361672,0.625,22.0,28.0,True,True,0.026148110785418704,0,False
chrX,120087101,120149199,chrX-120080219-INV-75364,,0.25,62.099,-0.2014820545330305,-7.99839939800107,-7.796917343468039,0.288412,0.000525,-0.4790330359651298,5.605802066295998,0.256098,35.0,15.0,True,True,0.2240710500633506,0,False
chrX,135165183,135207322,chrX-135116507-INV-139642,,0.4,42.14,0.7472144018302211,-8.386164929009833,-9.133379330840054,0.298563,0.000239,0.27477866761587305,4.454347296253507,0.390244,30.0,20.0,True,True,0.0911409115493635,0,False
chrX,135623647,135665679,chrX-135619381-INV-52316,,0.94,42.033,0.8055393675814523,-7.496542444217839,-8.302081811799292,-0.092686,0.000367,0.19209892963224956,4.795790545596741,0.060976,47.0,3.0,True,True,0.24875963105952992,0,True
chrX,141110160,141232877,chrX-141110161-INV-122718,,0.11,122.718,0.046149796090476945,-7.3493658337266545,-7.395515629817131,-0.00023,0.000628,-0.16191268516274754,6.396929655216146,0.121951,44.0,6.0,True,True,0.9925932859473344,1,False
chrX,149599490,149655967,chrX-149599491-INV-56477,1.0,0.92,56.478,-0.30166831442652076,-8.859683500363014,-8.558015185936492,-0.067703,0.000156,-1.0025976354285209,4.663439094112067,0.073171,48.0,2.0,True,True,0.03525181274506667,0,True
chrX,149681035,149722249,chrX-149654273-INV-94882,1.0,0.61,41.215,0.07680541122374504,-7.573287292509109,-7.650092703732854,0.136676,0.000573,-0.1434637541872077,5.214935757608986,0.609756,20.0,30.0,True,True,0.10199392212554394,0,False
chrX,149747302,149768782,chrX-149747303-INV-21480,,0.92,21.481,0.0,-9.965362956254216,-9.965362956254216,0.245346,6.2e-05,-0.10109611687136875,1.9459101490553132,0.073171,48.0,2.0,True,True,1.575352024442313e-06,0,True
chrX,153149748,153250226,chrX-153067814-INV-226118,1.0,0.6,100.479,-0.02483413203773838,-7.567467683455845,-7.542633551418106,0.008826,0.000528,-0.28197103465626666,5.958424693029782,0.597561,23.0,27.0,True,True,0.9153087842615905,1,False
chrX,154347246,154384867,chrX-154339398-INV-53354,1.0,0.56,37.622,1.550597412411167,-8.016417903503749,-9.567015315914915,0.402375,0.000334,0.55083095837969,4.330733340286331,0.448718,29.0,21.0,True,True,0.1672842219899175,0,False
chrX,154591327,154613096,chrX-154555919-INV-93915,1.0,0.5700000000000001,21.77,1.2721810543524696,-7.918356690327533,-9.190537744680004,0.146115,0.000273,0.6406291462764989,3.912023005428146,0.426829,33.0,17.0,True,True,0.02553139287160069,0,False
chrX,155386727,155453982,chrX-155366835-INV-100636,1.0,0.85,67.256,0.16047981487890584,-8.056608784086993,-8.2170885989659,-0.027019,0.000286,0.2958453830909418,4.836281906951478,0.158537,43.0,7.0,True,True,0.28687012907998344,0,False
chrX,51692963,51700363,chrX-51667498-INV-58316,,0.68,7.401,0.025576841789649557,-8.52724352726974,-8.552820369059388,0.000387,0.000196,1.1480371719956326,2.772588722239781,0.670732,15.0,35.0,True,True,7.422277193717211e-05,0,False
chrX,52077120,52176974,chrX-52040360-INV-173922,1.0,0.64,99.855,-0.28122349241236905,-7.2658598157304635,-6.984636323318095,-0.008618,0.000806,-0.046022032456432896,6.556778356158042,0.353659,29.0,21.0,True,True,0.997187433263143,1,False
chrX,71702806,71778386,chrX-71702807-INV-75580,,0.41,75.581,0.0,-16.11809565095832,-16.11809565095832,,,0.0,0.0,1.0,0.0,0.0,True,False,,,True
chrX,72997772,73077479,chrX-72996081-INV-91407,1.0,0.2,79.708,-0.12442757837505196,-7.824046010856292,-7.69961843248124,0.095182,0.000472,0.10260247847936756,5.602118820879701,0.195122,42.0,8.0,True,True,0.7287408464655584,1,False
chrX,76146153,76148949,chrX-76141867-INV-11379,,0.48,2.797,0.0,-16.11809565095832,-16.11809565095832,,0.0,0.0,0.0,0.555556,18.0,28.0,True,True,0.9995911915949348,1,False
chr1,21203917,21204602,chr1-21203898-INV-862,,0.94,0.685,,,-16.11809565095832,,,,0.0,0.166667,5.0,1.0,True,False,,,True
chr1,26641622,26646431,chr1-26639853-INV-8324,,0.01,4.809,,-16.11809565095832,,,,,0.0,0.9875,1.0,79.0,True,False,,,True
chr1,60776841,60778677,chr1-60775308-INV-5023,,0.08,1.836,0.022285044789434955,-6.822495435031314,-6.8447804798207486,-0.133488,0.00095,-0.08869346317261476,2.639057329615259,0.051724,55.0,3.0,True,True,2.4344645897968347e-08,0,True
chr1,91666232,91667085,chr1-91666258-INV-840,,0.9,0.853,0.0,-16.11809565095832,-16.11809565095832,,0.0,0.0,0.0,0.333333,4.0,2.0,True,True,0.9995377879764555,1,True
chr1,120299058,120600965,chr1-120299059-INV-301908,,0.84,301.907,4.248495242049359,-11.86960040890896,-16.11809565095832,0.466003,6e-06,3.9120230054281464,1.0986122886681096,0.829268,14.0,68.0,True,True,0.999999975243792,1,False
chr1,149843518,149850293,chr1-149842162-INV-9508,0.0,0.61,6.775,-0.025446665661164377,-8.547652398900945,-8.522205733239781,0.003249,0.000197,0.5596157879354225,2.9444389791664403,0.631579,28.0,48.0,True,True,3.6764670127106674e-05,0,False
chr1,197787659,197788856,chr1-197787661-INV-1197,,0.91,1.197,-0.43852597036905255,-8.3432398842928,-7.904713913923747,-0.059638,0.000287,-0.5084768264442352,1.6094379124341003,0.12963,47.0,7.0,True,True,9.066538736453887e-11,0,False
chr10,4983056,4984361,chr10-4961364-INV-47135,,0.08,1.305,-9.907479573805665,-16.11809565095832,-6.210616077152654,0.643413,0.002816,-9.805323303748896,2.4849066497880004,0.048387,59.0,3.0,True,True,1.7337768022280426e-11,0,True
chr10,37105149,37111121,chr10-37102555-INV-11157,,0.52,5.972,0.0,-16.11809565095832,-16.11809565095832,,0.0,0.0,0.0,0.475,42.0,38.0,True,True,0.9995725855525471,1,False
chr10,71066858,71067726,chr10-71065991-INV-2615,,0.95,0.868,,,-7.267291455201901,,,,1.6094379124341003,0.03125,31.0,1.0,True,False,,,True
chr10,73657969,73660146,chr10-73657970-INV-2177,,0.9,2.177,0.0,-16.11809565095832,-16.11809565095832,,0.0,0.0,0.0,0.130435,40.0,6.0,True,True,0.999482961270655,1,False
chr10,87308005,87425030,chr10-87308006-INV-117026,,0.02,117.025,0.0,-16.11809565095832,-16.11809565095832,,0.0,0.0,0.0,0.02439,80.0,2.0,True,True,0.9994517664363861,1,True
chr10,91443587,91446029,chr10-91440445-INV-8733,,0.15,2.442,0.0,-16.11809565095832,-16.11809565095832,,0.0,0.0,0.0,0.8375,13.0,67.0,True,True,0.9996501637673795,1,False
chr10,103205557,103205994,chr10-103197205-INV-9055,,0.06,0.437,-10.441441843690372,-16.11809565095832,-5.676653807267948,,,-10.528355892342779,1.3862943611198906,0.0,4.0,0.0,True,False,,,True
chr11,311836,317944,chr11-310146-INV-10302,,0.73,6.108,0.0,-16.11809565095832,-16.11809565095832,,0.0,0.0,0.0,0.707317,24.0,58.0,True,True,0.9996240726892951,1,False
chr11,738649,740185,chr11-738460-INV-2650,,0.03,1.536,,,-8.05031945517943,,,,1.6094379124341003,0.03125,31.0,1.0,True,False,,,True
chr11,48888300,48892127,chr11-48880392-INV-19590,,0.34,3.827,-0.3110554236370897,-8.818298284200159,-8.50724286056307,0.023501,0.000179,-0.7079622663450859,2.3978952727983707,0.358974,50.0,28.0,True,True,3.958184179943697e-08,0,False
chr11,71571819,71576724,chr11-71571191-INV-6980,0.0,0.03,4.905,0.3423763128121577,-6.60100614381313,-6.943382456625288,0.162806,0.001388,0.6038083694333847,3.367295829986474,0.036585,79.0,3.0,True,True,1.7376580237456784e-05,0,True
chr12,37705668,37737662,chr12-37705669-INV-31994,,0.02,31.994,0.0,-16.11809565095832,-16.11809565095832,,0.0,0.0,0.0,0.02439,80.0,2.0,True,True,0.9994517664363861,1,True
chr12,71546200,71547738,chr12-71546144-INV-1652,,0.09,1.538,0.0,-16.11809565095832,-16.11809565095832,,0.0,0.0,0.0,0.109375,57.0,7.0,True,True,0.9994769106247473,1,False
chr13,37315207,37317760,chr13-37314466-INV-4035,,0.11,2.553,0.0,-16.11809565095832,-16.11809565095832,,0.0,0.0,0.0,0.1125,71.0,9.0,True,True,0.9994778129049035,1,False
chr13,48199250,48206639,chr13-48199211-INV-7451,0.0,0.02,7.389,-0.33012636656831,-8.213391737084573,-7.883265370516264,0.162367,0.000387,-0.9302154713426486,3.332204510175204,0.025,78.0,2.0,True,True,1.8332488177374326e-07,0,True
chr14,34547864,34555230,chr14-34540582-INV-21874,,0.55,7.366,0.0,-16.11809565095832,-16.11809565095832,,0.0,0.0,0.0,0.463415,44.0,38.0,True,True,0.9995698410289855,1,False
chr14,60606118,60611659,chr14-60604531-INV-8718,0.0,0.18,5.541,-1.889397938791971,-10.557414019942792,-8.668016081150821,0.250866,0.000132,-1.8891939196134606,2.4849066497880004,0.170732,68.0,14.0,True,True,1.0700005953796983e-08,0,False
chr14,65375818,65376683,chr14-65375818-INV-880,,0.29,0.865,0.0,-16.11809565095832,-16.11809565095832,,0.0,0.0,0.0,0.55,9.0,11.0,True,True,0.9995899347308713,1,False
chr14,105693931,105698385,chr14-105692001-INV-7875,,0.3299999999999999,4.454,0.0,-16.11809565095832,-16.11809565095832,,0.0,0.0,0.0,0.666667,6.0,12.0,True,True,0.9996155337696446,1,False
chr15,23345459,28389868,chr15-23345460-INV-5044410,0.0,0.99,5044.409,,,-7.026538814972104,,,,10.173591022713616,0.012195,81.0,1.0,True,False,,,True
chr16,1245200,1247503,chr16-1226779-INV-28828,,0.0699999999999999,2.303,0.0,-16.11809565095832,-16.11809565095832,,0.0,0.0,0.0,0.948718,4.0,74.0,True,True,0.9996710150974814,1,False
chr16,35946683,35952382,chr16-35945424-INV-12423,0.0,0.97,5.699,6.4457198193855785,-9.672375831572742,-16.11809565095832,0.002525,3.1e-05,8.303999970955196,2.4849066497880004,0.957143,3.0,67.0,True,True,1.0,1,True
chr16,48616945,48617439,chr16-48616946-INV-494,,0.6599999999999999,0.494,0.0,-16.11809565095832,-16.11809565095832,,0.0,0.0,0.0,0.3,7.0,3.0,True,True,0.999529197140761,1,True
chr16,85155339,85156001,chr16-85155144-INV-1053,,0.42,0.662,0.0,-16.11809565095832,-16.11809565095832,,0.0,0.0,0.0,0.65,21.0,39.0,True,True,0.9996119769124423,1,False
chr17,30621881,30625589,chr17-30616357-INV-14733,,0.5,3.708,0.0,-16.11809565095832,-16.11809565095832,,0.0,0.0,0.0,0.5,36.0,36.0,True,True,0.9995784486386632,1,False
chr17,76181937,76182932,chr17-76181651-INV-1551,,0.1,0.995,,,-7.454208080391279,,,,1.6094379124341003,0.041667,23.0,1.0,True,False,,,True
chr18,12145103,12146503,chr18-12141485-INV-8631,,0.25,1.4,0.0,-16.11809565095832,-16.11809565095832,,0.0,0.0,0.0,0.769231,18.0,60.0,True,True,0.9996367154598619,1,False
chr19,43365871,43369065,chr19-43355096-INV-25294,,0.99,3.194,,,-16.11809565095832,,,,0.0,0.014286,69.0,1.0,True,False,,,True
chr2,87987171,111255403,chr2-87987172-INV-23268233,0.0,0.01,23268.232,,,-7.710717325549289,,,,11.015756167651723,0.012195,81.0,1.0,True,False,,,True
chr2,97168744,97170236,chr2-97168745-INV-1492,,0.08,1.492,,,-16.11809565095832,,,,0.0,0.055556,17.0,1.0,True,False,,,True
chr2,138247429,138251774,chr2-138246733-INV-5010,,0.27,4.345,6.745236349484363,-9.372859301473957,-16.11809565095832,0.224138,5.5e-05,6.214608098422191,0.6931471805599453,0.719512,23.0,59.0,True,True,0.9999999951831662,1,False
chr2,215962718,215963440,chr2-215962719-INV-722,,0.11,0.722,,,-8.600574800355288,,,,0.6931471805599453,0.0625,15.0,1.0,True,False,,,True
chr2,222149224,222149582,chr2-222147677-INV-3251,,0.01,0.358,,,,,,,0.0,0.5,1.0,1.0,True,False,,,True
chr20,10807797,10808434,chr20-10807400-INV-1454,,0.5900000000000001,0.637,0.0,-16.11809565095832,-16.11809565095832,,0.0,0.0,0.0,0.54,23.0,27.0,True,True,0.9995876628161294,1,False
chr20,24397726,24406144,chr20-24397727-INV-8419,0.0,0.01,8.418,,,-7.1013400280548025,,,,3.8712010109078907,0.012195,81.0,1.0,True,False,,,True
chr20,28495291,28508286,chr20-28495292-INV-12996,,0.87,12.995,,-16.11809565095832,,,,,0.0,0.95,1.0,19.0,True,False,,,True
chr21,26001836,26002391,chr21-26001839-INV-547,,0.1999999999999999,0.555,,-16.11809565095832,,,,,0.0,0.9,1.0,9.0,True,False,,,True
chr21,26648368,26649407,chr21-26648370-INV-1039,,0.57,1.039,0.0,-16.11809565095832,-16.11809565095832,,0.0,0.0,0.0,0.637931,21.0,37.0,True,True,0.9996093807855491,1,False
chr22,23969582,23971740,chr22-23968095-INV-5062,,0.17,2.158,-0.6931471805599453,-8.082169281066529,-7.389022100506583,0.0,0.000463,-0.6931471805599453,1.3862943611198906,0.5,3.0,3.0,True,True,2.8404127514357614e-12,0,True
chr3,26316193,26317447,chr3-26315757-INV-2108,,0.97,1.254,,,-7.473389139243123,,,,1.9459101490553132,0.017241,57.0,1.0,True,False,,,True
chr3,75454477,75455715,chr3-75454478-INV-1238,0.0,0.03,1.238,,,-7.289015698393484,,,,1.3862943611198906,0.071429,13.0,1.0,True,False,,,True
chr3,131969227,131977820,chr3-131969892-INV-7927,,0.11,8.593,0.0,-16.11809565095832,-16.11809565095832,,0.0,0.0,0.0,0.109756,73.0,9.0,True,True,0.9994770207140982,1,False
chr4,33098066,33104924,chr4-33098029-INV-7075,0.0,0.03,6.858,-7.396335293800808,-16.11809565095832,-8.721760357157512,0.651928,0.000234,-8.253227645581772,2.639057329615259,0.036585,79.0,3.0,True,True,1.3280534526751784e-12,0,True
chr4,145693552,145694748,chr4-145693640-INV-908,,0.66,1.196,0.0,-16.11809565095832,-16.11809565095832,,0.0,0.0,0.0,0.854839,9.0,53.0,True,True,0.999653499384738,1,False
chr5,16978658,16979397,chr5-16979045-INV-519,,0.94,0.739,1.0993527551958333,-6.6069102200040755,-7.706262975199909,-0.333333,0.000676,0.8250937030761932,1.0986122886681096,0.25,6.0,2.0,True,True,4.822523764224349e-10,0,True
chr5,46896906,46915828,chr5-46896907-INV-18922,,0.77,18.922,0.0,-16.11809565095832,-16.11809565095832,,,0.0,0.0,1.0,0.0,22.0,True,False,,,True
chr5,64470920,64477089,chr5-64466170-INV-15635,,0.27,6.169,0.0,-16.11809565095832,-16.11809565095832,,0.0,0.0,0.0,0.731707,22.0,60.0,True,True,0.999629104772362,1,False
chr5,64470928,64475118,chr5-64470929-INV-4190,,0.26,4.19,0.0,-16.11809565095832,-16.11809565095832,,0.0,0.0,0.0,0.74359,20.0,58.0,True,True,0.9996315319924889,1,False
chr5,179643529,179651253,chr5-179633880-INV-24659,0.0,0.99,7.724,,-7.475151254236522,,,,,3.6109179126442243,0.9875,1.0,79.0,True,False,,,True
chr6,26736772,26739621,chr6-26736773-INV-2849,,0.5700000000000001,2.849,,,,,,,,,0.0,0.0,False,False,,,True
chr6,89213914,89214230,chr6-89213913-INV-300,,0.55,0.316,0.0,-16.11809565095832,-16.11809565095832,,0.0,0.0,0.0,0.66,17.0,33.0,True,True,0.999614114911954,1,False
chr6,123106049,123109821,chr6-123106042-INV-3793,0.0,0.03,3.772,-8.194229304819817,-16.11809565095832,-7.923866346138503,0.116496,0.000205,-9.003316202541857,2.772588722239781,0.038462,75.0,3.0,True,True,1.8020734002079816e-12,0,True
chr6,130527041,130531150,chr6-130527042-INV-4267,,0.16,4.109,0.0,-16.11809565095832,-16.11809565095832,,0.0,0.0,0.0,0.146341,70.0,12.0,True,True,0.9994874847337049,1,False
chr7,40839776,40840871,chr7-40839738-INV-1134,,0.51,1.095,0.0,-16.11809565095832,-16.11809565095832,,0.0,0.0,0.0,0.62963,20.0,34.0,True,True,0.9996075851110334,1,False
chr7,47614508,47615262,chr7-47614229-INV-1139,,0.81,0.754,0.0,-16.11809565095832,-16.11809565095832,,0.0,0.0,0.0,0.269231,19.0,7.0,True,True,0.9995211255323229,1,False
chr7,60898864,60908951,chr7-60898865-INV-10087,,0.27,10.087,,,,,,,,,0.0,0.0,False,False,,,True
chr7,63356275,63388165,chr7-63356276-INV-31891,,0.6,31.89,-3.6888794541139363,-16.11809565095832,-12.429216196844383,0.044444,2e-06,-4.248495242049359,0.6931471805599453,0.410256,46.0,32.0,True,True,4.554971885238293e-05,0,False
chr7,67019303,67020338,chr7-67019304-INV-851,,0.1,1.035,0.647569672063626,-7.454208080391279,-8.101777752454906,-0.04498,0.000422,0.6162661362239875,1.0986122886681096,0.15625,27.0,5.0,True,True,7.912592291148068e-11,0,False
chr7,143808752,143818413,chr7-143808753-INV-9661,,0.6799999999999999,9.661,,,,,,,,,0.0,0.0,False,False,,,True
chr8,102423403,102423638,chr8-102423262-INV-520,,0.31,0.235,0.0,-16.11809565095832,-16.11809565095832,,0.0,0.0,0.0,0.619048,16.0,26.0,True,True,0.9996052840409159,1,False
chr8,102880337,102881094,chr8-102880338-INV-757,,0.03,0.757,,,-7.747084969720164,,,,0.6931471805599453,0.083333,11.0,1.0,True,False,,,True
chr9,30952354,30956484,chr9-30951702-INV-5595,,0.98,4.13,,,-7.002065958453378,,,,3.091042453358316,0.012821,77.0,1.0,True,False,,,True
chr9,64028785,64068456,chr9-64028786-INV-39671,,0.98,39.671,,,,,,,,,0.0,0.0,False,False,,,True
chr9,85797070,85801040,chr9-85796067-INV-6026,0.0,0.99,3.97,,,-7.308232845579262,,,,3.044522437723423,0.0125,79.0,1.0,True,False,,,True
chr9,91958957,91959591,chr9-91958952-INV-763,,0.91,0.634,0.0,-16.11809565095832,-16.11809565095832,,0.0,0.0,0.0,0.2,8.0,2.0,True,True,0.999502454881747,1,True
chr9,102565838,102570277,chr9-102565835-INV-4446,,0.07,4.439,0.0,-16.11809565095832,-16.11809565095832,,0.0,0.0,0.0,0.076923,72.0,6.0,True,True,0.9994674481606409,1,False
chr9,113111686,113112886,chr9-113105213-INV-14149,,0.6,1.2,0.0,-16.11809565095832,-16.11809565095832,,0.0,0.0,0.0,0.640625,23.0,41.0,True,True,0.9996099617851227,1,False
chrX,6219005,6220343,chrX-6219014-INV-1337,,0.49,1.338,0.0,-16.11809565095832,-16.11809565095832,,0.0,0.0,0.0,0.675,13.0,15.0,True,True,0.9996172998518402,1,False
chrX,14711416,14713197,chrX-14711418-INV-1780,,0.03,1.781,,,-7.199445372831457,,,,1.3862943611198906,0.017857,37.0,1.0,True,False,,,True
chrX,45689038,45691227,chrX-45687777-INV-4877,,0.02,2.189,-8.712759974960212,-16.11809565095832,-7.405335675998107,0.285876,0.000425,-8.565983355585669,1.791759469228055,0.028571,44.0,2.0,True,True,2.0805177618317064e-15,0,True
chrX,52502274,52510614,chrX-52492352-INV-19975,,0.78,8.34,0.0,-16.11809565095832,-16.11809565095832,,0.0,0.0,0.0,0.792683,13.0,37.0,True,True,0.9996413925592552,1,False
chrX,55480141,55493063,chrX-55480174-INV-12894,,0.44,12.922,0.0,-16.11809565095832,-16.11809565095832,,0.0,0.0,0.0,0.45122,29.0,21.0,True,True,0.9995669329610458,1,False
chrX,102338170,102348934,chrX-102317111-INV-52896,,0.4399999999999999,10.764,0.0,-16.11809565095832,-16.11809565095832,,0.0,0.0,0.0,0.560976,24.0,26.0,True,True,0.9995924139828087,1,False
chrX,135765135,135776630,chrX-135718085-INV-149049,,0.9,11.495,,-16.11809565095832,,,,,0.0,0.9,1.0,3.0,True,False,,,True
chrX,153074418,153075612,chrX-153066070-INV-17879,,0.51,1.194,0.0,-16.11809565095832,-16.11809565095832,,0.0,0.0,0.0,0.553571,17.0,17.0,True,True,0.9995907429960641,1,False
chrY,6452942,9763793,chrY-6452943-INV-3310852,,0.1,3310.852,,,,,,,,,0.0,0.0,False,False,,,True
chrY,9797298,9817138,chrY-9797299-INV-19841,,0.5700000000000001,19.841,,,,,,,,,0.0,0.0,False,False,,,True
chrY,14019657,14023071,chrY-14014802-INV-12509,,0.67,3.415,,,,,,,,,0.0,0.0,False,False,,,True
chrY,16269646,16315779,chrY-16256794-INV-67832,,0.63,46.134,,,,,,,,,0.0,0.0,False,False,,,True
chrY,17949447,17956300,chrY-17949448-INV-6854,,0.7,6.854,,,,,,,,,0.0,0.0,False,False,,,True
chrY,18640355,18667145,chrY-18632163-INV-54113,,0.13,26.791,,,,,,,,,0.0,0.0,False,False,,,True
chrY,21021692,21063744,chrY-21013458-INV-38445,,0.6,42.053,,,,,,,,,0.0,0.0,False,False,,,True
chrY,22204071,22384088,chrY-22204072-INV-180018,,0.83,180.018,,,,,,,,,0.0,0.0,False,False,,,True
chr1,13190914,13324586,chr1-13190915-INV-133672,,0.03,133.672,-8.902455592206882,-16.11809565095832,-7.215640058751437,,,-9.956080002655298,5.4510384535657,0.0,70.0,0.0,True,False,,,True
chr1,43593641,43594291,chr1-43593626-INV-710,,0.69,0.65,0.0,-16.11809565095832,-16.11809565095832,,0.0,0.0,0.0,0.821429,10.0,46.0,True,True,0.9996470434262504,1,False
chr1,108310642,108383736,chr1-108311808-INV-57118,1.0,0.43,73.094,-0.5730028687178819,-9.152071463852208,-8.579068595134325,0.07453,0.000159,0.008474626990972236,4.820281565605037,0.575,34.0,46.0,True,True,0.52580687896125,1,False
chr1,144376209,144600799,chr1-144376210-INV-224591,0.0,0.39,224.59,0.11778303565638346,-10.92513880006811,-11.042921835724492,-0.015099,1.7e-05,0.0,2.639057329615259,0.628205,29.0,49.0,True,True,0.3418419007731116,0,False
chr1,148893781,149265643,chr1-148893782-INV-371863,,0.3,371.862,0.024097551579060524,-10.077840939680906,-10.101938491259967,-0.024165,4.1e-05,-0.14763599880606468,3.6109179126442243,0.7375,21.0,59.0,True,True,0.4992892355196183,1,False
chr1,227499209,227502113,chr1-227492704-INV-15726,,0.14,2.904,0.7677580443511199,-8.785072636571838,-9.552830680922959,-0.017899,0.00011,-0.35271454272263536,2.0794415416798357,0.118421,67.0,9.0,True,True,5.964202728218469e-07,0,False
chr1,248518572,248529489,chr1-248517894-INV-12881,,0.3,10.917,-0.38200362142916633,-7.278818960372969,-6.896815338943803,0.173191,0.001028,-0.5208780214730365,4.74493212836325,0.725,22.0,58.0,True,True,0.0012181571730680426,0,False
chr10,46144703,46204851,chr10-46135869-INV-77646,0.0,0.06,60.148,-0.10459098887879778,-7.849363818840582,-7.744772829961784,0.463098,0.000766,-0.052583541472883966,4.836281906951478,0.0625,75.0,5.0,True,True,0.0050765874025537755,0,False
chr10,46769328,46857141,chr10-46769329-INV-87814,,0.94,87.813,,,,,,,,,0.0,0.0,False,False,,,True
chr10,47480263,47546423,chr10-47480264-INV-66161,,0.03,66.16,,,,,,,,,0.0,0.0,False,False,,,True
chr10,47649265,47756785,chr10-47649266-INV-107520,,0.94,107.52,,,,,,,,,0.0,0.0,False,False,,,True
chr10,47983093,48044442,chr10-47983094-INV-61350,,0.97,61.349,,,,,,,,,0.0,0.0,False,False,,,True
chr10,55007431,55013434,chr10-55007454-INV-5370,0.0,0.91,6.003,-0.45795529072956126,-8.697516745547519,-8.239561454817958,0.061614,0.000229,-0.558963259364145,2.70805020110221,0.081081,68.0,6.0,True,True,9.73330348480682e-08,0,False
chr10,65465445,65470067,chr10-65465442-INV-4580,0.0,0.99,4.622,,,-6.4818341623065905,,,,3.5553480614894135,0.013158,75.0,1.0,True,False,,,True
chr10,113411933,113412252,chr10-113411929-INV-356,,0.1,0.319,0.0,-16.11809565095832,-16.11809565095832,,0.0,0.0,0.0,0.5,3.0,3.0,True,True,0.9995784486386632,1,True
chr10,131619777,131620717,chr10-131619519-INV-1521,,0.94,0.94,,,-6.722105932095507,,,,1.6094379124341003,0.021739,45.0,1.0,True,False,,,True
chr10,133657262,133787421,chr10-133657263-INV-130160,,0.07,130.159,,,,,,,,,0.0,0.0,False,False,,,True
chr11,1667460,1683267,chr11-1661292-INV-24445,,0.5,15.807,,,,,,,0.0,0.5,1.0,1.0,True,False,,,True
chr11,4271709,4289557,chr11-4271710-INV-17848,,0.86,17.848,0.0,-16.11809565095832,-16.11809565095832,,0.0,0.0,0.0,0.913793,5.0,53.0,True,True,0.9996646047338473,1,False
chr11,24263179,24266246,chr11-24263185-INV-392,,0.95,3.067,0.0,-16.11809565095832,-16.11809565095832,,0.0,0.0,0.0,0.0625,60.0,4.0,True,True,0.9994631879220942,1,False
chr11,55662739,55666690,chr11-55662740-INV-3952,,0.83,3.951,0.0,-16.11809565095832,-16.11809565095832,,0.0,0.0,0.0,0.192308,63.0,15.0,True,True,0.9995003360542491,1,False
chr11,62093043,62102999,chr11-62094124-INV-7773,,0.55,9.956,-3.079613757534693,-11.330603908176274,-8.25099015064158,0.171206,0.000165,-1.6650077635889113,2.4849066497880004,0.634615,19.0,33.0,True,True,5.7863277717739144e-08,0,False
chr11,66251227,66252453,chr11-66251212-INV-1252,,0.79,1.226,0.0,-16.11809565095832,-16.11809565095832,,0.0,0.0,0.0,0.194444,29.0,7.0,True,True,0.9995009253366429,1,False
chr11,89920623,89923848,chr11-89920625-INV-3224,1.0,0.53,3.225,0.02627221350552396,-7.027665575654694,-7.053937789160218,-0.020405,0.000858,-0.2502319427887565,3.4657359027997265,0.557143,31.0,39.0,True,True,2.010671857120228e-06,0,False
chr12,13392624,13397634,chr12-13392052-INV-6162,,0.59,5.01,0.0,-16.11809565095832,-16.11809565095832,,0.0,0.0,0.0,0.833333,9.0,45.0,True,True,0.999649357361713,1,False
chr13,52310302,52320954,chr13-52310303-INV-10653,0.0,0.98,10.652,0.7119902683614252,-7.888584531993863,-8.600574800355288,-0.119602,0.00025,-0.43264784270196655,3.5553480614894135,0.026316,74.0,2.0,True,True,0.00011467642797163709,0,True
chr13,63727377,63820968,chr13-63717417-INV-120779,,0.05,93.591,0.32745639793959225,-8.235780731978052,-8.563237129917644,0.363534,0.000358,-0.4030467272438828,5.342334251964811,0.052632,72.0,4.0,True,True,0.23371925075239597,0,False
chr13,97456283,97456722,chr13-97456279-INV-437,,0.12,0.439,0.0,-16.11809565095832,-16.11809565095832,,0.0,0.0,0.0,0.2,8.0,2.0,True,True,0.999502454881747,1,True
chr14,18862645,19659006,chr14-18862646-INV-796362,,0.19,796.361,0.0,-16.11809565095832,-16.11809565095832,,0.0,0.0,0.0,0.535714,13.0,15.0,True,True,0.9995866852255448,1,False
chr14,105573622,105577544,chr14-105571550-INV-8996,,0.17,3.922,8.536995818712418,-7.5810998322459024,-16.11809565095832,0.0,0.000255,8.536995818712418,1.0986122886681096,0.333333,4.0,2.0,True,True,0.9999999999991538,1,True
chr15,23295576,23318191,chr15-23295577-INV-22616,0.0,0.69,22.615,0.0,-16.11809565095832,-16.11809565095832,,0.0,0.0,0.0,0.85,9.0,51.0,True,True,0.999652571685923,1,False
chr15,28298424,28623514,chr15-28298425-INV-325091,,0.08,325.09,0.189586767785367,-6.941312062510979,-7.1308988302963465,-0.233766,0.000716,0.1266119686239786,4.23410650459726,0.333333,4.0,2.0,True,True,0.0015974320530629715,0,True
chr15,30436458,30529803,chr15-30434572-INV-97097,,0.17,93.345,,,,,,,,,0.0,0.0,False,False,,,True
chr15,32477828,32571283,chr15-32475961-INV-97199,,0.98,93.455,,,,,,,,,0.0,0.0,False,False,,,True
chr15,82330918,82357797,chr15-82330919-INV-26880,,0.19,26.879,,,,,,,,,0.0,0.0,False,False,,,True
chr15,82360482,82515134,chr15-82360483-INV-154653,,0.08,154.652,-0.047067510857985856,-8.703522769607732,-8.656455258749745,0.080921,0.000185,-0.16747898375602568,4.90527477843843,0.067568,69.0,5.0,True,True,0.35818907354301666,1,False
chr16,14907775,15028479,chr16-14907776-INV-120705,,0.5700000000000001,120.704,-0.8690378470236096,-11.250561200502737,-10.381523353479128,-0.001709,2.2e-05,-1.0459685551826876,2.3978952727983707,0.636364,8.0,14.0,True,True,0.0009221370203162021,0,False
chr16,14954790,15100859,chr16-15028481-INV-133352,1.0,0.2299999999999999,146.069,1.1871656860095547,-8.351678752938664,-9.53884443894822,0.516297,0.000318,0.7277527097374208,5.594711379601839,0.783784,16.0,58.0,True,True,0.9978905324413011,1,False
chr16,18337348,18356673,chr16-18337349-INV-19325,,0.27,19.325,,,,,,,,,0.0,0.0,False,False,,,True
chr16,20506046,20521893,chr16-20506047-INV-15848,,0.86,15.847,0.0,-16.11809565095832,-16.11809565095832,,0.0,0.0,0.0,0.153846,66.0,12.0,True,True,0.9994896053039347,1,False
chr16,28709344,28776487,chr16-28709345-INV-67143,,0.23,67.143,,,,,,,,,0.0,0.0,False,False,,,True
chr16,32364220,32528442,chr16-32364221-INV-164223,,0.88,164.222,0.0,-16.11809565095832,-16.11809565095832,,0.0,0.0,0.0,0.140625,55.0,9.0,True,True,0.999485863747654,1,False
chr16,32755978,32879590,chr16-32755979-INV-123613,,0.64,123.612,,,,,,,,,0.0,0.0,False,False,,,True
chr16,32991171,33102750,chr16-32991172-INV-111580,,0.35,111.579,,,,,,,,,0.0,0.0,False,False,,,True
chr16,34507814,34520859,chr16-34507815-INV-13045,,0.99,13.045,0.0,-16.11809565095832,-16.11809565095832,,,0.0,0.0,-1.0,0.0,0.0,True,False,,,True
chr16,34577841,34580535,chr16-34577842-INV-2694,,0.86,2.694,,,,,,,,,0.0,0.0,False,False,,,True
chr16,46383780,46384105,chr16-46383781-INV-325,,0.5,0.325,,,,,,,0.0,0.5,1.0,1.0,True,False,,,True
chr17,3082008,3221835,chr17-3052058-INV-200164,0.0,0.01,139.827,,,-7.082108666126914,,,,6.647688373563329,0.0125,79.0,1.0,True,False,,,True
chr17,5982838,5983104,chr17-5982217-INV-1513,,0.27,0.266,0.0,-16.11809565095832,-16.11809565095832,,,0.0,0.0,1.0,0.0,64.0,True,False,,,True
chr17,16823490,18384190,chr17-16823491-INV-1560701,0.0,0.02,1560.7,-0.6616650422895929,-8.326572831807587,-7.6649077895179945,0.151182,0.000419,-0.9756505775332748,8.578476419833136,0.025,78.0,2.0,True,True,0.9999998842162313,1,True
chr17,18622359,18823773,chr17-18677352-INV-146444,,0.98,201.414,,,-13.815510557964274,,,,1.6094379124341003,0.0125,79.0,1.0,True,False,,,True
chr17,36109569,36223772,chr17-36109570-INV-114204,,0.07,114.203,-8.558335134747413,-16.11809565095832,-7.559760516210908,,,-8.727454116899434,5.075173815233827,0.0,10.0,0.0,True,False,,,True
chr17,37415181,37415638,chr17-37415091-INV-607,,0.5,0.457,,,,,,,0.0,0.5,1.0,1.0,True,False,,,True
chr17,43232908,43321964,chr17-43231917-INV-93156,,0.98,89.056,,-16.11809565095832,,,,,0.0,0.9875,1.0,79.0,True,False,,,True
chr17,43263148,43322883,chr17-43263149-INV-59735,,0.98,59.735,,-16.11809565095832,,,,,0.0,0.9875,1.0,79.0,True,False,,,True
chr17,45573556,45585158,chr17-45573557-INV-11603,0.0,0.75,11.602,0.0,-16.11809565095832,-16.11809565095832,,,0.0,0.0,-1.0,0.0,0.0,True,False,,,True
chr18,29783947,29784342,chr18-29783948-INV-395,,0.87,0.395,0.0,-16.11809565095832,-16.11809565095832,,0.0,0.0,0.0,0.5,2.0,2.0,True,True,0.9995784486386632,1,True
chr2,88861564,88886160,chr2-88859192-INV-39467,,0.85,24.596,0.0,-16.11809565095832,-16.11809565095832,,0.0,0.0,0.0,0.5,6.0,6.0,True,True,0.9995784486386632,1,False
chr2,90060918,90216479,chr2-90060919-INV-155562,,0.07,155.561,0.0,-16.11809565095832,-16.11809565095832,,0.0,0.0,0.0,0.060606,62.0,4.0,True,True,0.9994626259516037,1,False
chr2,90286375,90379428,chr2-90286376-INV-93054,,0.7,93.053,-1.791759469228055,-11.417615285165903,-9.625855815937848,0.082621,4.2e-05,-1.9841313618755112,3.1354942159291497,0.166667,10.0,2.0,True,True,0.0001992525344288027,0,True
chr2,94191333,94294046,chr2-94191334-INV-102714,,0.02,102.713,4.605170185988092,-11.512925464970229,-16.11809565095832,,,4.605170185988092,0.6931471805599453,1.0,0.0,2.0,True,False,,,True
chr2,97348052,97360454,chr2-97340523-INV-28715,,0.51,12.402,0.0,-16.11809565095832,-16.11809565095832,,0.0,0.0,0.0,0.5125,39.0,41.0,True,True,0.999581349964843,1,False
chr2,110095177,110276210,chr2-110095179-INV-181032,,0.36,181.033,-0.4684964699551642,-7.787232037733576,-7.318735567778412,0.121538,0.000613,-0.4586244763882603,6.499787040655854,0.6375,29.0,51.0,True,True,0.9870537023978199,1,False
chr2,236356880,236358489,chr2-236356297-INV-2677,,0.07,1.609,,,,,,,0.0,0.5,1.0,1.0,True,False,,,True
chr2,240685789,240688966,chr2-240674170-INV-26389,,0.64,3.177,0.0,-16.11809565095832,-16.11809565095832,,0.0,0.0,0.0,0.368421,48.0,28.0,True,True,0.9995466618992831,1,False
chr20,28751288,28752630,chr20-28751289-INV-1342,,0.5,1.342,,,,,,,0.0,0.5,1.0,1.0,True,False,,,True
chr20,29257746,29419750,chr20-29257747-INV-162005,0.0,0.99,162.004,,,-8.715644130140076,,,,5.83773044716594,0.014286,69.0,1.0,True,False,,,True
chr21,13205437,13221054,chr21-13205468-INV-15566,,0.95,15.617,,,,,,,,,0.0,0.0,False,False,,,True
chr22,21201771,21280466,chr22-21201772-INV-78695,,0.97,78.695,,,,,,,,,0.0,0.0,False,False,,,True
chr3,28417060,28417483,chr3-28414484-INV-5621,,0.15,0.423,0.0,-16.11809565095832,-16.11809565095832,,0.0,0.0,0.0,0.6,4.0,6.0,True,True,0.9996011079841752,1,False
chr3,162827574,162829855,chr3-162827167-INV-3077,,0.23,2.281,0.0,-16.11809565095832,-16.11809565095832,,0.0,0.0,0.0,0.458333,13.0,11.0,True,True,0.9995686315349654,1,False
chr3,195680054,195724206,chr3-195680055-INV-44153,,0.5,44.152,,,,,,,0.0,0.5,1.0,1.0,True,False,,,True
chr4,40233406,40235439,chr4-40233409-INV-2010,,0.3,2.033,0.0,-16.11809565095832,-16.11809565095832,,0.0,0.0,0.0,0.25,27.0,9.0,True,True,0.999516010588101,1,False
chr4,49284664,49291017,chr4-49284665-INV-6354,,0.36,6.353,0.0,-16.11809565095832,-16.11809565095832,,0.0,0.0,0.0,0.75,5.0,15.0,True,True,0.9996328346988894,1,False
chr4,49291019,49325004,chr4-49291020-INV-33986,,0.49,33.985,0.0,-16.11809565095832,-16.11809565095832,,0.0,0.0,0.0,0.529412,32.0,36.0,True,True,0.9995852435977939,1,False
chr4,156905870,156912808,chr4-156904334-INV-8519,,0.01,6.938,,,-8.852665927704367,,,,3.2188758248682006,0.012195,81.0,1.0,True,False,,,True
chr4,187950173,187954784,chr4-187948402-INV-8158,,0.35,4.611,0.0,-16.11809565095832,-16.11809565095832,,0.0,0.0,0.0,0.35,52.0,28.0,True,True,0.9995420245832979,1,False
chr5,17580905,17592445,chr5-17580906-INV-11540,,0.84,11.54,0.0,-16.11809565095832,-16.11809565095832,,0.0,0.0,0.0,0.6,4.0,6.0,True,True,0.9996011079841752,1,False
chr5,21479305,21500726,chr5-21479306-INV-21422,,0.02,21.421,0.0,-16.11809565095832,-16.11809565095832,,,0.0,0.0,0.0,22.0,0.0,True,False,,,True
chr5,29069229,29069523,chr5-29069209-INV-308,,0.45,0.294,0.0,-16.11809565095832,-16.11809565095832,,0.0,0.0,0.0,0.613636,17.0,27.0,True,True,0.9996041019861659,1,False
chr5,47061568,47082062,chr5-47061569-INV-20494,,0.33,20.494,0.0,-16.11809565095832,-16.11809565095832,,0.0,0.0,0.0,0.5,2.0,2.0,True,True,0.9995784486386632,1,True
chr5,47105115,47151367,chr5-47105116-INV-46253,,0.66,46.252,0.0,-16.11809565095832,-16.11809565095832,,0.0,0.0,0.0,0.90625,3.0,29.0,True,True,0.9996632039286072,1,True
chr5,70527773,70533912,chr5-70527774-INV-6139,,0.99,6.139,,,,,,,,,0.0,0.0,False,False,,,True
chr5,71009586,71093997,chr5-71009587-INV-84412,0.0,0.94,84.411,-8.205218426395412,-16.11809565095832,-7.912877224562908,,,-8.263590432617319,1.791759469228055,0.0,6.0,0.0,True,False,,,True
chr5,181098775,181100846,chr5-181095856-INV-7651,,0.25,2.071,0.0,-16.11809565095832,-16.11809565095832,,0.0,0.0,0.0,0.275862,42.0,16.0,True,True,0.999522876649297,1,False
chr6,94031360,94031695,chr6-94031361-INV-335,,0.56,0.335,0.0,-16.11809565095832,-16.11809565095832,,0.0,0.0,0.0,0.769231,12.0,40.0,True,True,0.9996367154598619,1,False
chr7,62290674,62363143,chr7-62290675-INV-72470,1.0,0.5800000000000001,72.469,0.5465437063680699,-9.261633666363734,-9.808177372731803,0.048121,7.9e-05,0.39159526024401387,4.5217885770490405,0.435897,44.0,34.0,True,True,0.9786640729686805,1,False
chr7,62408486,62456444,chr7-62408487-INV-47959,1.0,0.57,47.958,-0.04108002574346463,-7.385791079925137,-7.344711054181673,0.009545,0.000639,-0.17463306831007447,6.09807428216624,0.5875,33.0,47.0,True,True,0.9594964515262158,1,False
chr7,65572704,65581644,chr7-65565115-INV-74905,,0.61,8.94,,,,,,,,,0.0,0.0,False,False,,,True
chr7,76603963,76620409,chr7-76603964-INV-16446,,0.5,16.446,,,,,,,0.0,0.5,1.0,1.0,True,False,,,True
chr7,107418983,107422332,chr7-107418074-INV-5179,,0.1099999999999999,3.349,0.0,-16.11809565095832,-16.11809565095832,,,0.0,0.0,1.0,0.0,62.0,True,False,,,True
chr7,143779394,143798726,chr7-143779395-INV-19333,,0.5,19.332,,,,,,,,,0.0,0.0,False,False,,,True
chr7,144254564,144256766,chr7-144254565-INV-2203,,0.31,2.202,0.0,-16.11809565095832,-16.11809565095832,,0.0,0.0,0.0,0.794118,7.0,27.0,True,True,0.9996416767832107,1,False
chr8,12369152,12394133,chr8-12369153-INV-24982,,0.76,24.981,0.0,-16.11809565095832,-16.11809565095832,,0.0,0.0,0.0,0.217391,36.0,10.0,True,True,0.999507212336057,1,False
chr8,85728658,85741892,chr8-85728659-INV-13234,,0.39,13.234,,,,,,,,,0.0,0.0,False,False,,,True
chr8,85741974,85762792,chr8-85741975-INV-20818,,0.5700000000000001,20.818,0.0,-16.11809565095832,-16.11809565095832,,,0.0,0.0,1.0,0.0,2.0,True,False,,,True
chr8,85769984,85821716,chr8-85769985-INV-51732,,0.81,51.732,,,,,,,,,0.0,0.0,False,False,,,True
chr9,12004038,12074552,chr9-12016541-INV-55306,0.0,0.98,70.514,-3.1702716899058907,-10.054310442270712,-6.884038752364821,0.354945,0.000827,-3.5460021990711756,6.257667587882639,0.025,78.0,2.0,True,True,0.016937432009411214,0,True
chr9,38773640,42796744,chr9-38773641-INV-4023105,,0.97,4023.104,,-10.680016342035124,,,,,3.295836866004329,0.75,1.0,3.0,True,False,,,True
chrX,48396314,48399110,chrX-48395426-INV-4575,,0.69,2.796,0.0,-16.11809565095832,-16.11809565095832,,0.0,0.0,0.0,0.266667,18.0,2.0,True,True,0.9995204467093712,1,True
chrX,52921572,52934581,chrX-52880292-INV-93962,,0.61,13.009,0.0,-16.11809565095832,-16.11809565095832,,0.0,0.0,0.0,0.615385,20.0,30.0,True,True,0.999604484378144,1,False
chrX,63185600,63193343,chrX-63182245-INV-13735,,0.4,7.743,0.0,-16.11809565095832,-16.11809565095832,,0.0,0.0,0.0,0.425,26.0,24.0,True,True,0.9995606137165252,1,False
chrX,106266279,106275333,chrX-106266349-INV-33658,,0.39,9.054,5.19295685089021,-10.92513880006811,-16.11809565095832,-0.0,9e-06,5.91350300563827,0.6931471805599453,0.8125,6.0,12.0,True,True,0.9999999998957445,1,False
chrX,112504686,112516959,chrX-112504687-INV-12274,0.0,0.01,12.273,,,-7.19144533016438,,,,4.304065093204169,0.0125,49.0,1.0,True,False,,,True
chrX,135734732,135748584,chrX-135733567-INV-16180,,0.78,13.852,0.3919781920538207,-7.376160186864175,-7.768138378917996,-0.016717,0.000516,-0.03846628082779594,4.127134385045092,0.225,38.0,10.0,True,True,0.0004761979405548013,0,False
chrX,135765867,135794758,chrX-135765868-INV-28891,,0.5,28.891,,,,,,,,,0.0,0.0,False,False,,,True
chrX,141585256,141589189,chrX-141573056-INV-28779,,0.36,3.933,0.6931471805599453,-7.296363270023878,-7.989510450583824,-0.125,0.000452,0.6931471805599453,1.9459101490553132,0.7,3.0,3.0,True,True,2.7740981046115773e-08,0,True
chrX,152729753,152738707,chrX-152678163-INV-111649,1.0,0.4,8.954,0.021841741915048854,-6.648472681052054,-6.6703144229671025,0.245769,0.0017,-0.08389278603372023,4.276666119016055,0.410256,24.0,24.0,True,True,0.001191999992394435,0,False
chrY,6243097,6340647,chrY-6243098-INV-97551,,0.47,97.55,,,,,,,,,0.0,0.0,False,False,,,True
chrY,10367644,10419983,chrY-10367645-INV-52339,,0.13,52.339,,,,,,,,,0.0,0.0,False,False,,,True
chrY,15883580,15896218,chrY-15874908-INV-30002,,0.23,12.638,,,,,,,,,0.0,0.0,False,False,,,True
chrY,21053790,21063744,chrY-21052503-INV-12528,,0.53,9.954,,,,,,,,,0.0,0.0,False,False,,,True
chrY,22207318,22325285,chrY-22207319-INV-117968,,0.83,117.967,,,,,,,,,0.0,0.0,False,False,,,True
