gene_name	protein_change	inv_id	is_target_locus	am_pathogenicity	am_percentile_in_gene	esmc_llr	evo2_delta_ll	am_damaging	esmc_damaging	evo2_disruptive	n_methods_flag
SPPL2C	R461P	17:45585159-46292045	True	0.8506	0.9564235719123956	-10.890625	-15.809362411499023	True	True	True	3
MAPT	R445W	17:45585159-46292045	True	0.312		-8.03125	-39.03544998168945	False	True	True	2
SPPL2C	S601P	17:45585159-46292045	True	0.1546	0.5789117182208173	-1.25	-7.85236644744873	False	False	False	0
SFTPD	S290T	10:79542901-80217413	True	0.2	0.4660234899328859	-2.6875	-2.437967538833618	False	False	False	0
MAPT	D360N	17:45585159-46292045	True	0.0732		-1.4375	-2.22701358795166	False	False	False	0
SPPL2C	G620R	17:45585159-46292045	True	0.078	0.1463084217656355	-0.875	-1.536640167236328	False	False	False	0
STH	Q7R	17:45585159-46292045	True	0.0535	0.0048780487804878	1.125	-0.4602157473564148	False	False	False	0
MAPT	P277L	17:45585159-46292045	True	0.0689		0.375	-0.4442743062973022	False	False	False	0
SFTPA1	V19A	10:79542901-80217413	True	0.0596		-0.8125	0.5954504013061523	False	False	False	0
SPPL2C	A332T	17:45585159-46292045	True	0.0725	0.0959584556333258	-0.125	0.6762219667434692	False	False	False	0
KANSL1	I1085T	17:45585159-46292045	True	0.0636		1.1875	1.385526418685913	False	False	False	0
SPPL2C	I471V	17:45585159-46292045	True	0.0674	0.058252427184466	2.75	4.635633945465088	False	False	False	0
SPPL2C	S224P	17:45585159-46292045	True	0.0484	0.0024836306163919	-0.25	4.747182846069336	False	False	False	0
KANSL1	S718P	17:45585159-46292045	True	0.0468		-0.6875	9.04053783416748	False	False	False	0
MAPT	S522P	17:45585159-46292045	True	0.043		0.9375001192092896	9.909371376037598	False	False	False	0
ACTR1B	A143V	2:87987171-111255403	False	0.9541	0.7855096193205076	-7.8125	-10.000964164733888	True	True	True	3
HERC2	R375G	15:23345459-28389868	False	0.2584	0.386776282376841	-1.0625	-31.53775405883789	False	False	True	1
NPHP1	R5L	2:87987171-111255403	False	0.2856		-1.0625	-11.7923583984375	False	False	True	1
TTLL2	L202P	6:167209001-167357782	False	0.0659		-1.75	-9.86956787109375	False	False	False	0
IL1RL1	H162Q	2:87987171-111255403	False	0.1589	0.4712269272529858	-0.125	-7.693543910980225	False	False	False	0
NPAP1	P293L	15:23345459-28389868	False	0.1551	0.4646695325094035	-0.25	-0.1143504381179809	False	False	False	0
UNC93A	R6K	6:167209001-167357782	False	0.074	0.1064263855831349	1.5625	2.2344980239868164	False	False	False	0
RFX8	M412I	2:87987171-111255403	False			0.125	2.29026460647583	False	False	False	0
NPAP1	T687A	15:23345459-28389868	False	0.0809	0.0308973670069854	1.625	3.20119857788086	False	False	False	0
