inv_id	chrom	start	end	aa_flip	n_tag	confidence
chr1-26639853-INV-8324	chr1	26641622	26646431	1	30	low
chr1-43593626-INV-710	chr1	43593641	43594291	1	58	high
chr1-60775308-INV-5023	chr1	60776841	60778677	0	25	high
chr1-108311808-INV-57118	chr1	108310642	108383736	0	1	low
chr1-145160435-INV-994087	chr1	145160434	146154520	1	109	high
chr1-146298110-INV-2374764	chr1	146298109	148672872	1	218	high
chr1-148280433-INV-23152	chr1	148288482	148295706	0	107	low
chr1-197787661-INV-1197	chr1	197787659	197788856	1	60	high
chr1-248517894-INV-12881	chr1	248518572	248529489	0	3	low
chr10-4961364-INV-47135	chr10	4983056	4984361	0	48	high
chr10-37102555-INV-11157	chr10	37105149	37111121	0	23	high
chr10-46135869-INV-77646	chr10	46144703	46204851	1	66	high
chr10-46983452-INV-484782	chr10	46983451	47468232	1	1	low
chr10-47480264-INV-66161	chr10	47480263	47546423	1	1	low
chr10-55007454-INV-5370	chr10	55007431	55013434	1	27	high
chr10-65465442-INV-4580	chr10	65465445	65470067	1	122	high
chr10-71065991-INV-2615	chr10	71066858	71067726	1	1	low
chr10-73657970-INV-2177	chr10	73657969	73660146	1	2	low
chr10-79542902-INV-674513	chr10	79542901	80217413	1	148	high
chr10-87308006-INV-117026	chr10	87308005	87425030	1	3	low
chr10-103197205-INV-9055	chr10	103205557	103205994	0	2	low
chr11-310146-INV-10302	chr11	311836	317944	0	33	low
chr11-18246600-INV-21672	chr11	18249084	18265819	1	19	high
chr11-24263185-INV-392	chr11	24263179	24266246	1	35	high
chr11-50136371-INV-206505	chr11	50154999	50324102	1	8	high
chr11-55662740-INV-3952	chr11	55662739	55666690	1	46	high
chr11-66251212-INV-1252	chr11	66251227	66252453	0	5	high
chr11-71571191-INV-6980	chr11	71571819	71576724	1	8	high
chr12-12391907-INV-1712	chr12	12392068	12393519	0	6	high
chr12-13392052-INV-6162	chr12	13392624	13397634	1	47	low
chr12-37705669-INV-31994	chr12	37705668	37737662	0	2	low
chr12-46897663-INV-16289	chr12	46896694	46915975	0	54	low
chr12-71546144-INV-1652	chr12	71546200	71547738	0	181	low
chr12-131312082-INV-332759	chr12	131312081	131644839	0	6	high
chr12-131333944-INV-289865	chr12	131333943	131623807	0	6	high
chr13-37314466-INV-4035	chr13	37315207	37317760	1	26	low
chr13-48199211-INV-7451	chr13	48199250	48206639	0	57	high
chr13-52310303-INV-10653	chr13	52310302	52320954	1	15	high
chr13-63717417-INV-120779	chr13	63727377	63820968	1	23	high
chr13-79822252-INV-17591	chr13	79823210	79839670	0	23	high
chr14-18862646-INV-796362	chr14	18862645	19659006	0	2	low
chr14-34540582-INV-21874	chr14	34547864	34555230	0	1	low
chr14-60604531-INV-8718	chr14	60606118	60611659	0	151	low
chr14-65375818-INV-880	chr14	65375818	65376683	0	1	low
chr15-22180496-INV-177747	chr15	22180495	22358241	0	21	high
chr15-22701128-INV-512754	chr15	22701127	23213881	1	140	high
chr15-23345460-INV-5044410	chr15	23345459	28389868	1	240	high
chr15-30618104-INV-1535102	chr15	30618103	32153204	0	262	high
chr15-45026829-INV-4718	chr15	45026828	45031545	0	62	high
chr15-82360483-INV-154653	chr15	82360482	82515134	1	16	high
chr15-84373376-INV-43322	chr15	84373375	84416696	1	48	low
chr16-1226779-INV-28828	chr16	1245200	1247503	0	9	high
chr16-15028481-INV-133352	chr16	14954790	15100859	0	13	high
chr16-15384483-INV-891665	chr16	15384482	16276146	1	28	high
chr16-16721274-INV-1352270	chr16	16721273	18073542	0	49	high
chr16-28471894-INV-165758	chr16	28471892	28637651	1	27	low
chr16-28709345-INV-67143	chr16	28709344	28776487	0	38	low
chr16-35945424-INV-12423	chr16	35946683	35952382	1	76	low
chr16-48616946-INV-494	chr16	48616945	48617439	0	1	low
chr16-75204855-INV-19244	chr16	75206214	75222748	0	20	high
chr16-85155144-INV-1053	chr16	85155339	85156001	0	13	high
chr17-16811813-INV-11678	chr17	16811812	16823489	1	2	low
chr17-16823491-INV-1560701	chr17	16823490	18384190	1	79	high
chr17-18677352-INV-146444	chr17	18622359	18823773	0	3	low
chr17-43263149-INV-59735	chr17	43263148	43322883	1	8	high
chr17-45585160-INV-706887	chr17	45585159	46292045	1	1896	low
chr17-60019740-INV-107140	chr17	60035640	60110888	0	11	high
chr18-12141485-INV-8631	chr18	12145103	12146503	0	2	high
chr18-29783948-INV-395	chr18	29783947	29784342	1	1	low
chr19-43355096-INV-25294	chr19	43365871	43369065	1	22	high
chr19-47959661-INV-2131536	chr19	47959660	50091195	0	117	high
chr2-45062769-INV-12977	chr2	45065588	45081777	0	21	low
chr2-87987172-INV-23268233	chr2	87987171	111255403	1	1440	high
chr2-95496991-INV-82806	chr2	95496989	95579796	0	1	low
chr2-95800192-INV-224213	chr2	95800191	96024403	1	2	low
chr2-108527822-INV-1205216	chr2	108527821	109733036	1	133	high
chr2-110095179-INV-181032	chr2	110095177	110276210	0	70	high
chr2-130138213-INV-1062391	chr2	130138212	131200602	1	51	high
chr2-130138213-INV-1392323	chr2	130138212	131530534	1	68	high
chr2-138246733-INV-5010	chr2	138247429	138251774	0	97	low
chr2-215962719-INV-722	chr2	215962718	215963440	0	1	low
chr20-10807400-INV-1454	chr20	10807797	10808434	0	24	low
chr20-25846149-INV-163496	chr20	25846148	26009643	0	1	low
chr20-28495292-INV-12996	chr20	28495291	28508286	0	2	low
chr20-47827034-INV-77611	chr20	47841016	47888238	1	3	low
chr21-13992018-INV-65632	chr21	13987773	14056796	0	45	low
chr21-26001839-INV-547	chr21	26001836	26002391	0	2	low
chr21-26648370-INV-1039	chr21	26648368	26649407	0	6	high
chr3-26315757-INV-2108	chr3	26316193	26317447	1	9	low
chr3-44699503-INV-1291	chr3	44699775	44700555	1	2	low
chr3-75454478-INV-1238	chr3	75454477	75455715	1	2	low
chr3-131969892-INV-7927	chr3	131969227	131977820	0	78	high
chr3-162827167-INV-3077	chr3	162827574	162829855	0	41	high
chr3-195680867-INV-272256	chr3	195692124	195956606	0	92	low
chr3-195749464-INV-230745	chr3	195749463	195980207	0	92	low
chr4-33098029-INV-7075	chr4	33098066	33104924	0	59	high
chr4-40233409-INV-2010	chr4	40233406	40235439	0	9	low
chr4-87925789-INV-11799	chr4	87926011	87937547	0	23	high
chr4-187948402-INV-8158	chr4	187950173	187954784	0	30	high
chr5-16979045-INV-519	chr5	16978658	16979397	0	13	high
chr5-21479306-INV-21422	chr5	21479305	21500726	0	20	high
chr5-64466170-INV-15635	chr5	64470920	64477089	0	144	low
chr5-64470929-INV-4190	chr5	64470928	64475118	0	144	low
chr6-76111919-INV-44661	chr6	76109081	76158474	0	88	low
chr6-89213913-INV-300	chr6	89213914	89214230	1	2	high
chr6-94031361-INV-335	chr6	94031360	94031695	1	3	low
chr6-106720700-INV-2930	chr6	106721331	106723005	0	3	low
chr6-123106042-INV-3793	chr6	123106049	123109821	0	6	high
chr6-130527042-INV-4267	chr6	130527041	130531150	0	27	high
chr6-141867315-INV-29159	chr6	141866310	141898728	0	113	high
chr6-167181003-INV-209976	chr6	167209001	167357782	1	128	low
chr7-5989047-INV-746598	chr7	5989046	6735643	1	8	high
chr7-33990522-INV-19762	chr7	33990735	34010143	1	8	high
chr7-40839738-INV-1134	chr7	40839776	40840871	1	42	low
chr7-47614229-INV-1139	chr7	47614508	47615262	1	2	low
chr7-54220528-INV-101153	chr7	54234014	54308393	1	98	low
chr7-57641573-INV-197400	chr7	57641572	57838971	1	69	high
chr7-57835189-INV-284465	chr7	57835188	58119653	0	119	high
chr7-65219158-INV-312667	chr7	65219157	65531823	1	157	low
chr7-70955928-INV-18020	chr7	70961198	70973901	0	60	high
chr7-73113990-INV-1685041	chr7	73113989	74799029	1	39	high
chr7-97445827-INV-13775	chr7	97445822	97459601	1	4	low
chr7-143716563-INV-34437	chr7	143716562	143750998	1	7	high
chr8-7301025-INV-5297356	chr8	7301024	12598379	0	986	low
chr8-102423262-INV-520	chr8	102423403	102423638	1	10	high
chr9-12016541-INV-55306	chr9	12004038	12074552	1	43	high
chr9-30951702-INV-5595	chr9	30952354	30956484	1	121	high
chr9-85796067-INV-6026	chr9	85797070	85801040	1	17	high
chr9-87942698-INV-167577	chr9	87942696	88110274	1	9	high
chr9-102565835-INV-4446	chr9	102565838	102570277	0	80	high
chr9-123976301-INV-18001	chr9	123979106	123991038	1	31	low
chrX-6219014-INV-1337	chrX	6219005	6220343	0	8	low
chrX-45687777-INV-4877	chrX	45689038	45691227	0	54	high
chrX-48395426-INV-4575	chrX	48396314	48399110	1	4	low
chrX-52492352-INV-19975	chrX	52502274	52510614	0	2	low
chrX-55480174-INV-12894	chrX	55480141	55493063	1	11	high
chrX-72996081-INV-91407	chrX	72997772	73077479	0	9	high
chrX-76141867-INV-11379	chrX	76146153	76148949	1	55	high
chrX-101597550-INV-18696	chrX	101602193	101611599	1	28	high
chrX-103954976-INV-128112	chrX	103989434	104049428	0	42	low
chrX-120080219-INV-75364	chrX	120087101	120149199	0	20	low
chrX-135116507-INV-139642	chrX	135165183	135207322	1	13	high
chrX-135619381-INV-52316	chrX	135623647	135665679	1	5	high
chrX-149654273-INV-94882	chrX	149681035	149722249	1	4	low
chrX-153067814-INV-226118	chrX	153149748	153250226	0	1	low
chrX-154339398-INV-53354	chrX	154347246	154384867	1	51	high
chrX-155366835-INV-100636	chrX	155386727	155453982	0	9	high
