gene_name	inv_id	k_inverted	observed_delta	observed_abs_delta	target_identity	p_direct	mean_abs_delta_sim	power_nominal	power_fdr	significant_observed
PDXDC1	16:14954790-15100859	58	-0.6684815486993345	0.6684815486993345	0.3315184513006655	1.0	0.668643073200242	1.0	1.0	True
SULT1A2	16:28471892-28637651	30	-0.535632183908046	0.535632183908046	0.464367816091954	1.0	0.5358298850574713	0.9955	0.968	True
SPPL2C	17:45585159-46292045	10	0.4843505477308294	0.4843505477308294	1.0	0.5156494522691706	0.4843505477308296	1.0	1.0	True
ZNF92	7:65219157-65531823	26	0.48427672955974843	0.48427672955974843	1.0	0.5157232704402516	0.4842767295597483	1.0	1.0	True
MFHAS1	8:7301024-12598379	41	-0.4670731707317073	0.4670731707317073	0.3463414634146341	0.8134146341463414	0.46691890243902434	0.9875	0.9235	True
MAPT	17:45585159-46292045	10	0.41940532081377147	0.41940532081377147	1.0	0.5805946791862285	0.4194053208137714	1.0	1.0	True
DEFB136	8:7301024-12598379	41	-0.4170731707317073	0.4170731707317073	0.44146341463414634	0.8585365853658536	0.41561951219512194	0.996	0.979	True
FAM167A	8:7301024-12598379	41	-0.4109756097560975	0.4109756097560975	0.5402439024390244	0.9512195121951219	0.4142121951219512	0.95	0.835	True
NTAN1	16:14954790-15100859	58	-0.375302480338778	0.375302480338778	0.499697519661222	0.875	0.373975499092559	0.9755	0.95	True
OTUD7A	15:30618103-32153204	10	0.33090766823161194	0.33090766823161194	0.8	0.4690923317683881	0.3301453051643193	0.297	0.0	False
KLF13	15:30618103-32153204	10	0.32276995305164324	0.32276995305164324	1.0	0.6772300469483568	0.32276995305164313	0.0	0.0	False
TNKS	8:7301024-12598379	41	0.3207317073170731	0.3207317073170731	0.5719512195121951	0.25121951219512195	0.3184359756097561	0.794	0.549	True
FLNA	X:154347246-154384867	21	-0.3123152709359606	0.3123152709359606	0.2714285714285714	0.583743842364532	0.31206395730706077	0.445	0.127	False
CLDN23	8:7301024-12598379	41	0.2951219512195122	0.2951219512195122	0.5768292682926829	0.2817073170731707	0.292534756097561	0.853	0.618	True
DAGLB	7:5989046-6735643	9	0.25761035007610356	0.25761035007610356	0.7777777777777778	0.5201674277016742	0.2776162480974125	0.0	0.0	False
MTMR9	8:7301024-12598379	41	0.24756097560975604	0.24756097560975604	0.6963414634146341	0.44878048780487806	0.24953475609756098	0.908	0.7785	True
XYLT1	16:16721273-18073542	7	0.2394337194337194	0.2394337194337194	0.47619047619047616	0.23675675675675675	0.2543254311454311	0.357	0.055	False
PINX1	8:7301024-12598379	41	-0.23536585365853657	0.23536585365853657	0.1975609756097561	0.4329268292682927	0.23526768292682926	0.878	0.6005	True
TRPM1	15:30618103-32153204	10	0.23009377664109124	0.23009377664109124	0.4666666666666667	0.23657289002557544	0.23895333901676613	0.441	0.1345	False
CYTH3	7:5989046-6735643	9	-0.2222222222222222	0.2222222222222222	0.7777777777777778	1.0	0.22348611111111108	0.2925	0.2925	False
HNRNPCL2	1:13104252-13122521	42	0.22135216089002993	0.22135216089002993	0.37398373983739835	0.15263157894736842	0.22101534323613914	0.685	0.3065	False
RBP3	10:46983451-47468232	7	-0.2128185328185328	0.2128185328185328	0.47619047619047616	0.689009009009009	0.26968890604890605	0.1465	0.1125	False
INTS15	7:5989046-6735643	9	-0.20776255707762548	0.20776255707762548	0.6111111111111112	0.8188736681887366	0.24538413242009124	0.3125	0.1155	False
CTSB	8:7301024-12598379	41	0.20609756097560977	0.20609756097560977	0.5414634146341464	0.3353658536585366	0.204740243902439	0.543	0.2785	False
ZNF488	10:46983451-47468232	7	0.14435006435006437	0.14435006435006437	0.5238095238095238	0.37945945945945947	0.1782643758043758	0.2835	0.0615	False
FDFT1	8:7301024-12598379	41	0.1390243902439024	0.1390243902439024	0.4195121951219512	0.2804878048780488	0.13836219512195116	0.245	0.079	False
RRN3	16:14954790-15100859	58	-0.12968844525105871	0.12968844525105871	0.7453115547489413	0.875	0.1330194343617665	0.0245	0.0005	False
GRID2IP	7:5989046-6735643	9	0.128234398782344	0.128234398782344	0.25	0.121765601217656	0.13737614155251143	0.404	0.1965	False
NEIL2	8:7301024-12598379	41	-0.12804878048780483	0.12804878048780483	0.44878048780487806	0.5768292682926829	0.13643902439024386	0.0955	0.0055	False
FAN1	15:30618103-32153204	10	-0.11995305164319248	0.11995305164319248	0.6222222222222222	0.7421752738654147	0.19302355242566513	0.1405	0.0305	False
GATA4	8:7301024-12598379	41	-0.11829268292682926	0.11829268292682926	0.6121951219512195	0.7304878048780488	0.1283682926829268	0.0555	0.0045	False
CRHR1	17:45585159-46292045	10	0.10758998435054778	0.10758998435054778	1.0	0.8924100156494522	0.10758998435054776	0.0	0.0	False
TNK2	3:195749463-195980207	22	-0.09807029129063027	0.09807029129063027	0.2510822510822511	0.34915254237288135	0.10672617213295177	0.147	0.011	False
FAM220A	7:5989046-6735643	9	0.09360730593607303	0.09360730593607303	0.3611111111111111	0.2675038051750381	0.11864307458143074	0.143	0.06	False
H2BW1	X:103989434-104049428	28	0.088023088023088	0.088023088023088	0.6507936507936508	0.5627705627705628	0.10100733525733525	0.401	0.3875	False
PPP1R3B	8:7301024-12598379	41	-0.08780487804878057	0.08780487804878057	0.8158536585365853	0.9036585365853659	0.09724329268292685	0.1145	0.0195	False
MAGEA12	X:152729753-152738707	24	0.07971014492753614	0.07971014492753614	0.9166666666666666	0.8369565217391305	0.09440217391304342	0.0015	0.0015	False
ERI1	8:7301024-12598379	41	-0.07682926829268294	0.07682926829268294	0.38902439024390245	0.4658536585365854	0.08099451219512198	0.1575	0.018	False
MTMR10	15:30618103-32153204	10	0.06877934272300468	0.06877934272300468	0.4666666666666667	0.397887323943662	0.10707449139280123	0.1615	0.0455	False
KANSL1	17:45585159-46292045	10	-0.06564945226917063	0.06564945226917063	0.5333333333333333	0.598982785602504	0.14874045383411583	0.0375	0.0295	False
ZNF853	7:5989046-6735643	9	-0.0654490106544901	0.0654490106544901	0.2777777777777778	0.3432267884322679	0.10653272450532725	0.0855	0.004	False
MAGEA11	X:149681035-149722249	30	0.06261343012704168	0.06261343012704168	0.5310344827586206	0.46842105263157896	0.07678638838475499	0.1545	0.055	False
BLK	8:7301024-12598379	41	-0.05975609756097566	0.05975609756097566	0.49146341463414633	0.551219512195122	0.06909817073170736	0.2245	0.115	False
AIMP2	7:5989046-6735643	9	0.057077625570776336	0.057077625570776336	0.6111111111111112	0.5540334855403348	0.13151826484018267	0.069	0.0	False
SOX7	8:7301024-12598379	41	-0.05609756097560975	0.05609756097560975	0.39634146341463417	0.4524390243902439	0.06776158536585368	0.0365	0.0045	False
GDF10	10:46983451-47468232	7	0.05446589446589445	0.05446589446589445	0.7142857142857143	0.6598198198198199	0.18379850707850706	0.01	0.0	False
XKR6	8:7301024-12598379	41	0.04878048780487809	0.04878048780487809	1.0	0.9512195121951219	0.04878048780487809	0.0	0.0	False
MSRA	8:7301024-12598379	41	0.04878048780487809	0.04878048780487809	1.0	0.9512195121951219	0.04878048780487809	0.0	0.0	False
USP42	7:5989046-6735643	9	-0.04680365296803654	0.04680365296803654	0.16666666666666666	0.2134703196347032	0.11029452054794521	0.0215	0.003	False
EIF2AK1	7:5989046-6735643	9	-0.046423135464231324	0.046423135464231324	0.4166666666666667	0.463089802130898	0.14909665144596654	0.0305	0.0	False
DEFB135	8:7301024-12598379	41	-0.04390243902439028	0.04390243902439028	0.8609756097560975	0.9048780487804878	0.06451829268292684	0.0075	0.0075	False
SLC35G5	8:7301024-12598379	41	-0.043902439024390255	0.043902439024390255	0.2073170731707317	0.25121951219512195	0.04865853658536587	0.2355	0.051	False
C8orf74	8:7301024-12598379	41	-0.04268292682926833	0.04268292682926833	0.49390243902439024	0.5365853658536586	0.08314878048780489	0.005	0.0	False
MAGEA1	X:153149748-153250226	27	0.04017882278751844	0.04017882278751844	0.4472934472934473	0.40711462450592883	0.06374599957208653	0.01	0.0025	False
PRSS51	8:7301024-12598379	41	-0.037804878048780466	0.037804878048780466	0.2451219512195122	0.28292682926829266	0.04547499999999998	0.0325	0.0005	False
RP1L1	8:7301024-12598379	41	0.03536585365853659	0.03536585365853659	0.0975609756097561	0.06219512195121951	0.03706585365853659	0.264	0.152	False
ZNF12	7:5989046-6735643	9	0.0273972602739726	0.0273972602739726	1.0	0.9726027397260274	0.027397260273972598	0.0	0.0	False
SMIM10L3	7:5989046-6735643	9	0.0273972602739726	0.0273972602739726	1.0	0.9726027397260274	0.027397260273972598	0.0	0.0	False
ANKRD61	7:5989046-6735643	9	0.016362252663622512	0.016362252663622512	0.5	0.4836377473363775	0.11267085235920855	0.0205	0.0	False
PRSS55	8:7301024-12598379	41	-0.012195121951219523	0.012195121951219523	0.17560975609756097	0.1878048780487805	0.027918292682926834	0.008	0.0025	False
PRAG1	8:7301024-12598379	41	0.009756097560975618	0.009756097560975618	0.1378048780487805	0.12804878048780488	0.02662926829268293	0.055	0.021	False
ZDHHC4	7:5989046-6735643	9	-0.005707762557077611	0.005707762557077611	0.6111111111111112	0.6168188736681888	0.13451445966514458	0.0005	0.0005	False
ZNF316	7:5989046-6735643	9	-0.004185692541856911	0.004185692541856911	0.3055555555555556	0.3097412480974125	0.07249866818873667	0.0625	0.0095	False
DEFB134	8:7301024-12598379	41	0.0	0.0	0.9512195121951219	0.9512195121951219	0.0358219512195122	0.0185	0.0185	False
LINC02210CRHR1	17:45585159-46292045	10	0.0	0.0	1.0	1.0	0.0	0.0	0.0	False
STH	17:45585159-46292045	10	0.0	0.0	1.0	1.0	0.0	0.0	0.0	False
