chr	region_start	region_end	recurrence	n_cds	n_cds_with_fourfold	fourfold_sites_direct	fourfold_sites_inverted	pi_fourfold_direct	pi_fourfold_inverted	pi_wholeCDS_direct	pi_wholeCDS_inverted	pi_wholeLocus_direct	pi_wholeLocus_inverted
chr1	13104252	13122521	1.0	1	1	123	123	0.006418485237483954	0.0015297017081669073	0.003544697922280103	0.001372851368689211	0.00164	0.001386
chr1	25324280	25369060	0.0	1	1	71	0	0.0		0.0		4e-05	
chr1	120299058	120600965		1	1	354	354	0.0	0.0	0.0	0.0	0.0	7e-06
chr1	144376209	144600799	0.0	2	2	315	315	0.0	0.0	0.0	0.0	1.8e-05	1.6e-05
chr1	145160434	146154520		19	19	7516	7516	3.414656328103421e-05	0.00013304949441192123	6.074293530288675e-05	0.00011749500646222535	0.000255	0.000525
chr1	146298109	148672872		14	14	4494	4494	0.0004450378282153983	0.00020998462084467054	0.0001268874508311128	0.0001227214467096799	0.000801	0.000722
chr1	148893781	149265643		1	1	422	422	0.0	0.0	0.0	0.0	4.1e-05	4.2e-05
chr1	248128773	248428856	0.0	11	11	1699	0	0.0015750557331233976		0.0013937509203159602		0.001017	
chr1	248518572	248529489		1	1	156	156	0.0	0.0004343307428606881	0.0004612124865289423	0.0006024081008574104	0.001011	0.00069
chr10	46983451	47468232	1.0	4	4	1386	1386	0.0006224406224406225	0.0005497148354291213	0.00019766358178547434	0.00017820547090795694	0.000442	0.000512
chr10	79542901	80217413	0.0	8	8	1924	1924	0.000315473999684526	0.0	0.0003945098154368346	6.629541235746487e-05	0.000632	1.3e-05
chr13	52344010	52502256		3	3	846	846	0.0001480898329807568	0.002364066193853428	0.00016870875256951208	0.0008101851851851853	0.000285	0.000712
chr13	63727377	63820968		1	1	67	67	0.0	0.0	0.0	0.0	0.000191	0.000265
chr15	22701127	23213881		5	5	1438	0	0.0014307422860969452		0.0002500956897703672		0.000638	
chr15	23345459	28389868	0.0	17	17	7713	0	0.0005810731844262827		0.0002582024850433662		0.000888	
chr15	28298424	28623514		4	4	851	851	0.0	0.0	0.0	0.0	0.0008	0.000967
chr15	30618103	32153204	1.0	7	7	2361	2361	0.0006872456766512982	0.0	0.00022915155017256248	0.00010737447923377573	0.000713	0.000347
chr15	82360482	82515134		1	1	187	187	0.0	0.0	0.0	0.0	0.000174	0.000166
chr16	14907775	15028479		1	1	163	163	0.0	0.0	0.0	0.0	3.1e-05	1.3e-05
chr16	14954790	15100859	1.0	3	3	779	779	0.0006251519196823453	0.0	0.00033608926530886605	4.76462740613684e-05	0.000236	7.2e-05
chr16	15384482	16276146	0.0	8	8	3574	0	0.0011155671620137206		0.0003485339271040083		0.000567	
chr16	16721273	18073542	1.0	1	1	489	489	0.0016418872860590654	0.0005842827928717501	0.0004406491997732875	0.0003972391876458614	0.000788	0.000602
chr16	21583511	22432381		12	12	3504	3504	0.00022831050228310496	0.00021789373808119302	0.00021013201772417887	0.00019024850426363664	0.000243	0.00024
chr16	21864964	22432381		8	8	1993	1993	0.0003443357287073451	0.0004014049172102357	0.00028489401167154497	0.0002893915162592339	0.00024	0.000263
chr16	28471892	28637651	1.0	7	7	1454	1454	0.0	0.0	0.0	6.983991295153251e-05	7.6e-05	0.000169
chr17	3082008	3221835	0.0	4	4	584	0	0.0016361882149986883		0.0010214944683411135		0.00084	
chr17	16823490	18384190	0.0	24	24	9684	9684	0.0	0.00026728744200863163	3.503056416723591e-05	0.00014792626846643975	0.000242	0.000469
chr17	18622359	18823773		4	4	781	0	0.0		0.0		1e-06	
chr17	45585159	46292045	0.0	6	6	1805	1805	0.0	0.0002442788463622611	4.568445097079458e-05	0.00018958587550757316	0.000129	0.000238
chr17	60035640	60110888		1	1	578	578	4.6759562330496516e-05	0.0	7.043104951773018e-05	0.0	0.000227	0.000118
chr19	47959660	50091195		98	98	25589	25589	0.0005961721118327672	0.000547110086365235	0.0003519554498414838	0.000288744035631014	0.000683	0.000585
chr2	87987171	111255403	0.0	127	127	35384	0	0.00048559269908390954		0.0002476361217386439		0.000448	
chr2	87995841	88180536	0.0	3	3	312	0	0.001464070908515353		0.0006886897044177612		0.000528	
chr2	95800191	96024403	1.0	1	1	844	844	0.0	0.0	0.0	0.0	8.4e-05	9.9e-05
chr2	108527821	109733036		7	7	2932	2932	0.0004057151985079524	0.001364256480218281	0.00014692067058584248	0.0002550369803621525	0.000556	0.000709
chr2	110095177	110276210		2	2	308	308	0.0002239140170174651	0.0001273236567354216	0.0002979410703924981	0.0002746346378478632	0.000663	0.000415
chr2	130138212	131200602	0.0	17	17	4401	4401	0.0011091409029593388	0.0013633265167007499	0.00043453295801889236	0.00045475216007276033	0.000535	0.000487
chr2	130138212	131530534	0.0	21	21	5255	5255	0.0010060942562237288	0.001141769743101808	0.00039731165485522985	0.0004037392465604522	0.000637	0.000516
chr22	21443089	21491761		1	1	159	159	0.0	0.0	0.0	0.0	0.000105	0.000108
chr3	195692124	195956606		3	3	5098	5098	0.00018895190979956693	0.00029805424077687713	0.000254195298410479	0.000296000296000296	0.000577	0.000561
chr3	195749463	195980207	1.0	1	1	592	592	0.0005773782256833105	0.001967064467064467	0.00030131826741996233	0.0005607872906451106	0.000494	0.000513
chr5	177946129	178003952	0.0	1	1	130	0	0.0037606837606837607		0.0007574929895480535		0.001044	
chr6	167209001	167357782	0.0	2	2	487	487	0.0004991964104958292	0.0	0.0005196680276742773	0.00031776294884016526	0.001303	6.7e-05
chr7	5989046	6735643	1.0	16	16	4304	4304	0.0004904997934737712	0.0007573217791810245	0.0004415149612889726	0.0004830780784654323	0.000671	0.000612
chr7	65219157	65531823	1.0	1	1	187	187	0.0	0.0	0.000275470267098833	0.0	0.000699	0.000241
chr7	73113989	74799029	1.0	26	26	6683	6683	0.0003809872920026727	0.00039902239513192676	0.00019044686069390684	8.721437292865864e-05	0.000292	0.000313
chr7	74869950	75058098	1.0	2	2	278	278	0.0	0.0	0.0	0.0	0.00024	0.000277
chr8	7301024	12598379	1.0	72	72	13444	13444	0.0005963309409946226	0.0005185013171167118	0.0003111580300738365	0.0003122548369946881	0.000871	0.000796
chr9	38773640	42796744		6	6	0	3042		0.0		0.0		2.3e-05
chr9	87942696	88110274	0.0	2	2	207	0	0.0		3.8914669857669625e-05		0.000787	
chrX	72997772	73077479	1.0	1	1	88	88	0.0	0.0	0.0	0.0	0.000453	0.0004
chrX	103989434	104049428	1.0	2	2	153	153	0.0	0.0	0.0005185022134174678	0.0003945834454309031	0.000252	0.000305
chrX	120087101	120149199		1	1	90	90	0.0	0.0	0.0	0.0002415458937198068	0.000411	0.000336
chrX	141110160	141232877		1	1	62	62	0.0	0.0	0.0	0.0	0.000614	0.000643
chrX	149681035	149722249	1.0	1	1	191	191	0.002507577845136401	0.0019377745682132754	0.0006665848771111929	0.0004429797533245808	0.000476	0.000514
chrX	152729753	152738707	1.0	1	1	150	150	0.0	0.0	8.846426043878279e-05	0.00026539278131634835	0.001296	0.001268
chrX	153149748	153250226	1.0	1	1	153	153	0.0005683432793407219	0.0	0.0009550976203572234	0.0010387949978025491	0.00053	0.000517
chrX	154347246	154384867	1.0	2	2	1579	1579	0.00015598823224775927	0.0003558611538345547	5.2074223881805086e-05	0.000107242713240645	7e-05	0.00033
