gene_name	transcript_id	inv_id	consensus	consensus_label	n_direct	n_inverted	cds_pos_1based	direct_allele	inverted_allele
ACTR1B	ENST00000289228.7	2:87987171-111255403	0	Single-event	1	81	428	T	C
CCDC138	ENST00000295124.9	2:87987171-111255403	0	Single-event	1	81	228	G	A
CRHR1	ENST00000314537.10	17:45585159-46292045	0	Single-event	10	72	669	C	T
CRHR1	ENST00000314537.10	17:45585159-46292045	0	Single-event	10	72	774	T	C
EDAR	ENST00000258443.7	2:87987171-111255403	0	Single-event	1	81	813	C	T
FAHD2A	ENST00000233379.9	2:87987171-111255403	0	Single-event	1	81	213	A	G
GCC2	ENST00000309863.11	2:87987171-111255403	0	Single-event	1	81	1029	G	A
HERC2	ENST00000261609.13	15:23345459-28389868	0	Single-event	1	81	1123	G	A
IL1RL1	ENST00000233954.6	2:87987171-111255403	0	Single-event	1	81	486	A	C
KANSL1	ENST00000432791.7	17:45585159-46292045	0	Single-event	10	72	741	G	A
KANSL1	ENST00000432791.7	17:45585159-46292045	0	Single-event	10	72	1491	G	A
KANSL1	ENST00000432791.7	17:45585159-46292045	0	Single-event	10	72	2152	C	T
KANSL1	ENST00000432791.7	17:45585159-46292045	0	Single-event	10	72	2580	C	T
KANSL1	ENST00000432791.7	17:45585159-46292045	0	Single-event	10	72	2742	T	C
KANSL1	ENST00000432791.7	17:45585159-46292045	0	Single-event	10	72	2751	T	C
KANSL1	ENST00000432791.7	17:45585159-46292045	0	Single-event	10	72	3254	C	T
LINC02210CRHR1	ENST00000634540.1	17:45585159-46292045	0	Single-event	10	72	144	C	T
LINC02210CRHR1	ENST00000634540.1	17:45585159-46292045	0	Single-event	10	72	249	T	C
MAPT	ENST00000262410.10	17:45585159-46292045	0	Single-event	10	72	303	A	G
MAPT	ENST00000262410.10	17:45585159-46292045	0	Single-event	10	72	830	T	C
MAPT	ENST00000262410.10	17:45585159-46292045	0	Single-event	10	72	1078	A	G
MAPT	ENST00000262410.10	17:45585159-46292045	0	Single-event	10	72	1333	T	C
MAPT	ENST00000262410.10	17:45585159-46292045	0	Single-event	10	72	1564	C	T
MAPT	ENST00000262410.10	17:45585159-46292045	0	Single-event	10	72	1704	A	G
MAPT	ENST00000262410.10	17:45585159-46292045	0	Single-event	10	72	1857	G	A
MAPT	ENST00000262410.10	17:45585159-46292045	0	Single-event	10	72	1941	C	T
MARF1	ENST00000396368.8	16:15384482-16276146	0	Single-event	1	81	4191	C	T
MTLN	ENST00000611969.5	2:87987171-111255403	0	Single-event	1	81	147	T	G
NPAP1	ENST00000329468.5	15:23345459-28389868	0	Single-event	1	81	878	T	C
NPAP1	ENST00000329468.5	15:23345459-28389868	0	Single-event	1	81	2059	G	A
NPHP1	ENST00000445609.7	2:87987171-111255403	0	Single-event	1	81	14	T	G
RFX8	ENST00000428343.6	2:87987171-111255403	0	Single-event	1	81	1236	A	G
SFTPA1	ENST00000398636.8	10:79542901-80217413	0	Single-event	3	77	56	C	T
SFTPA1	ENST00000398636.8	10:79542901-80217413	0	Single-event	3	77	399	G	A
SFTPD	ENST00000372292.8	10:79542901-80217413	0	Single-event	3	77	868	A	T
SPPL2C	ENST00000329196.7	17:45585159-46292045	0	Single-event	10	72	670	C	T
SPPL2C	ENST00000329196.7	17:45585159-46292045	0	Single-event	10	72	994	A	G
SPPL2C	ENST00000329196.7	17:45585159-46292045	0	Single-event	10	72	1382	C	G
SPPL2C	ENST00000329196.7	17:45585159-46292045	0	Single-event	10	72	1411	G	A
SPPL2C	ENST00000329196.7	17:45585159-46292045	0	Single-event	10	72	1662	C	T
SPPL2C	ENST00000329196.7	17:45585159-46292045	0	Single-event	10	72	1801	C	T
SPPL2C	ENST00000329196.7	17:45585159-46292045	0	Single-event	10	72	1858	A	G
STH	ENST00000537309.1	17:45585159-46292045	0	Single-event	10	72	20	G	A
TTLL2	ENST00000239587.10	6:167209001-167357782	0	Single-event	2	80	605	C	T
UNC93A	ENST00000230256.8	6:167209001-167357782	0	Single-event	2	71	17	A	G
