id	Use	unbiased_pearson_r2	unbiased_rmse	model_p_value	Column 6	best_n_components	num_snps_in_model	p_fdr_bh	Column 9
chr12-46897663-INV-16289	TRUE	0.9997179612	0.005390180156	0.000000003771418941	1	55	363	1.13E-07	
chr6-76111919-INV-44661	TRUE	0.9994524623	0.006297532229	0.000000003707927091	1	63	427	1.13E-07	
chr6-167181003-INV-209976	TRUE	0.9842641229	0.03739141022	0.000000005018177981	1	77	887	1.13E-07	
chr3-131969892-INV-7927	TRUE	0.9420858149	0.101948769	0.00000000436431776	1	55	174	1.13E-07	
chr6-141867315-INV-29159	TRUE	0.9322197135	0.07819603779	0.000000003784674672	1	67	334	1.13E-07	
chr9-30951702-INV-5595	TRUE	0.9150957555	0.06987828309	0.0002727091792	1	71	514	0.001595853715	
chr10-79542902-INV-674513	TRUE	0.8900654453	0.097420923	0.005012035408	1	79	1493	0.02329122337	
chr3-195680867-INV-272256	TRUE	0.8745903172	0.2912541696	0	1	82	534	0	
chr11-24263185-INV-392	TRUE	0.8731636285	0.1219931958	0.000001631963281	1	53	279	0.00001983463065	
chr4-33098029-INV-7075	TRUE	0.8685764237	0.09278593005	0.0000007986718647	1	66	386	1.18E-05	
chr3-195749464-INV-230745	TRUE	0.8643184008	0.2896442479	0	1	80	580	0	
chr8-7301025-INV-5297356	TRUE	0.7648566268	0.4237963583	0.0002065810374	1	71	13801	0.001305592156	
chr13-48199211-INV-7451	TRUE	0.7216213492	0.113082568	0.0001465157707	1	50	217	0.001006499642	
chr9-102565835-INV-4446	TRUE	0.6131692531	0.2631843422	0.0000001247247938	1	52	324	2.19E-06	
chr10-37102555-INV-11157	TRUE	0.5759485248	0.4904816594	0.00760936312	1	29	203	0.03163893087	
chr1-13084312-INV-62181	TRUE	0.5526661607	0.4548508975	0.007065169931	1	13	55	0.03017018511	
chr10-46135869-INV-77646	TRUE	0.5524428855	0.2246195048	0.000001099130092	1	51	184	1.45E-05	
chr17-45585160-INV-706887	TRUE	0.548698324	0.4183008643	0.0003719793476	1	81	855	0.002099026319	
chr11-71571191-INV-6980	TRUE	0.5366130221	0.1832061249	0.00000007526925965	1	71	360	0.000001486567877	
chr21-13992018-INV-65632	TRUE	0.5227224062	0.1751696812	0.0001942545904	1	75	306	0.00127884272	
chr4-187948402-INV-8158	FALSE	0.5096028579	0.563004316	0.03736306288	0	41	288	0.1283339986	
chr7-57835189-INV-284465	TRUE	0.5068232418	0.1820917634	0.0000008234302875	1	60	307	1.18E-05	
chr7-54220528-INV-101153	FALSE	0.5047950779	0.6167704402	0.1314722291	0	39	500	0.3581484862	
chr16-28471894-INV-165758	TRUE	0.5022279319	0.543060396	0.002326541525	1	23	98	0.01148729878	
chr2-95800192-INV-224213	FALSE	0.4943114032	0.3881722176	0.1521909591	0	30	101	0.4007695256	
chr2-240674170-INV-26389	FALSE	0.48819472	0.536943167	0.0336657257	0	37	201	0.1213590728	
chr16-16721274-INV-1352270	FALSE	0.4773104444	0.2836993749	0.1193983854	0	68	3897	0.3309639455	
chr7-70955928-INV-18020	TRUE	0.4641316087	0.5974680125	0.002008647951	1	39	190	0.01023762504	
chr2-45062769-INV-12977	FALSE	0.4494512001	0.2068496401	0.08069154327	0	75	360	0.2360974785	
chr5-64466170-INV-15635	FALSE	0.4426105357	0.5785173882	0.05109647488	0	26	180	0.1614648606	
chr15-30618104-INV-1535102	FALSE	0.4239628871	0.5874593481	0.993723595	0	65	4143	0.9999999987	
chr4-40233409-INV-2010	TRUE	0.4236085246	0.5848162145	0.009736537933	1	45	302	0.03845932484	
chr14-105571550-INV-8996	FALSE	0.4193310461	0.6069265443	0.625	0	23	120	0.9999999987	
chr2-110095179-INV-181032	FALSE	0.4171707195	0.6668150146	0.09355958331	0	30	327	0.2645089286	
chr7-73113990-INV-1685041	FALSE	0.4055444781	0.2328589246	0.04857424821	0	73	1877	0.1566271677	
chr8-102880338-INV-757	FALSE	0.3981698252	1.118507676	0.99609375	0	18	142	0.9999999987	
chr1-60775308-INV-5023	TRUE	0.393186581	0.3059797158	0.00009172901712	1	65	272	0.0006901516526	
chr7-65219158-INV-312667	TRUE	0.370200059	0.6564635147	0.003118998177	1	25	546	0.01493338521	
chr5-64470929-INV-4190	FALSE	0.3700394658	0.5802256316	0.03390504943	0	23	177	0.1213590728	
chr13-37314466-INV-4035	FALSE	0.368252431	0.4975723503	0.06715482573	0	29	337	0.200197405	
chr1-149842162-INV-9508	FALSE	0.3680903751	0.5742729414	0.2051991846	0	10	78	0.5110862888	
chr1-21203898-INV-862	FALSE	0.3655967904	0.4472135955	0.0625	0	48	169	0.1899038462	
chr3-162827167-INV-3077	FALSE	0.3566484297	0.6346059718	0.041015625	0	5	48	0.1350097656	
chr10-4961364-INV-47135	FALSE	0.3468876779	0.4704401477	0.6560834567	0	54	406	0.9999999987	
chr9-123976301-INV-18001	FALSE	0.3455418507	0.7598495339	0.1441145186	0	38	263	0.3859337956	
chr6-26736773-INV-2849	FALSE	0.335245227	0.7757743972	0.970703125	0	3	10	0.9999999987	
chr6-130527042-INV-4267	TRUE	0.3230296152	0.4756063153	0.0001357051029	1	70	330	0.0009746093754	
chr12-131333944-INV-289865	TRUE	0.3222974384	0.2250433461	0.0008125758637	1	80	805	0.004365644432	
chr11-50136371-INV-206505	FALSE	0.3176939787	0.6877852447	0.175503712	0	36	570	0.4472513951	
chr2-138246733-INV-5010	TRUE	0.3069050183	0.6102848521	0.0114311983	1	40	271	0.04405193491	
chr15-84373376-INV-43322	FALSE	0.3031986587	0.670705067	0.3099516482	0	27	142	0.7201817708	
chr13-79822252-INV-17591	TRUE	0.3013968863	0.334026217	0.00005442534382	1	25	226	0.0004777335735	
chr12-131312082-INV-332759	FALSE	0.2956602741	0.2700295961	0.824496288	0	82	917	0.9999999987	
chr14-65375818-INV-880	FALSE	0.2905241749	0.436167889	0.0615234375	0	38	271	0.1899038462	
chr10-91440445-INV-8733	FALSE	0.2800009287	0.6498940211	0.3473601361	0	29	118	0.7954043696	
chr5-17580906-INV-11540	FALSE	0.2320278703	0.6054356982	0.09375	0	11	78	0.2645089286	
chr2-215962719-INV-722	FALSE	0.2181669594	0.4857002702	0.2783203125	0	76	307	0.6662819602	
chr1-197787661-INV-1197	FALSE	0.2048645934	1.01861496	0.9998131215	0	18	233	0.9999999987	
chr11-48880392-INV-19590	FALSE	0.1950910774	0.6657800561	0.2070222942	0	5	38	0.5110862888	
chr7-62290675-INV-72470	FALSE	0.194664169	0.7446290546	0.1662546794	0	22	212	0.4306268745	
chr2-130138213-INV-1062391	FALSE	0.191545296	0.2672371786	0.9920235159	0	74	1807	0.9999999987	
chr10-131619519-INV-1521	FALSE	0.1904541751	0.9742400894	0.99999246	0	28	234	0.9999999987	
chr4-87925789-INV-11799	FALSE	0.1780189846	0.8199090858	0.9193191597	0	30	275	0.9999999987	
chr21-13205468-INV-15566	FALSE	0.1730817052	1.289216947	0.9996473653	0	22	110	0.9999999987	
chr17-30616357-INV-14733	FALSE	0.172666406	0.6598619992	0.9052307323	0	23	201	0.9999999987	
chr15-82330919-INV-26880	FALSE	0.1649292869	1.023831375	0.9375	0	21	101	0.9999999987	
chr2-95496991-INV-82806	FALSE	0.1645028482	0.7117726406	0.7943130536	0	12	73	0.9999999987	
chr7-5989047-INV-746598	FALSE	0.1476770125	0.4320653945	0.6801742712	0	80	1857	0.9999999987	
chr7-62408487-INV-47959	FALSE	0.1440665452	0.6844092298	0.646761342	0	20	298	0.9999999987	
chr1-91666258-INV-840	FALSE	0.1313479359	0.7649390628	0.625	0	47	352	0.9999999987	
chr15-23295577-INV-22616	FALSE	0.1313470286	0.5210099535	0.0345642929	0	6	42	0.1213590728	
chr2-130138213-INV-1392323	FALSE	0.1113307361	0.2926293295	0.9999885988	0	85	2667	0.9999999987	
chr16-15028481-INV-133352	FALSE	0.09978348067	0.6841565621	0.5269145207	0	1	6	0.9999999987	
chr10-55007454-INV-5370	FALSE	0.0979960882	1.031370652	0.9998582054	0	26	246	0.9999999987	
chr15-82360483-INV-154653	FALSE	0.09689354654	0.8023440622	0.9971888471	0	28	139	0.9999999987	
chr1-227492704-INV-15726	FALSE	0.09599180203	0.7938598955	0.9143248483	0	22	169	0.9999999987	
chr12-71546144-INV-1652	FALSE	0.09038997149	0.8147456529	0.902237762	0	31	255	0.9999999987	
chr7-143779395-INV-19333	FALSE	0.08975010094	0.6465324028	0.59375	0	7	18	0.9999999987	
chr2-97168745-INV-1492	FALSE	0.08875993235	1.253185185	0.998046875	0	23	56	0.9999999987	
chr11-310146-INV-10302	FALSE	0.08418674906	0.8634066251	0.4198874507	0	31	259	0.9343974255	
chr11-66251212-INV-1252	FALSE	0.08063852011	0.6751599551	0.6805720885	0	31	146	0.9999999987	
chr5-181095856-INV-7651	FALSE	0.07909002726	1.12741246	0.9892764525	0	40	307	0.9999999987	
chr20-25846149-INV-163496	FALSE	0.0745863591	1.014443518	0.9998016922	0	37	273	0.9999999987	
chr11-62094124-INV-7773	FALSE	0.06729951573	0.8015693216	0.616195783	0	37	339	0.9999999987	
chr17-76181651-INV-1551	FALSE	0.05859491681	0.7518634043	0.7192993164	0	32	247	0.9999999987	
chr14-60604531-INV-8718	FALSE	0.05731155387	0.8849731567	0.9904841368	0	24	251	0.9999999987	
chr9-12016541-INV-55306	FALSE	0.05707481252	0.4915840056	0.999879348	0	77	722	0.9999999987	
chr11-89920625-INV-3224	FALSE	0.04313797136	0.7063525069	0.8456067033	0	5	7	0.9999999987	
chr16-85155144-INV-1053	FALSE	0.04304380577	0.7891078597	0.9976448771	0	52	315	0.9999999987	
chr9-113105213-INV-14149	FALSE	0.04081091862	0.8790671164	0.6420844957	0	37	134	0.9999999987	
chr18-12141485-INV-8631	FALSE	0.03855767115	0.8835138632	0.976964581	0	28	219	0.9999999987	
chr17-60019740-INV-107140	FALSE	0.03512505436	0.9429102309	0.9999466296	0	35	216	0.9999999987	
chr11-4271710-INV-17848	FALSE	0.03239839053	0.7081400679	0.9679903315	0	13	32	0.9999999987	
chr10-47480264-INV-66161	FALSE	0.03174267372	1.213204565	0.9999828782	0	4	49	0.9999999987	
chr1-13190915-INV-133672	FALSE	0.03015576341	1.100128854	0.9999998744	0	22	103	0.9999999987	
chr3-26315757-INV-2108	FALSE	0.02876016686	1.033261103	0.9999989811	0	31	284	0.9999999987	
chr3-75454478-INV-1238	FALSE	0.02731537722	0.6311199417	0.8984375	0	30	513	0.9999999987	
chr1-108311808-INV-57118	FALSE	0.02648852185	0.8531189647	0.6071685235	0	11	61	0.9999999987	
chr10-133657263-INV-130160	FALSE	0.02230513347	1.058368419	0.9999927189	0	8	21	0.9999999987	
chr1-144376210-INV-224591	FALSE	0.0222679619	0.792053184	0.8298786681	0	1	6	0.9999999987	
chr2-108527822-INV-1205216	FALSE	0.0202192858	0.2094459564	0.9807229898	0	72	2898	0.9999999987	
chr7-57641573-INV-197400	FALSE	0.01782504868	0.5443602045	0.00643289417	0	44	494	0.02858200123	
chr14-34540582-INV-21874	FALSE	0.01737640609	0.7921484864	0.9175856099	0	17	137	0.9999999987	
chr7-40839738-INV-1134	FALSE	0.01679682326	0.8255886622	0.9893588404	0	16	142	0.9999999987	
chr17-16823491-INV-1560701	FALSE	0.01585612336	0.3758483828	0.9999990469	0	66	2928	0.9999999987	
chr11-55662740-INV-3952	FALSE	0.01494775688	1.130767513	0.9993922157	0	16	124	0.9999999987	
chr7-143716563-INV-34437	FALSE	0.01335930074	0.9160410669	0.9246742007	0	13	19	0.9999999987	
chr21-26648370-INV-1039	FALSE	0.009545088478	0.8202163675	0.9980700337	0	38	266	0.9999999987	
chr19-47959661-INV-2131536	FALSE	0.006735708369	0.4067114524	0.9999999128	0	71	4798	0.9999999987	
chr7-97445827-INV-13775	FALSE	0.006453509411	1.35540699	0.9999999782	0	35	266	0.9999999987	
chr8-2340295-INV-42058	FALSE	0.005613989943	0.6962783174	0.9910908346	0	21	148	0.9999999987	
chr17-18677352-INV-146444	FALSE	0.005116267055	1.366930694	0.9999999653	0	11	77	0.9999999987	
chr16-75204855-INV-19244	FALSE	0.004152854949	0.9124428251	0.9975056438	0	35	340	0.9999999987	
chr10-46983452-INV-484782	FALSE	0.003627411106	0.4177649403	0.2241962933	0	81	899	0.5449694514	
chr16-20506047-INV-15848	FALSE	0.001452291867	0.8409787013	0.9939132559	0	1	2	0.9999999987	
chr1-248517894-INV-12881	FALSE	0.001318267448	0.7699876798	0.8837405842	0	8	46	0.9999999987	
chr7-74799031-INV-480422	FALSE	0.0008489198982	1.002800814	0.9999416432	0	15	114	0.9999999987	
chr13-52310303-INV-10653	FALSE	0.0008001375127	1.036514977	0.9951903073	0	14	155	0.9999999987	
chr11-738460-INV-2650	FALSE	0.0007644195476	0.3971639344	0.9156036377	0	74	299	0.9999999987	
chr1-145160435-INV-994087	FALSE	0.0006102250718	0.3896441031	0.9665418536	0	80	676	0.9999999987	
chr16-14907776-INV-120705	FALSE	0.0003951271794	0.896769952	0.8714624428	0	2	4	0.9999999987	
chr7-67019304-INV-851	FALSE	0.0003194896732	0.7053269242	0.007986068726	0	62	233	0.03235381689	
chr13-52344011-INV-158247	FALSE	0.0002001270456	0.2676400154	0.00006112891954	0	64	612	0.0004829184644	
chr16-28709345-INV-67143	FALSE	0.0001890228391	0.7842011209	0.8729891452	0	6	28	0.9999999987	
chr7-47614229-INV-1139	FALSE	0.00008137546289	1.32194729	0.9035949707	0	41	207	0.9999999987	
chr2-91832041-INV-180624	FALSE	0.00007793143854	1.140180053	0.9121544479	0	55	329	0.9999999987	
chr13-63717417-INV-120779	FALSE	0.00006244575604	1.020512098	0.9997606057	0	36	443	0.9999999987	
chr6-123106042-INV-3793	FALSE	0.00002477367586	1.186973959	0.9999996326	0	29	252	0.9999999987	
chr10-71065991-INV-2615	FALSE	0.000008517250701	1.121810764	0.9990812974	0	49	251	0.9999999987	
chr14-85872201-INV-17070	FALSE	0	0.1125030508	0.000002247409227	0	60	283	0.00002536361842	
chr19-43355096-INV-25294	FALSE	0	0.04564354646	0.00001553905267	0	66	266	0.0001636780215	
chr10-15742645-INV-17942	FALSE	0	0.08486329122	0.00002200836728	0	61	277	0.0002173326269	
chr13-64598738-INV-17482	FALSE	0	0.03116051321	0.00003685954091	0	66	351	0.0003425769096	
chr10-65465442-INV-4580	FALSE	0	0.05035031211	0.00005832655198	0	57	325	0.0004829184644	
chr21-43821743-INV-13374	FALSE	0	0.06106739263	0.0002570403697	0	56	381	0.001562014554	
chr5-177946130-INV-57824	FALSE	0	0.07981910662	0.0008289198288	0	55	149	0.004365644432	
chr5-124425561-INV-121098	FALSE	0	0.03212068669	0.00651235471	0	76	663	0.02858200123	
chr1-248128774-INV-300084	FALSE	0	0.1182608674	0.02573043457	0	75	877	0.09679544433	
chr11-18246600-INV-21672	FALSE	0	0.06282260472	0.04057177979	0	67	256	0.1350097656	
chr9-87942698-INV-167577	FALSE	0	0.2303297649	0.3050521722	0	47	594	0.7193767643	
chr5-112179912-INV-56689	FALSE	0	0.2628882254	0.4068459682	0	73	416	0.9183094711	
chr2-87995842-INV-184695	FALSE	0	0.1839856156	0.4673631829	0	70	380	0.9999999987	
chr17-3052058-INV-200164	FALSE	0	0.1739582408	0.6448343498	0	76	500	0.9999999987	
chr7-33990522-INV-19762	FALSE	0	0.2029539296	0.6469612918	0	67	277	0.9999999987	
chr8-85769985-INV-51732	FALSE	0	0.7727806867	0.75	0	10	36	0.9999999987	
chr12-75713181-INV-18615	FALSE	0	0.2174684451	0.8450840879	0	72	274	0.9999999987	
chr20-24397727-INV-8419	FALSE	0	0.5228115167	0.9908298619	0	63	282	0.9999999987	
chr21-19877735-INV-192437	FALSE	0	0.3723586519	0.9999985676	0	78	849	0.9999999987	
chr1-81642914-INV-66617	FALSE	0	0.2146253979	0.9999987083	0	77	508	0.9999999987	
chr7-107418074-INV-5179	FALSE	0	1.373876106	0.9999995192	0	25	252	0.9999999987	
chr20-47827034-INV-77611	FALSE	0	1.198971099	0.999999792	0	34	335	0.9999999987	
chr15-22701128-INV-512754	FALSE	0	0.2118375952	0.9999998916	0	82	796	0.9999999987	
chr1-25338356-INV-24067	FALSE	0	1.262301899	0.999999895	0	1	8	0.9999999987	
chr13-53902574-INV-190801	FALSE	0	0.3802403467	0.9999999778	0	68	698	0.9999999987	
chr2-87987172-INV-23268233	FALSE	0	0.2090034632	0.9999999926	0	72	35464	0.9999999987	
chr15-23345460-INV-5044410	FALSE	0	0.2647041364	0.9999999951	0	83	13587	0.9999999987	
chr16-15384483-INV-891665	FALSE	0	0.2186353572	0.9999999984	0	72	2017	0.9999999987	
chr4-156904334-INV-8519	FALSE	0	1.031205726	0.9999999987	0	30	222	0.9999999987	