Inversion	Population	N	Mean_Dosage	Allele_Freq	CI95_Lower	CI95_Upper	Dosage_STD_All
chr1-13084312-INV-62181	ALL	382817	1.1705991766300867	0.5852995883150434	0.5848831870771423	0.5857159895529445	0.2628945264251727
chr1-13084312-INV-62181	afr	74446	1.2227819412728689	0.6113909706364344	0.6103077754806635	0.6124741657922054	0.2628945264251727
chr1-13084312-INV-62181	amr	70514	1.129393167314292	0.564696583657146	0.5638515336986433	0.5655416336156488	0.2628945264251727
chr1-13084312-INV-62181	eas	9695	1.2319658277462608	0.6159829138731304	0.6119496815835749	0.620016146162686	0.2628945264251727
chr1-13084312-INV-62181	eur	221337	1.1639592987164367	0.5819796493582183	0.5814672706448842	0.5824920280715524	0.2628945264251727
chr1-13084312-INV-62181	mid	1462	1.125457250341997	0.5627286251709985	0.5552073024220215	0.5702499479199755	0.2628945264251727
chr1-13084312-INV-62181	sas	5363	1.1634205295543536	0.5817102647771768	0.5775889697777631	0.5858315597765905	0.2628945264251727
chr1-60775308-INV-5023	ALL	382817	0.1855191321179571	0.09275956605897855	0.0921123095233395	0.09340682259461759	0.4086447995931252
chr1-60775308-INV-5023	afr	74446	0.2114789605888832	0.1057394802944416	0.10449838714082374	0.10698057344805947	0.4086447995931252
chr1-60775308-INV-5023	amr	70514	0.21166617976572033	0.10583308988286017	0.10428518041145643	0.1073809993542639	0.4086447995931252
chr1-60775308-INV-5023	eas	9695	-0.007953274883960805	-0.003976637441980403	0.0	0.0	0.4086447995931252
chr1-60775308-INV-5023	eur	221337	0.17789964985519818	0.08894982492759909	0.08805253833595113	0.08984711151924706	0.4086447995931252
chr1-60775308-INV-5023	mid	1462	0.20377619699042407	0.10188809849521203	0.09134067017869536	0.1124355268117287	0.4086447995931252
chr1-60775308-INV-5023	sas	5363	0.14061109453663995	0.07030554726831997	0.06540487263065177	0.07520622190598818	0.4086447995931252
chr10-37102555-INV-11157	ALL	382817	1.121728180827915	0.5608640904139575	0.5599989332791803	0.5617292475487347	0.5462161360928479
chr10-37102555-INV-11157	afr	74446	0.9762344504741691	0.48811722523708456	0.486368845590962	0.48986560488320713	0.5462161360928479
chr10-37102555-INV-11157	amr	70514	1.1200654791956208	0.5600327395978104	0.5580056135413352	0.5620598656542857	0.5462161360928479
chr10-37102555-INV-11157	eas	9695	0.8192236719958741	0.40961183599793705	0.4049839246826807	0.4142397473131934	0.5462161360928479
chr10-37102555-INV-11157	eur	221337	1.190217088421728	0.595108544210864	0.5939577045788997	0.5962593838428283	0.5462161360928479
chr10-37102555-INV-11157	mid	1462	1.1625259233926128	0.5812629616963064	0.5672680077830266	0.5952579156095863	0.5462161360928479
chr10-37102555-INV-11157	sas	5363	0.872366921499161	0.4361834607495805	0.42941467231058095	0.44295224918858	0.5462161360928479
chr10-46135869-INV-77646	ALL	382817	0.039570747641823646	0.019785373820911823	0.01949641647156251	0.020074331170261136	0.1824329483196778
chr10-46135869-INV-77646	afr	74446	0.02895989979313865	0.014479949896569325	0.013735215159278167	0.015224684633860482	0.1824329483196778
chr10-46135869-INV-77646	amr	70514	0.06314667016478998	0.03157333508239499	0.030755941659479254	0.032390728505310724	0.1824329483196778
chr10-46135869-INV-77646	eas	9695	0.034724693140794224	0.017362346570397112	0.015677971419131055	0.01904672172166317	0.1824329483196778
chr10-46135869-INV-77646	eur	221337	0.036191890194590154	0.018095945097295077	0.017764550302584024	0.01842733989200613	0.1824329483196778
chr10-46135869-INV-77646	mid	1462	0.010962311901504786	0.005481155950752393	0.0028427653861688423	0.008119546515335944	0.1824329483196778
chr10-46135869-INV-77646	sas	5363	0.032891049785567776	0.016445524892783888	0.014327836527514931	0.018563213258052845	0.1824329483196778
chr10-79542902-INV-674513	ALL	382817	0.13922833442610963	0.06961416721305481	0.06916486319916758	0.07006347122694205	0.2836676628225317
chr10-79542902-INV-674513	afr	74446	0.08017948445853369	0.040089742229266846	0.03949198137183674	0.040687503086696955	0.2836676628225317
chr10-79542902-INV-674513	amr	70514	0.28540027795898687	0.14270013897949343	0.14124197162066943	0.14415830633831744	0.2836676628225317
chr10-79542902-INV-674513	eas	9695	0.05297129448169159	0.026485647240845796	0.02497970520487463	0.027991589276816962	0.2836676628225317
chr10-79542902-INV-674513	eur	221337	0.11349671857845728	0.05674835928922864	0.05621408009717409	0.05728263848128319	0.2836676628225317
chr10-79542902-INV-674513	mid	1462	0.15581108071135433	0.07790554035567716	0.07020316720612163	0.0856079135052327	0.2836676628225317
chr10-79542902-INV-674513	sas	5363	0.25038980048480325	0.12519490024240162	0.12013082631006912	0.13025897417473412	0.2836676628225317
chr11-24263185-INV-392	ALL	382817	0.024106878482408042	0.012053439241204021	0.01179611495882647	0.012310763523581573	0.16246144150371472
chr11-24263185-INV-392	afr	74446	0.12882447545872175	0.06441223772936087	0.06352713541012814	0.06529734004859361	0.16246144150371472
chr11-24263185-INV-392	amr	70514	-0.020900931729869246	-0.010450465864934623	0.0	0.0	0.16246144150371472
chr11-24263185-INV-392	eas	9695	0.02178731304796287	0.010893656523981434	0.009654181029132186	0.012133132018830683	0.16246144150371472
chr11-24263185-INV-392	eur	221337	0.003439007486321763	0.0017195037431608814	0.0015566254285686624	0.0018823820577531004	0.16246144150371472
chr11-24263185-INV-392	mid	1462	0.02550916552667579	0.012754582763337895	0.009462797939989723	0.016046367586686067	0.16246144150371472
chr11-24263185-INV-392	sas	5363	0.019049468581018088	0.009524734290509044	0.008196444480567453	0.010853024100450635	0.16246144150371472
chr11-71571191-INV-6980	ALL	382817	0.025459392607956276	0.012729696303978138	0.01248754497730357	0.012971847630652707	0.15288201031827425
chr11-71571191-INV-6980	afr	74446	0.11356342180909651	0.056781710904548255	0.05599179433890716	0.05757162747018935	0.15288201031827425
chr11-71571191-INV-6980	amr	70514	0.007900650934566185	0.003950325467283093	0.003475665868795428	0.004424985065770757	0.15288201031827425
chr11-71571191-INV-6980	eas	9695	-0.022438617844249612	-0.011219308922124806	0.0	0.0	0.15288201031827425
chr11-71571191-INV-6980	eur	221337	0.00438148524647935	0.002190742623239675	0.0019343593374309756	0.0024471259090483744	0.15288201031827425
chr11-71571191-INV-6980	mid	1462	0.02241484268125855	0.011207421340629275	0.006585431214576601	0.015829411466681948	0.15288201031827425
chr11-71571191-INV-6980	sas	5363	-0.009355509975759835	-0.004677754987879918	0.0	0.0	0.15288201031827425
chr12-131333944-INV-289865	ALL	382817	0.03632389549053464	0.01816194774526732	0.017950342734132	0.018373552756402643	0.13359662298801003
chr12-131333944-INV-289865	afr	74446	-0.0041327458829218495	-0.0020663729414609248	0.0	0.0	0.13359662298801003
chr12-131333944-INV-289865	amr	70514	0.1104018237513118	0.0552009118756559	0.0543696131632577	0.0560322105880541	0.13359662298801003
chr12-131333944-INV-289865	eas	9695	0.07081163486333161	0.035405817431665806	0.03394732360621291	0.036864311257118705	0.13359662298801003
chr12-131333944-INV-289865	eur	221337	0.02460525804542395	0.012302629022711975	0.012130355786847591	0.01247490225857636	0.13359662298801003
chr12-131333944-INV-289865	mid	1462	0.0354	0.0177	0.015179768005696277	0.020220231994303724	0.13359662298801003
chr12-131333944-INV-289865	sas	5363	0.045472552675741185	0.022736276337870592	0.021295960012577463	0.024176592663163722	0.13359662298801003
chr12-46897663-INV-16289	ALL	382817	0.08838560878957831	0.044192804394789155	0.04378522234841129	0.04460038644116702	0.2573265382255189
chr12-46897663-INV-16289	afr	74446	0.018768355586599686	0.009384177793299843	0.008944018505085128	0.009824337081514558	0.2573265382255189
chr12-46897663-INV-16289	amr	70514	0.07367739030547125	0.03683869515273563	0.03597447220343097	0.03770291810204029	0.2573265382255189
chr12-46897663-INV-16289	eas	9695	0.005953027333677153	0.0029765136668385766	0.0023043812065763926	0.0036486461271007607	0.2573265382255189
chr12-46897663-INV-16289	eur	221337	0.11727465358254607	0.05863732679127304	0.05803040838763181	0.059244245194914266	0.2573265382255189
chr12-46897663-INV-16289	mid	1462	0.16524069767441857	0.08262034883720928	0.0738405481425264	0.09140014953189217	0.2573265382255189
chr12-46897663-INV-16289	sas	5363	0.18394193548387094	0.09197096774193547	0.08722374109392561	0.09671819438994533	0.2573265382255189
chr13-48199211-INV-7451	ALL	382817	0.02202145359270878	0.01101072679635439	0.010856485068921558	0.011164968523787223	0.09738036825453956
chr13-48199211-INV-7451	afr	74446	0.07327689869166912	0.03663844934583456	0.035935015531595185	0.03734188316007393	0.09738036825453956
chr13-48199211-INV-7451	amr	70514	0.012507811214794225	0.006253905607397112	0.006001470037518803	0.0065063411772754215	0.09738036825453956
chr13-48199211-INV-7451	eas	9695	-0.00037288292934502335	-0.00018644146467251168	0.0	0.0	0.09738036825453956
chr13-48199211-INV-7451	eur	221337	0.009248162304540135	0.004624081152270068	0.004563371947594989	0.0046847903569451465	0.09738036825453956
chr13-48199211-INV-7451	mid	1462	0.017514705882352943	0.008757352941176471	0.007407450464766868	0.010107255417586074	0.09738036825453956
chr13-48199211-INV-7451	sas	5363	0.004491348126048853	0.0022456740630244264	0.0017567443185555719	0.002734603807493281	0.09738036825453956
chr13-79822252-INV-17591	ALL	382817	0.04472660566275792	0.02236330283137896	0.022112745414280963	0.022613860248476957	0.15818918753055605
chr13-79822252-INV-17591	afr	74446	0.15904921956854634	0.07952460978427317	0.07845533861086053	0.08059388095768581	0.15818918753055605
chr13-79822252-INV-17591	amr	70514	0.027768753722665	0.0138843768613325	0.013480926691559498	0.014287827031105503	0.15818918753055605
chr13-79822252-INV-17591	eas	9695	0.01344964414646725	0.006724822073233625	0.006480623750335929	0.006969020396131321	0.15818918753055605
chr13-79822252-INV-17591	eur	221337	0.013882057224955611	0.006941028612477806	0.006809756374529081	0.0070723008504265305	0.15818918753055605
chr13-79822252-INV-17591	mid	1462	0.019154993160054718	0.009577496580027359	0.008069517945282755	0.011085475214771963	0.15818918753055605
chr13-79822252-INV-17591	sas	5363	0.017234588849524522	0.008617294424762261	0.00760384820911482	0.009630740640409701	0.15818918753055605
chr16-28471894-INV-165758	ALL	382817	0.9132685337902966	0.4566342668951483	0.4560719269907586	0.457196606799538	0.3550327650313571
chr16-28471894-INV-165758	afr	74446	0.9581074725304248	0.4790537362652124	0.4774162963059057	0.4806911762245191	0.3550327650313571
chr16-28471894-INV-165758	amr	70514	0.9035545437785406	0.4517772718892703	0.45071492398463026	0.45283961979391035	0.3550327650313571
chr16-28471894-INV-165758	eas	9695	1.0476394223826715	0.5238197111913357	0.5214398240851442	0.5261995982975273	0.3550327650313571
chr16-28471894-INV-165758	eur	221337	0.8986965170757714	0.4493482585378857	0.448646853988254	0.45004966308751737	0.3550327650313571
chr16-28471894-INV-165758	mid	1462	0.8053279753761972	0.4026639876880986	0.39347979294641733	0.41184818242977983	0.3550327650313571
chr16-28471894-INV-165758	sas	5363	0.8064817452918144	0.4032408726459072	0.39860154135308284	0.40788020393873153	0.3550327650313571
chr17-45585160-INV-706887	ALL	382817	0.134830031842891	0.0674150159214455	0.0668382255617301	0.0679918062811609	0.3641560462891851
chr17-45585160-INV-706887	afr	74446	0.017037247132149474	0.008518623566074737	0.007784689502290818	0.009252557629858655	0.3641560462891851
chr17-45585160-INV-706887	amr	70514	0.13631877499503645	0.06815938749751822	0.0669118245429587	0.06940695045207775	0.3641560462891851
chr17-45585160-INV-706887	eas	9695	0.0029191954615781328	0.0014595977307890664	0.0006723628072345231	0.0022468326543436095	0.3641560462891851
chr17-45585160-INV-706887	eur	221337	0.18211538107049435	0.09105769053524718	0.09020362880743218	0.09191175226306217	0.3641560462891851
chr17-45585160-INV-706887	mid	1462	0.18274767441860465	0.09137383720930232	0.08195087271267287	0.10079680170593178	0.3641560462891851
chr17-45585160-INV-706887	sas	5363	0.024266362110758898	0.012133181055379449	0.008630004274783344	0.015636357835975553	0.3641560462891851
chr2-138246733-INV-5010	ALL	382817	0.8642407732676448	0.4321203866338224	0.4314944288002783	0.43274634446736654	0.39519788423588104
chr2-138246733-INV-5010	afr	74446	1.020274549337775	0.5101372746688875	0.5085719126670195	0.5117026366707554	0.39519788423588104
chr2-138246733-INV-5010	amr	70514	0.9244839223416627	0.46224196117083133	0.4607988758606009	0.46368504648106174	0.39519788423588104
chr2-138246733-INV-5010	eas	9695	1.230624012377514	0.615312006188757	0.6118322747954492	0.6187917375820648	0.39519788423588104
chr2-138246733-INV-5010	eur	221337	0.7781144164780401	0.38905720823902007	0.3883191637698674	0.3897952527081727	0.39519788423588104
chr2-138246733-INV-5010	mid	1462	0.7553132010943913	0.37765660054719563	0.3679479966478155	0.38736520444657574	0.39519788423588104
chr2-138246733-INV-5010	sas	5363	0.8280744732425882	0.4140372366212941	0.40937438336447507	0.41870008987811314	0.39519788423588104
chr21-13992018-INV-65632	ALL	382817	-0.0008873513976652029	-0.00044367569883260147	0.0	0.0	0.051796316914392744
chr21-13992018-INV-65632	afr	74446	-0.017814673723235638	-0.008907336861617819	0.0	0.0	0.051796316914392744
chr21-13992018-INV-65632	amr	70514	0.0018620997248773295	0.0009310498624386647	0.0007811890119582944	0.001080910712919035	0.051796316914392744
chr21-13992018-INV-65632	eas	9695	-0.021555544094894276	-0.010777772047447138	0.0	0.0	0.051796316914392744
chr21-13992018-INV-65632	eur	221337	0.004914933788747476	0.002457466894373738	0.0023437581175538413	0.0025711756711936347	0.051796316914392744
chr21-13992018-INV-65632	mid	1462	0.004740082079343365	0.0023700410396716824	0.0011540788019363578	0.003586003277407007	0.051796316914392744
chr21-13992018-INV-65632	sas	5363	-0.005700503449561812	-0.002850251724780906	0.0	0.0	0.051796316914392744
chr3-131969892-INV-7927	ALL	382817	0.11896727731527074	0.05948363865763537	0.05902418748030318	0.05994308983496756	0.2900740648348486
chr3-131969892-INV-7927	afr	74446	0.028401884587486232	0.014200942293743116	0.013694967882055927	0.014706916705430305	0.2900740648348486
chr3-131969892-INV-7927	amr	70514	0.21889163570354822	0.10944581785177411	0.10808637321864012	0.1108052624849081	0.2900740648348486
chr3-131969892-INV-7927	eas	9695	0.21024247550283648	0.10512123775141824	0.10147406316849691	0.10876841233433956	0.2900740648348486
chr3-131969892-INV-7927	eur	221337	0.11429052621116216	0.05714526310558108	0.05655113236300993	0.05773939384815223	0.2900740648348486
chr3-131969892-INV-7927	mid	1462	0.0927423392612859	0.04637116963064295	0.03965735558265391	0.05308498367863199	0.2900740648348486
chr3-131969892-INV-7927	sas	5363	0.09747387656162596	0.04873693828081298	0.04529709862067553	0.05217677794095042	0.2900740648348486
chr3-195680867-INV-272256	ALL	382817	0.3081180289799042	0.1540590144899521	0.15351234870678876	0.15460568027311544	0.3451369234682821
chr3-195680867-INV-272256	afr	74446	0.5660208768771997	0.28301043843859985	0.2816667987016771	0.2843540781755226	0.3451369234682821
chr3-195680867-INV-272256	amr	70514	0.20220431403692884	0.10110215701846442	0.10004511640212806	0.10215919763480079	0.3451369234682821
chr3-195680867-INV-272256	eas	9695	0.07777392470345539	0.03888696235172769	0.037003339880466786	0.0407705848229886	0.3451369234682821
chr3-195680867-INV-272256	eur	221337	0.26814664877539673	0.13407332438769837	0.1334193033128076	0.13472734546258913	0.3451369234682821
chr3-195680867-INV-272256	mid	1462	0.2772706566347469	0.13863532831737346	0.13093520936469102	0.1463354472700559	0.3451369234682821
chr3-195680867-INV-272256	sas	5363	0.195120566846914	0.097560283423457	0.09381827551945059	0.10130229132746342	0.3451369234682821
chr3-195749464-INV-230745	ALL	382817	0.3036376749203927	0.15181883746019634	0.15126287781175451	0.15237479710863816	0.3510045964929051
chr3-195749464-INV-230745	afr	74446	0.5754728971334927	0.28773644856674635	0.28634709350074394	0.28912580363274876	0.3510045964929051
chr3-195749464-INV-230745	amr	70514	0.20018608928723375	0.10009304464361687	0.09902879150440812	0.10115729778282563	0.3510045964929051
chr3-195749464-INV-230745	eas	9695	0.0772332129963899	0.03861660649819495	0.0367278324151235	0.0405053805812664	0.3510045964929051
chr3-195749464-INV-230745	eur	221337	0.25836671546103906	0.12918335773051953	0.1285273230686747	0.12983939239236436	0.3510045964929051
chr3-195749464-INV-230745	mid	1462	0.26125642954856365	0.13062821477428183	0.12284638453820057	0.13841004501036308	0.3510045964929051
chr3-195749464-INV-230745	sas	5363	0.17960842811859035	0.08980421405929517	0.08600318585366938	0.09360524226492097	0.3510045964929051
chr4-33098029-INV-7075	ALL	382817	0.015304647390267413	0.007652323695133707	0.007492867538004542	0.007811779852262871	0.10067249349533954
chr4-33098029-INV-7075	afr	74446	0.10606869543024473	0.05303434771512237	0.052367302848673525	0.05370139258157121	0.10067249349533954
chr4-33098029-INV-7075	amr	70514	0.004419416002495958	0.002209708001247979	0.0019495240603594785	0.0024698919421364796	0.10067249349533954
chr4-33098029-INV-7075	eas	9695	0.0006064259927797834	0.0003032129963898917	0.00017685468434249643	0.0004295713084372869	0.10067249349533954
chr4-33098029-INV-7075	eur	221337	-0.010558983812015163	-0.005279491906007581	0.0	0.0	0.10067249349533954
chr4-33098029-INV-7075	mid	1462	-0.003939603283173735	-0.0019698016415868676	0.0	0.0	0.10067249349533954
chr4-33098029-INV-7075	sas	5363	-0.002268767480887563	-0.0011343837404437815	0.0	0.0	0.10067249349533954
chr4-40233409-INV-2010	ALL	382817	0.3583051131480577	0.17915255657402884	0.1783470522842242	0.17995806086383348	0.5085543690240781
chr4-40233409-INV-2010	afr	74446	0.6305839897375277	0.31529199486876386	0.31322180253027315	0.31736218720725456	0.5085543690240781
chr4-40233409-INV-2010	amr	70514	0.2917289984967524	0.1458644992483762	0.14405962363210723	0.14766937486464515	0.5085543690240781
chr4-40233409-INV-2010	eas	9695	0.14666833419288294	0.07333416709644147	0.07039013671887555	0.0762781974740074	0.5085543690240781
chr4-40233409-INV-2010	eur	221337	0.2972750764671067	0.14863753823355336	0.14766783227852545	0.14960724418858126	0.5085543690240781
chr4-40233409-INV-2010	mid	1462	0.4029841997264022	0.2014920998632011	0.18866436664339795	0.21431983308300426	0.5085543690240781
chr4-40233409-INV-2010	sas	5363	0.34323479395860523	0.17161739697930262	0.16545828618174957	0.17777650777685566	0.5085543690240781
chr6-130527042-INV-4267	ALL	382817	0.08640735573394075	0.04320367786697037	0.042871672473005745	0.043535683260935	0.2096112904392121
chr6-130527042-INV-4267	afr	74446	0.1861208513553448	0.0930604256776724	0.09214692931775813	0.09397392203758669	0.2096112904392121
chr6-130527042-INV-4267	amr	70514	0.06264245965340216	0.03132122982670108	0.03060072134372029	0.03204173830968188	0.2096112904392121
chr6-130527042-INV-4267	eas	9695	0.08368324909747293	0.04184162454873647	0.039617696655054865	0.04406555244241807	0.2096112904392121
chr6-130527042-INV-4267	eur	221337	0.05920985781862048	0.02960492890931024	0.029225530413646898	0.029984327404973584	0.2096112904392121
chr6-130527042-INV-4267	mid	1462	0.05761053351573188	0.02880526675786594	0.02434089331586911	0.03326964019986277	0.2096112904392121
chr6-130527042-INV-4267	sas	5363	0.1499558829013612	0.0749779414506806	0.07097778848210744	0.07897809441925376	0.2096112904392121
chr6-141867315-INV-29159	ALL	382817	0.02437165669236215	0.012185828346181074	0.012005187184601897	0.012366469507760252	0.11404762595237639
chr6-141867315-INV-29159	afr	74446	0.11076074873062351	0.055380374365311756	0.05457407713148554	0.05618667159913797	0.11404762595237639
chr6-141867315-INV-29159	amr	70514	0.012135154721048301	0.006067577360524151	0.005782844164261367	0.006352310556786934	0.11404762595237639
chr6-141867315-INV-29159	eas	9695	7.189272821041773e-05	3.5946364105208865e-05	8.879410799708457e-06	6.301331741070928e-05	0.11404762595237639
chr6-141867315-INV-29159	eur	221337	0.0009109949985768311	0.00045549749928841554	0.00041119346388368447	0.0004998015346931467	0.11404762595237639
chr6-141867315-INV-29159	mid	1462	0.008898974008207935	0.004449487004103967	0.0028606197502709907	0.006038354257936944	0.11404762595237639
chr6-141867315-INV-29159	sas	5363	0.0024514823792653366	0.0012257411896326683	0.0007980476248545446	0.0016534347544107921	0.11404762595237639
chr6-167181003-INV-209976	ALL	382817	0.05772242167928803	0.028861210839644016	0.02868507682134608	0.029037344857941953	0.11120204531859917
chr6-167181003-INV-209976	afr	74446	0.1299071165677135	0.06495355828385675	0.06416168545526907	0.06574543111244444	0.11120204531859917
chr6-167181003-INV-209976	amr	70514	0.05081368948010323	0.025406844740051615	0.025103177974448367	0.025710511505654864	0.11120204531859917
chr6-167181003-INV-209976	eas	9695	0.030280691077875187	0.015140345538937594	0.014827232935478784	0.015453458142396403	0.11120204531859917
chr6-167181003-INV-209976	eur	221337	0.037435849406109244	0.018717924703054622	0.018668450472024273	0.01876739893408497	0.11120204531859917
chr6-167181003-INV-209976	mid	1462	0.04485916552667578	0.02242958276333789	0.020977157667991027	0.023882007858684752	0.11120204531859917
chr6-167181003-INV-209976	sas	5363	0.0368988625769159	0.01844943128845795	0.017982734146161326	0.018916128430754575	0.11120204531859917
chr6-76111919-INV-44661	ALL	382817	0.015626047955028123	0.007813023977514062	0.00768978806765632	0.007936259887371802	0.07780487474996686
chr6-76111919-INV-44661	afr	74446	0.02978157859388013	0.014890789296940064	0.014584963672461038	0.015196614921419091	0.07780487474996686
chr6-76111919-INV-44661	amr	70514	0.040411499844002614	0.020205749922001307	0.019714011735967846	0.02069748810803477	0.07780487474996686
chr6-76111919-INV-44661	eas	9695	0.07040364105208873	0.03520182052604436	0.03347142134100585	0.036932219711082875	0.07780487474996686
chr6-76111919-INV-44661	eur	221337	0.0006729828270917197	0.00033649141354585984	0.0003027203152717248	0.00037026251181999486	0.07780487474996686
chr6-76111919-INV-44661	mid	1462	0.0012623803009575926	0.0006311901504787963	0.00013943140659189673	0.001122948894365696	0.07780487474996686
chr6-76111919-INV-44661	sas	5363	0.015263099011747156	0.007631549505873578	0.006520395106153064	0.008742703905594092	0.07780487474996686
chr7-57835189-INV-284465	ALL	382817	0.0008002818579112212	0.0004001409289556106	0.00036433225971181757	0.0004359495981994037	0.022607769348175082
chr7-57835189-INV-284465	afr	74446	0.0035330951293555055	0.0017665475646777527	0.0015936362884529911	0.0019394588409025143	0.022607769348175082
chr7-57835189-INV-284465	amr	70514	0.00048222906089570865	0.00024111453044785432	0.00018109340616741294	0.0003011356547282957	0.022607769348175082
chr7-57835189-INV-284465	eas	9695	0.0	0.0	0.0	0.0	0.022607769348175082
chr7-57835189-INV-284465	eur	221337	4.065926618685534e-05	2.032963309342767e-05	1.1852142044844817e-05	2.880712414201052e-05	0.022607769348175082
chr7-57835189-INV-284465	mid	1462	0.0	0.0	0.0	0.0	0.022607769348175082
chr7-57835189-INV-284465	sas	5363	6.21666977438001e-05	3.108334887190005e-05	0.0	9.198843863969938e-05	0.022607769348175082
chr7-65219158-INV-312667	ALL	382817	1.2461628268859533	0.6230814134429766	0.6224282166658816	0.6237346102200717	0.41239516539968507
chr7-65219158-INV-312667	afr	74446	0.8831960226204228	0.4415980113102114	0.44016074231236235	0.4430352803080605	0.41239516539968507
chr7-65219158-INV-312667	amr	70514	1.2910986655132313	0.6455493327566156	0.6443688370776741	0.6467298284355572	0.41239516539968507
chr7-65219158-INV-312667	eas	9695	1.3139757813305828	0.6569878906652914	0.6532145429886177	0.6607612383419651	0.41239516539968507
chr7-65219158-INV-312667	eur	221337	1.3474319354649245	0.6737159677324622	0.6729273219898595	0.674504613475065	0.41239516539968507
chr7-65219158-INV-312667	mid	1462	1.3270592339261287	0.6635296169630643	0.6569369071963971	0.6701223267297316	0.41239516539968507
chr7-65219158-INV-312667	sas	5363	1.369695021443222	0.684847510721611	0.6812031712828582	0.6884918501603637	0.41239516539968507
chr7-70955928-INV-18020	ALL	382817	1.22021014244404	0.61010507122202	0.6092659437540208	0.6109441986900191	0.5297823306721181
chr7-70955928-INV-18020	afr	74446	1.0331305684657335	0.5165652842328667	0.5147642247312119	0.5183663437345216	0.5297823306721181
chr7-70955928-INV-18020	amr	70514	1.2976090492668122	0.6488045246334061	0.6468107073273331	0.650798341939479	0.5297823306721181
chr7-70955928-INV-18020	eas	9695	1.1496063331614232	0.5748031665807116	0.5676898876467561	0.5819164455146671	0.5297823306721181
chr7-70955928-INV-18020	eur	221337	1.2598531741191037	0.6299265870595518	0.6288632716873279	0.6309899024317758	0.5297823306721181
chr7-70955928-INV-18020	mid	1462	1.3136391244870043	0.6568195622435021	0.6440506410646755	0.6695884834223288	0.5297823306721181
chr7-70955928-INV-18020	sas	5363	1.2655318851389148	0.6327659425694574	0.6252106467481474	0.6403212383907674	0.5297823306721181
chr8-7301025-INV-5297356	ALL	382817	0.9847920813339008	0.4923960406669504	0.4919619623856066	0.49283011894829426	0.2740549110289939
chr8-7301025-INV-5297356	afr	74446	1.0697261625876473	0.5348630812938237	0.5340520315352099	0.5356741310524374	0.2740549110289939
chr8-7301025-INV-5297356	amr	70514	0.8102396275916839	0.40511981379584194	0.4040343598530783	0.4062052677386056	0.2740549110289939
chr8-7301025-INV-5297356	eas	9695	0.6174699123259412	0.3087349561629706	0.3070199161214949	0.3104499962044463	0.2740549110289939
chr8-7301025-INV-5297356	eur	221337	1.0291150910150584	0.5145575455075292	0.5140411860407641	0.5150739049742943	0.2740549110289939
chr8-7301025-INV-5297356	mid	1462	1.0526183310533515	0.5263091655266757	0.5202328051439465	0.5323855259094049	0.2740549110289939
chr8-7301025-INV-5297356	sas	5363	0.9171235316054446	0.4585617658027223	0.45479067810395113	0.46233285350149345	0.2740549110289939
chr9-102565835-INV-4446	ALL	382817	0.09988022971811598	0.04994011485905799	0.049565010817318	0.05031521890079799	0.23682158081582314
chr9-102565835-INV-4446	afr	74446	0.1478968312602423	0.07394841563012115	0.07299999831386801	0.0748968329463743	0.23682158081582314
chr9-102565835-INV-4446	amr	70514	0.06262708256516436	0.03131354128258218	0.030584955792585296	0.03204212677257906	0.23682158081582314
chr9-102565835-INV-4446	eas	9695	-0.006483455389375967	-0.0032417276946879836	0.0	0.0	0.23682158081582314
chr9-102565835-INV-4446	eur	221337	0.10023347700565202	0.05011673850282601	0.049619155549077705	0.05061432145657432	0.23682158081582314
chr9-102565835-INV-4446	mid	1462	0.12186504787961698	0.06093252393980849	0.054697355203538245	0.06716769267607874	0.23682158081582314
chr9-102565835-INV-4446	sas	5363	0.09486287525638634	0.04743143762819317	0.04417982032941062	0.050683054926975724	0.23682158081582314
chr9-30951702-INV-5595	ALL	382817	0.01814957120504053	0.009074785602520265	0.00895450480139882	0.009195066403641709	0.07593916965341219
chr9-30951702-INV-5595	afr	74446	0.054088531284420927	0.027044265642210463	0.02648197091210085	0.027606560372320076	0.07593916965341219
chr9-30951702-INV-5595	amr	70514	0.012345674617806394	0.006172837308903197	0.005978583851536718	0.006367090766269676	0.07593916965341219
chr9-30951702-INV-5595	eas	9695	0.006971253223310986	0.003485626611655493	0.003377324193727406	0.00359392902958358	0.07593916965341219
chr9-30951702-INV-5595	eur	221337	0.008690870030767564	0.004345435015383782	0.004311262624539243	0.004379607406228321	0.07593916965341219
chr9-30951702-INV-5595	mid	1462	0.012805882352941177	0.006402941176470589	0.005115905101665216	0.007689977251275962	0.07593916965341219
chr9-30951702-INV-5595	sas	5363	0.007612735409285848	0.003806367704642924	0.003482941392997227	0.0041297940162886215	0.07593916965341219
