chr,region_start,region_end,0_sequence_length,1_sequence_length,0_sequence_length_adjusted,1_sequence_length_adjusted,0_segregating_sites,1_segregating_sites,0_w_theta,1_w_theta,0_pi,1_pi,0_segregating_sites_filtered,1_segregating_sites_filtered,0_w_theta_filtered,1_w_theta_filtered,0_pi_filtered,1_pi_filtered,0_num_hap_no_filter,1_num_hap_no_filter,0_num_hap_filter,1_num_hap_filter,inversion_freq_no_filter,inversion_freq_filter,haplotype_overall_fst_wc,haplotype_between_pop_variance_wc,haplotype_within_pop_variance_wc,haplotype_num_informative_sites_wc,hudson_fst_hap_group_0v1,hudson_dxy_hap_group_0v1,hudson_pi_hap_group_0,hudson_pi_hap_group_1,hudson_pi_avg_hap_group_0v1
0,8,76,5,59,0.904762,0.921875,NA,0.000000,0.000000,0,0.000000,0.000000,0.000000,0.000000,0.000000
11,18249084,18265819,16736,16736,16736,16736,78,0,0.000925,NaN,0.001124,0.000000,78,0,0.000925,NaN,0.001124,0.000000,87,1,87,1,0.011364,0.011364,NA,0.000000,0.000000,94,NA,NA,NA,NA,NA
11,24263179,24266246,3068,3068,3068,3068,0,0,0.000000,0.000000,0.000000,0.000000,0,0,0.000000,0.000000,0.000000,0.000000,82,4,66,4,0.046512,0.057143,NA,0.000000,0.000000,0,0.000000,0.000000,0.000000,0.000000,0.000000
11,48888300,48892127,3828,3828,3827,3827,7,3,0.000395,0.000198,0.000210,0.000157,6,3,0.000345,0.000200,0.000198,0.000144,58,30,53,29,0.340909,0.353659,NA,0.000000,0.000000,9,0.016264,0.000174,0.000198,0.000144,0.000171
11,50154999,50324102,169104,169104,169104,169104,446,402,0.000581,0.000577,0.000599,0.000578,446,402,0.000581,0.000577,0.000599,0.000578,53,35,53,35,0.397727,0.397727,NA,0.000000,0.000000,740,0.260682,0.000796,0.000599,0.000578,0.000588
11,55662739,55666690,3952,3952,3952,3952,0,0,0.000000,0.000000,0.000000,0.000000,0,0,0.000000,0.000000,0.000000,0.000000,71,15,69,15,0.174419,0.178571,NA,0.000000,0.000000,0,0.000000,0.000000,0.000000,0.000000,0.000000
11,62093043,62102999,9957,9957,9957,9957,11,8,0.000260,0.000191,0.000237,0.000101,9,8,0.000255,0.000197,0.000251,0.000047,40,38,20,34,0.487179,0.629630,NA,0.000000,0.000000,20,0.104609,0.000166,0.000251,0.000047,0.000149
11,66251227,66252453,1227,1227,1227,1227,0,0,0.000000,0.000000,0.000000,0.000000,0,0,0.000000,0.000000,0.000000,0.000000,66,18,35,7,0.214286,0.166667,NA,0.000000,0.000000,0,0.000000,0.000000,0.000000,0.000000,0.000000
11,71571819,71576724,4906,4906,4906,4906,20,11,0.000813,0.001495,0.000972,0.001359,20,11,0.000813,0.001495,0.000972,0.001359,85,3,85,3,0.034091,0.034091,NA,0.000000,0.000000,23,0.163511,0.001393,0.000972,0.001359,0.001165
11,89920623,89923848,3226,3226,3224,3224,15,15,0.001100,0.001053,0.000797,0.000934,15,15,0.001130,0.001087,0.000864,0.000971,39,47,35,41,0.546512,0.539474,NA,0.000000,0.000000,20,-0.012066,0.000907,0.000864,0.000971,0.000917
4,33098066,33104924,6859,6859,6859,6859,7,0,0.000204,0.000000,0.000160,0.000000,7,0,0.000204,0.000000,0.000160,0.000000,85,3,85,3,0.034091,0.034091,NA,0.000000,0.000000,13,0.651741,0.000230,0.000160,0.000000,0.000080
4,40233406,40235439,2034,2034,2034,2034,0,0,0.000000,0.000000,0.000000,0.000000,0,0,0.000000,0.000000,0.000000,0.000000,60,26,31,11,0.302326,0.261905,NA,0.000000,0.000000,0,0.000000,0.000000,0.000000,0.000000,0.000000
4,49284664,49291017,6354,6354,6354,6354,0,0,0.000000,0.000000,0.000000,0.000000,0,0,0.000000,0.000000,0.000000,0.000000,17,29,6,18,0.630435,0.750000,NA,0.000000,0.000000,0,0.000000,0.000000,0.000000,0.000000,0.000000
4,49291019,49325004,33986,33986,33986,33986,0,0,0.000000,0.000000,0.000000,0.000000,0,0,0.000000,0.000000,0.000000,0.000000,36,42,33,41,0.538462,0.554054,NA,0.000000,0.000000,0,0.000000,0.000000,0.000000,0.000000,0.000000
4,87926011,87937547,11537,11537,11537,11537,1,2,0.000026,0.000036,0.000000,0.000007,1,2,0.000026,0.000036,0.000000,0.000005,17,71,17,71,0.806818,0.806818,NA,0.000000,0.000000,2,0.000000,0.000002,0.000000,0.000005,0.000002
4,145693552,145694748,1197,1197,1197,1197,0,0,0.000000,0.000000,0.000000,0.000000,0,0,0.000000,0.000000,0.000000,0.000000,30,58,9,53,0.659091,0.854839,NA,0.000000,0.000000,0,0.000000,0.000000,0.000000,0.000000,0.000000
4,156905870,156912808,6939,6939,6939,6939,17,0,0.000486,NaN,0.000146,0.000000,17,0,0.000486,NaN,0.000146,0.000000,87,1,87,1,0.011364,0.011364,NA,0.000000,0.000000,25,NA,NA,NA,NA,NA
4,187950173,187954784,4612,4612,4612,4612,0,0,0.000000,0.000000,0.000000,0.000000,0,0,0.000000,0.000000,0.000000,0.000000,57,31,57,29,0.352273,0.337209,NA,0.000000,0.000000,0,0.000000,0.000000,0.000000,0.000000,0.000000
15,22701127,23213881,512755,512755,422587,422587,1333,0,0.000516,NaN,0.000529,0.000000,1332,0,0.000626,NaN,0.000641,0.000000,87,1,87,1,0.011364,0.011364,NA,0.000000,0.000000,1766,NA,NA,NA,NA,NA
15,23295576,23318191,22616,22616,6332,6332,41,45,0.000584,0.000428,0.000319,0.000101,0,0,0.000000,0.000000,0.000000,0.000000,13,59,10,56,0.819444,0.848485,NA,0.000000,0.000000,0,0.000000,0.000000,0.000000,0.000000,0.000000
15,23345459,28389868,5044410,5044410,4970599,4970599,21843,0,0.000860,NaN,0.000878,0.000000,21775,0,0.000870,NaN,0.000889,0.000000,87,1,87,1,0.011364,0.011364,NA,0.000000,0.000000,26516,NA,NA,NA,NA,NA
15,28298424,28623514,325091,325091,26874,26874,36,30,0.000060,0.000092,0.000068,0.000083,35,30,0.000710,0.001116,0.000800,0.000967,4,2,4,2,0.333333,0.333333,NA,0.000000,0.000000,165,-0.233766,0.000716,0.000800,0.000967,0.000884
15,30436458,30529803,93346,93346,0,0,0,0,0.000000,0.000000,0.000000,0.000000,0,0,0.000000,0.000000,0.000000,0.000000,44,14,42,14,0.241379,0.250000,NA,0.000000,0.000000,0,NA,NA,NA,NA,NA
15,30618103,32153204,1535102,1535102,1535102,1535102,5688,2456,0.000752,0.000566,0.000713,0.000347,5682,2455,0.000751,0.000565,0.000712,0.000347,78,10,78,10,0.113636,0.113636,NA,0.000000,0.000000,7587,0.283811,0.000740,0.000712,0.000347,0.000530
15,32477828,32571283,93456,93456,0,0,0,0,0.000000,0.000000,0.000000,0.000000,0,0,0.000000,0.000000,0.000000,0.000000,15,1,9,1,0.062500,0.100000,NA,0.000000,0.000000,0,NA,NA,NA,NA,NA
15,82330918,82357797,26880,26880,0,0,0,0,0.000000,0.000000,0.000000,0.000000,0,0,0.000000,0.000000,0.000000,0.000000,66,16,7,1,0.195122,0.125000,NA,0.000000,0.000000,0,NA,NA,NA,NA,NA
15,82360482,82515134,154653,154653,95207,95207,87,38,0.000114,0.000100,0.000107,0.000096,86,37,0.000185,0.000170,0.000175,0.000167,77,7,74,6,0.083333,0.075000,NA,0.000000,0.000000,127,0.080559,0.000186,0.000175,0.000167,0.000171
15,84373375,84416696,43322,43322,28112,28112,188,199,0.001026,0.001030,0.000942,0.000407,188,199,0.001582,0.001588,0.001451,0.000628,39,49,39,49,0.556818,0.556818,NA,0.000000,0.000000,254,0.261416,0.001407,0.001451,0.000628,0.001039
5,16978658,16979397,740,740,740,740,7,1,0.001915,0.000649,0.001046,0.001622,3,1,0.001342,0.001351,0.001085,0.001351,79,5,12,2,0.059524,0.142857,NA,0.000000,0.000000,10,-0.081818,0.001126,0.001085,0.001351,0.001218
5,17580905,17592445,11541,11541,3537,3537,0,0,0.000000,0.000000,0.000000,0.000000,0,0,0.000000,0.000000,0.000000,0.000000,66,14,4,6,0.175000,0.600000,NA,0.000000,0.000000,0,0.000000,0.000000,0.000000,0.000000,0.000000
5,21479305,21500726,21422,21422,21422,21422,0,0,0.000000,0.000000,0.000000,0.000000,0,0,0.000000,0.000000,0.000000,0.000000,32,2,26,0,0.058824,0.000000,NA,0.000000,0.000000,0,NA,NA,NA,NA,NA
5,29069229,29069523,295,295,295,295,0,0,0.000000,0.000000,0.000000,0.000000,0,0,0.000000,0.000000,0.000000,0.000000,48,40,17,27,0.454545,0.613636,NA,0.000000,0.000000,0,0.000000,0.000000,0.000000,0.000000,0.000000
5,46896906,46915828,18923,18923,18923,18923,0,0,0.000000,0.000000,0.000000,0.000000,0,0,0.000000,0.000000,0.000000,0.000000,20,68,0,24,0.772727,1.000000,NA,0.000000,0.000000,0,NA,NA,NA,NA,NA
5,47061568,47082062,20495,20495,13478,13478,0,0,0.000000,0.000000,0.000000,0.000000,0,0,0.000000,0.000000,0.000000,0.000000,50,28,3,3,0.358974,0.500000,NA,0.000000,0.000000,0,0.000000,0.000000,0.000000,0.000000,0.000000
5,47105115,47151367,46253,46253,46152,46152,0,0,0.000000,0.000000,0.000000,0.000000,0,0,0.000000,0.000000,0.000000,0.000000,8,50,3,33,0.862069,0.916667,NA,0.000000,0.000000,0,0.000000,0.000000,0.000000,0.000000,0.000000
5,64470920,64477089,6170,6170,6170,6170,0,0,0.000000,0.000000,0.000000,0.000000,0,0,0.000000,0.000000,0.000000,0.000000,24,64,24,64,0.727273,0.727273,NA,0.000000,0.000000,0,0.000000,0.000000,0.000000,0.000000,0.000000
5,64470928,64475118,4191,4191,4191,4191,0,0,0.000000,0.000000,0.000000,0.000000,0,0,0.000000,0.000000,0.000000,0.000000,23,65,22,62,0.738636,0.738095,NA,0.000000,0.000000,0,0.000000,0.000000,0.000000,0.000000,0.000000
5,70527773,70533912,6140,6140,0,0,0,0,0.000000,0.000000,0.000000,0.000000,0,0,0.000000,0.000000,0.000000,0.000000,87,1,1,1,0.011364,0.500000,NA,0.000000,0.000000,0,NA,NA,NA,NA,NA
5,71009586,71093997,84412,84412,5639,5639,5,1,0.000018,0.000008,0.000023,0.000024,4,0,0.000311,0.000000,0.000366,0.000000,17,3,6,0,0.150000,0.000000,NA,0.000000,0.000000,22,NA,NA,NA,NA,NA
5,112179911,112236600,56690,56690,56690,56690,227,0,0.000795,NaN,0.000714,0.000000,227,0,0.000795,NaN,0.000714,0.000000,87,1,87,1,0.011364,0.011364,NA,0.000000,0.000000,270,NA,NA,NA,NA,NA
5,124425560,124546657,121098,121098,121098,121098,521,0,0.000854,NaN,0.001014,0.000000,521,0,0.000854,NaN,0.001014,0.000000,87,1,87,1,0.011364,0.011364,NA,0.000000,0.000000,646,NA,NA,NA,NA,NA
5,177946129,178003952,57824,57824,57824,57824,270,0,0.000927,NaN,0.001063,0.000000,269,0,0.000924,NaN,0.001056,0.000000,87,1,87,1,0.011364,0.011364,NA,0.000000,0.000000,318,NA,NA,NA,NA,NA
5,179643529,179651253,7725,7725,7725,7725,0,26,NaN,0.000668,0.000000,0.000568,0,26,NaN,0.000671,0.000000,0.000578,1,87,1,85,0.988636,0.988372,NA,0.000000,0.000000,43,NA,NA,NA,NA,NA
5,181098775,181100846,2072,2072,2072,2072,0,0,0.000000,0.000000,0.000000,0.000000,0,0,0.000000,0.000000,0.000000,0.000000,64,22,46,18,0.255814,0.281250,NA,0.000000,0.000000,0,0.000000,0.000000,0.000000,0.000000,0.000000
9,12004038,12074552,70515,70515,70515,70515,384,55,0.001089,0.000780,0.001020,0.000043,384,55,0.001089,0.000780,0.001020,0.000043,84,2,84,2,0.023256,0.023256,NA,0.000000,0.000000,519,0.352695,0.000820,0.001020,0.000043,0.000531
9,30952354,30956484,4131,4131,4131,4131,19,8,0.000915,0.001937,0.000892,0.001937,19,8,0.000924,0.001937,0.000902,0.001937,86,2,82,2,0.022727,0.023810,NA,0.000000,0.000000,24,-0.393523,0.001018,0.000902,0.001937,0.001419
9,38773640,42796744,4023105,4023105,767071,767071,0,21,NaN,0.000003,0.000000,0.000004,0,20,NaN,0.000017,0.000000,0.000023,1,3,1,3,0.750000,0.750000,NA,0.000000,0.000000,329,NA,NA,NA,NA,NA
9,64028785,64068456,39672,39672,0,0,0,0,0.000000,0.000000,0.000000,0.000000,0,0,0.000000,0.000000,0.000000,0.000000,2,86,2,86,0.977273,0.977273,NA,0.000000,0.000000,0,NA,NA,NA,NA,NA
9,85797070,85801040,3971,3971,3971,3971,16,0,0.000800,NaN,0.000682,0.000000,16,0,0.000804,NaN,0.000689,0.000000,87,1,85,1,0.011364,0.011628,NA,0.000000,0.000000,20,NA,NA,NA,NA,NA
9,87942696,88110274,167579,167579,167577,167577,664,0,0.000787,NaN,0.000783,0.000000,663,0,0.000785,NaN,0.000783,0.000000,87,1,87,1,0.011364,0.011364,NA,0.000000,0.000000,816,NA,NA,NA,NA,NA
9,91958957,91959591,635,635,635,635,0,0,0.000000,0.000000,0.000000,0.000000,0,0,0.000000,0.000000,0.000000,0.000000,80,8,10,2,0.090909,0.166667,NA,0.000000,0.000000,0,0.000000,0.000000,0.000000,0.000000,0.000000
9,102565838,102570277,4440,4440,4440,4440,0,0,0.000000,0.000000,0.000000,0.000000,0,0,0.000000,0.000000,0.000000,0.000000,82,6,78,6,0.068182,0.071429,NA,0.000000,0.000000,0,0.000000,0.000000,0.000000,0.000000,0.000000
9,113111686,113112886,1201,1201,1201,1201,0,0,0.000000,0.000000,0.000000,0.000000,0,0,0.000000,0.000000,0.000000,0.000000,34,52,25,45,0.604651,0.642857,NA,0.000000,0.000000,0,0.000000,0.000000,0.000000,0.000000,0.000000
9,123979106,123991038,11933,11933,11933,11933,1,2,0.000019,0.000038,0.000038,0.000004,1,2,0.000019,0.000038,0.000038,0.000004,42,46,42,46,0.522727,0.522727,NA,0.000000,0.000000,4,0.111409,0.000024,0.000038,0.000004,0.000021
14,18862645,19659006,796362,796362,18717,18717,0,0,0.000000,0.000000,0.000000,0.000000,0,0,0.000000,0.000000,0.000000,0.000000,13,15,13,15,0.535714,0.535714,NA,0.000000,0.000000,0,0.000000,0.000000,0.000000,0.000000,0.000000
14,34547864,34555230,7367,7367,7367,7367,2,1,0.000061,0.000032,0.000073,0.000031,0,0,0.000000,0.000000,0.000000,0.000000,48,40,48,40,0.454545,0.454545,NA,0.000000,0.000000,0,0.000000,0.000000,0.000000,0.000000,0.000000
14,60606118,60611659,5542,5542,5542,5542,7,5,0.000261,0.000272,0.000168,0.000042,7,5,0.000261,0.000272,0.000168,0.000042,72,16,72,16,0.181818,0.181818,NA,0.000000,0.000000,11,0.251157,0.000140,0.000168,0.000042,0.000105
14,65375818,65376683,866,866,866,866,0,0,0.000000,0.000000,0.000000,0.000000,0,0,0.000000,0.000000,0.000000,0.000000,61,25,10,12,0.290698,0.545455,NA,0.000000,0.000000,0,0.000000,0.000000,0.000000,0.000000,0.000000
14,85872200,85889269,17070,17070,17070,17070,46,0,0.000535,NaN,0.000477,0.000000,46,0,0.000535,NaN,0.000477,0.000000,87,1,87,1,0.011364,0.011364,NA,0.000000,0.000000,60,NA,NA,NA,NA,NA
14,105573622,105577544,3923,3923,3923,3923,3,1,0.000160,0.000078,0.000102,0.000160,0,0,0.000000,0.000000,0.000000,0.000510,67,15,4,2,0.182927,0.333333,NA,0.000000,0.000000,7,0.000000,0.000255,0.000000,0.000510,0.000255
14,105693931,105698385,4455,4455,4455,4455,0,0,0.000000,0.000000,0.000000,0.000000,0,0,0.000000,0.000000,0.000000,0.000000,6,12,6,12,0.666667,0.666667,NA,0.000000,0.000000,0,0.000000,0.000000,0.000000,0.000000,0.000000
21,13205437,13221054,15618,15618,0,0,0,0,0.000000,0.000000,0.000000,0.000000,0,0,0.000000,0.000000,0.000000,0.000000,54,4,33,1,0.068966,0.029412,NA,0.000000,0.000000,0,NA,NA,NA,NA,NA
21,13987773,14056796,69024,69024,69024,69024,109,17,0.000315,0.000164,0.000233,0.000029,109,17,0.000315,0.000164,0.000233,0.000029,85,3,85,3,0.034091,0.034091,NA,0.000000,0.000000,136,0.538835,0.000284,0.000233,0.000029,0.000131
21,19877734,20070170,192437,192437,192437,192437,814,0,0.000840,NaN,0.000899,0.000000,814,0,0.000840,NaN,0.000899,0.000000,87,1,87,1,0.011364,0.011364,NA,0.000000,0.000000,1032,NA,NA,NA,NA,NA
21,26001836,26002391,556,556,556,556,0,0,0.000000,0.000000,0.000000,0.000000,0,0,0.000000,0.000000,0.000000,0.000000,17,67,1,9,0.797619,0.900000,NA,0.000000,0.000000,0,NA,NA,NA,NA,NA
21,26648368,26649407,1040,1040,1040,1040,0,0,0.000000,0.000000,0.000000,0.000000,0,0,0.000000,0.000000,0.000000,0.000000,38,50,22,40,0.568182,0.645161,NA,0.000000,0.000000,0,0.000000,0.000000,0.000000,0.000000,0.000000
21,43821742,43835116,13375,13375,13375,13375,101,0,0.001499,NaN,0.001790,0.000000,101,0,0.001499,NaN,0.001790,0.000000,87,1,87,1,0.011364,0.011364,NA,0.000000,0.000000,126,NA,NA,NA,NA,NA
X,6219005,6220343,1339,1339,1339,1339,0,0,0.000000,0.000000,0.000068,0.000000,0,0,0.000000,0.000000,0.000100,0.000000,22,32,15,17,0.511628,0.659091,NA,0.000000,0.000000,1,-0.000000,0.000050,0.000100,0.000000,0.000050
X,14711416,14713197,1782,1782,1782,1782,4,3,0.000495,0.001122,0.000778,0.001122,4,0,0.000519,NaN,0.000762,0.000000,53,3,43,1,0.034884,0.016129,NA,0.000000,0.000000,4,NA,NA,NA,NA,NA
X,45689038,45691227,2190,2190,2190,2190,5,0,0.000501,0.000000,0.000640,0.000000,5,0,0.000510,0.000000,0.000633,0.000000,54,2,50,2,0.022727,0.026316,NA,0.000000,0.000000,5,0.262267,0.000429,0.000633,0.000000,0.000317
X,48396314,48399110,2797,2797,2797,2797,0,0,0.000000,0.000000,0.000000,0.000000,0,0,0.000000,0.000000,0.000000,0.000000,44,8,23,3,0.317073,0.250000,NA,0.000000,0.000000,0,0.000000,0.000000,0.000000,0.000000,0.000000
X,51692963,51700363,7401,7401,7401,7401,3,7,0.000122,0.000222,0.000203,0.000196,3,7,0.000122,0.000222,0.000203,0.000196,16,40,16,40,0.681818,0.681818,NA,0.000000,0.000000,13,0.027962,0.000205,0.000203,0.000196,0.000199
X,52077120,52176974,99855,99855,99855,99855,357,324,0.000888,0.000869,0.000861,0.000783,357,324,0.000888,0.000869,0.000861,0.000783,32,24,32,24,0.363636,0.363636,NA,0.000000,0.000000,422,-0.021497,0.000805,0.000861,0.000783,0.000822
X,52502274,52510614,8341,8341,8341,8341,0,0,0.000000,0.000000,0.000000,0.000000,0,0,0.000000,0.000000,0.000000,0.000000,15,41,15,41,0.784091,0.784091,NA,0.000000,0.000000,0,0.000000,0.000000,0.000000,0.000000,0.000000
X,52921572,52934581,13010,13010,13010,13010,0,0,0.000000,0.000000,0.000000,0.000000,0,0,0.000000,0.000000,0.000000,0.000000,20,36,20,36,0.642857,0.642857,NA,0.000000,0.000000,0,0.000000,0.000000,0.000000,0.000000,0.000000
X,55480141,55493063,12923,12923,12923,12923,0,0,0.000000,0.000000,0.000000,0.000000,0,0,0.000000,0.000000,0.000000,0.000000,33,23,33,23,0.443182,0.443182,NA,0.000000,0.000000,0,0.000000,0.000000,0.000000,0.000000,0.000000
X,63185600,63193343,7744,7744,7744,7744,0,0,0.000000,0.000000,0.000000,0.000000,0,0,0.000000,0.000000,0.000000,0.000000,31,25,31,25,0.406977,0.406977,NA,0.000000,0.000000,0,0.000000,0.000000,0.000000,0.000000,0.000000
X,71702806,71778386,75581,75581,75581,75581,0,0,0.000000,0.000000,0.000000,0.000000,0,0,0.000000,0.000000,0.000000,0.000000,28,22,0,0,0.411765,1.000000,NA,0.000000,0.000000,0,NA,NA,NA,NA,NA
X,72997772,73077479,79708,79708,79708,79708,138,124,0.000394,0.000550,0.000444,0.000425,138,124,0.000394,0.000550,0.000444,0.000425,46,10,46,10,0.204545,0.204545,NA,0.000000,0.000000,217,0.072893,0.000469,0.000444,0.000425,0.000435
X,76146153,76148949,2797,2797,2797,2797,0,0,0.000000,0.000000,0.000000,0.000000,0,0,0.000000,0.000000,0.000000,0.000000,22,34,22,30,0.522727,0.538462,NA,0.000000,0.000000,0,0.000000,0.000000,0.000000,0.000000,0.000000
X,101602193,101611599,9407,9407,9407,9407,6,7,0.000167,0.000188,0.000091,0.000115,6,7,0.000167,0.000188,0.000091,0.000115,26,30,26,30,0.590909,0.590909,NA,0.000000,0.000000,9,0.343232,0.000157,0.000091,0.000115,0.000103
X,102338170,102348934,10765,10765,10765,10765,0,0,0.000000,0.000000,0.000000,0.000000,0,0,0.000000,0.000000,0.000000,0.000000,27,29,27,29,0.556818,0.556818,NA,0.000000,0.000000,0,0.000000,0.000000,0.000000,0.000000,0.000000
X,103989434,104049428,59995,59995,59995,59995,63,69,0.000281,0.000286,0.000237,0.000289,63,69,0.000281,0.000286,0.000237,0.000289,24,32,24,32,0.627907,0.627907,NA,0.000000,0.000000,96,0.394637,0.000434,0.000237,0.000289,0.000263
X,106266279,106275333,9055,9055,9055,9055,1,1,0.000026,0.000032,0.000000,0.000022,0,1,0.000000,0.000037,0.000000,0.000018,37,19,6,12,0.392857,0.812500,NA,0.000000,0.000000,1,-0.000000,0.000009,0.000000,0.000018,0.000009
X,112504686,112516959,12274,12274,12274,12274,54,0,0.000962,NaN,0.000817,0.000000,54,0,0.000962,NaN,0.000817,0.000000,55,1,55,1,0.011628,0.011628,NA,0.000000,0.000000,75,NA,NA,NA,NA,NA
X,120087101,120149199,62099,62099,62099,62099,153,119,0.000579,0.000578,0.000393,0.000343,153,119,0.000579,0.000578,0.000393,0.000343,40,16,40,16,0.250000,0.250000,NA,0.000000,0.000000,224,0.297085,0.000524,0.000393,0.000343,0.000368
X,135165183,135207322,42140,42140,42140,42140,35,42,0.000205,0.000270,0.000102,0.000221,35,42,0.000205,0.000270,0.000102,0.000221,33,23,33,23,0.397727,0.397727,NA,0.000000,0.000000,65,0.331968,0.000242,0.000102,0.000221,0.000162
X,135623647,135665679,42033,42033,42033,42033,70,35,0.000367,0.000555,0.000265,0.000555,70,35,0.000367,0.000555,0.000265,0.000555,53,3,53,3,0.056818,0.056818,NA,0.000000,0.000000,87,-0.103504,0.000372,0.000265,0.000555,0.000410
X,135734732,135748584,13853,13853,13853,13853,36,24,0.000601,0.000591,0.000451,0.000588,36,24,0.000601,0.000591,0.000451,0.000588,43,11,43,11,0.220930,0.220930,NA,0.000000,0.000000,43,-0.019190,0.000510,0.000451,0.000588,0.000520
X,135765135,135776630,11496,11496,11496,11496,0,0,0.000000,0.000000,0.000000,0.000000,0,0,0.000000,0.000000,0.000000,0.000000,1,3,1,3,0.900000,0.900000,NA,0.000000,0.000000,0,NA,NA,NA,NA,NA
X,141110160,141232877,122718,122718,122718,122718,377,185,0.000686,0.000660,0.000618,0.000643,377,185,0.000686,0.000660,0.000618,0.000643,50,6,50,6,0.113636,0.113636,NA,0.000000,0.000000,455,-0.002305,0.000629,0.000618,0.000643,0.000630
X,141585256,141589189,3934,3934,3934,3934,8,8,0.000602,0.000565,0.000557,0.000499,5,5,0.000693,0.000693,0.000635,0.000635,17,21,4,4,0.596154,0.666667,NA,0.000000,0.000000,20,-0.176471,0.000540,0.000635,0.000635,0.000635
X,149599490,149655967,56478,56478,56478,56478,73,9,0.000285,0.000106,0.000192,0.000106,73,9,0.000285,0.000106,0.000192,0.000106,53,3,53,3,0.079545,0.079545,NA,0.000000,0.000000,102,-0.004382,0.000149,0.000192,0.000106,0.000149
X,149681035,149722249,41215,41215,41215,41215,101,115,0.000672,0.000682,0.000475,0.000508,101,115,0.000672,0.000682,0.000475,0.000508,22,34,22,34,0.613636,0.613636,NA,0.000000,0.000000,138,0.142895,0.000573,0.000475,0.000508,0.000491
X,149747302,149768782,21481,21481,21481,21481,5,2,0.000051,0.000062,0.000050,0.000062,5,2,0.000051,0.000062,0.000050,0.000062,53,3,53,3,0.079545,0.079545,NA,0.000000,0.000000,6,-0.042034,0.000054,0.000050,0.000062,0.000056
X,152729753,152738707,8955,8955,8955,8955,34,31,0.000976,0.000907,0.001352,0.001237,34,31,0.000976,0.000907,0.001352,0.001237,28,26,28,26,0.395349,0.404762,NA,0.000000,0.000000,44,0.238437,0.001700,0.001352,0.001237,0.001295
X,153074418,153075612,1195,1195,1195,1195,0,0,0.000000,0.000000,0.000000,0.000000,0,0,0.000000,0.000000,0.000000,0.000000,29,27,19,19,0.488095,0.550000,NA,0.000000,0.000000,0,0.000000,0.000000,0.000000,0.000000,0.000000
X,153149748,153250226,100479,100479,100479,100479,158,127,0.000416,0.000316,0.000532,0.000502,158,127,0.000416,0.000316,0.000532,0.000502,25,31,25,31,0.602273,0.602273,NA,0.000000,0.000000,258,0.002752,0.000518,0.000532,0.000502,0.000517
X,154347246,154384867,37622,37622,37622,37622,32,42,0.000211,0.000299,0.000065,0.000326,32,42,0.000211,0.000299,0.000065,0.000326,32,24,32,24,0.452381,0.452381,NA,0.000000,0.000000,54,0.377471,0.000314,0.000065,0.000326,0.000195
X,154591327,154613096,21770,21770,21770,21770,19,21,0.000210,0.000272,0.000094,0.000371,19,21,0.000210,0.000272,0.000094,0.000371,36,20,36,20,0.431818,0.431818,NA,0.000000,0.000000,36,0.166721,0.000279,0.000094,0.000371,0.000232
X,155386727,155453982,67256,67256,67256,67256,79,44,0.000263,0.000267,0.000275,0.000317,79,44,0.000263,0.000267,0.000275,0.000317,49,7,49,7,0.147727,0.147727,NA,0.000000,0.000000,106,-0.027189,0.000288,0.000275,0.000317,0.000296
20,10807797,10808434,638,638,638,638,0,0,0.000000,0.000000,0.000000,0.000000,0,0,0.000000,0.000000,0.000000,0.000000,51,35,27,27,0.406977,0.500000,NA,0.000000,0.000000,0,0.000000,0.000000,0.000000,0.000000,0.000000
20,24397726,24406144,8419,8419,8419,8419,40,0,0.000943,NaN,0.000835,0.000000,40,0,0.000943,NaN,0.000835,0.000000,87,1,87,1,0.011364,0.011364,NA,0.000000,0.000000,47,NA,NA,NA,NA,NA
20,25846148,26009643,163496,163496,163496,163496,452,336,0.000569,0.000632,0.000717,0.000165,452,336,0.000569,0.000632,0.000717,0.000165,73,15,73,15,0.170455,0.170455,NA,0.000000,0.000000,650,0.288378,0.000620,0.000717,0.000165,0.000441
20,28495291,28508286,12996,12996,7589,7589,0,0,0.000000,0.000000,0.000000,0.000000,0,0,0.000000,0.000000,0.000000,0.000000,11,73,1,25,0.869048,0.961538,NA,0.000000,0.000000,0,NA,NA,NA,NA,NA
20,28751288,28752630,1343,1343,40,40,0,0,0.000000,0.000000,0.000000,0.000000,0,0,0.000000,0.000000,0.000000,0.000000,1,1,1,1,0.500000,0.500000,NA,0.000000,0.000000,0,NA,NA,NA,NA,NA
20,29257746,29419750,162005,162005,160122,160122,244,0,0.000310,NaN,0.000166,0.000000,235,0,0.000302,NaN,0.000162,0.000000,73,1,73,1,0.013514,0.013514,NA,0.000000,0.000000,493,NA,NA,NA,NA,NA
20,47841016,47888238,47223,47223,47223,47223,217,0,0.000912,NaN,0.000832,0.000000,217,0,0.000912,NaN,0.000832,0.000000,87,1,87,1,0.011364,0.011364,NA,0.000000,0.000000,287,NA,NA,NA,NA,NA
7,5989046,6735643,746598,746598,746598,746598,2801,1559,0.000759,0.000768,0.000611,0.000671,2800,1559,0.000759,0.000768,0.000611,0.000671,79,9,79,9,0.102273,0.102273,NA,0.000000,0.000000,3337,0.042746,0.000669,0.000611,0.000671,0.000641
7,33990735,34010143,19409,19409,19409,19409,62,0,0.000634,NaN,0.000374,0.000000,61,0,0.000624,NaN,0.000356,0.000000,87,1,87,1,0.011364,0.011364,NA,0.000000,0.000000,72,NA,NA,NA,NA,NA
7,40839776,40840871,1096,1096,1096,1096,0,0,0.000000,0.000000,0.000000,0.000000,0,0,0.000000,0.000000,0.000000,0.000000,42,44,22,36,0.511628,0.620690,NA,0.000000,0.000000,0,0.000000,0.000000,0.000000,0.000000,0.000000
7,47614508,47615262,755,755,755,755,7,6,0.001924,0.002395,0.002663,0.003264,0,0,0.000000,0.000000,0.000000,0.000000,70,16,23,9,0.186047,0.281250,NA,0.000000,0.000000,0,0.000000,0.000000,0.000000,0.000000,0.000000
7,54234014,54308393,74380,74380,74380,74380,253,277,0.000838,0.000814,0.000540,0.000294,253,277,0.000838,0.000814,0.000540,0.000294,33,55,33,55,0.625000,0.625000,NA,0.000000,0.000000,351,0.356918,0.000648,0.000540,0.000294,0.000417
7,57641572,57838971,197400,197400,182316,182316,424,270,0.000437,0.000503,0.000429,0.000507,421,270,0.000470,0.000545,0.000461,0.000549,77,9,77,9,0.104651,0.104651,NA,0.000000,0.000000,704,0.045728,0.000529,0.000461,0.000549,0.000505
7,57835188,58119653,284466,284466,264985,264985,259,98,0.000181,0.000345,0.000115,0.000035,259,98,0.000194,0.000370,0.000124,0.000038,86,2,86,2,0.022727,0.022727,NA,0.000000,0.000000,432,0.604270,0.000204,0.000124,0.000038,0.000081
7,60898864,60908951,10088,10088,0,0,0,0,0.000000,0.000000,0.000000,0.000000,0,0,0.000000,0.000000,0.000000,0.000000,64,24,1,1,0.272727,0.500000,NA,0.000000,0.000000,0,NA,NA,NA,NA,NA
7,60911891,61578023,666133,666133,566082,566082,357,557,0.000125,0.000190,0.000091,0.000140,349,549,0.000143,0.000221,0.000103,0.000160,42,46,42,46,0.522727,0.522727,NA,0.000000,0.000000,1008,0.055460,0.000139,0.000103,0.000160,0.000131
7,62290674,62363143,72470,72470,72470,72470,37,40,0.000116,0.000132,0.000063,0.000098,31,36,0.000097,0.000119,0.000052,0.000090,47,37,47,37,0.440476,0.440476,NA,0.000000,0.000000,66,0.058499,0.000076,0.000052,0.000090,0.000071
7,62408486,62456444,47959,47959,47959,47959,172,145,0.000865,0.000675,0.000663,0.000605,172,145,0.000865,0.000675,0.000663,0.000605,36,50,36,50,0.581395,0.581395,NA,0.000000,0.000000,341,0.009342,0.000640,0.000663,0.000605,0.000634
7,63356275,63388165,31891,31891,31891,31891,1,1,0.000007,0.000008,0.000004,0.000000,1,1,0.000007,0.000008,0.000004,0.000000,50,34,50,34,0.404762,0.404762,NA,0.000000,0.000000,1,0.040816,0.000002,0.000004,0.000000,0.000002
7,65219157,65531823,312667,312667,301808,301808,913,581,0.000631,0.000478,0.000670,0.000219,912,580,0.000653,0.000494,0.000693,0.000227,58,28,58,28,0.325581,0.325581,NA,0.000000,0.000000,1172,0.430182,0.000807,0.000693,0.000227,0.000460
7,65572704,65581644,8941,8941,0,0,0,0,0.000000,0.000000,0.000000,0.000000,0,0,0.000000,0.000000,0.000000,0.000000,48,32,1,1,0.400000,0.500000,NA,0.000000,0.000000,0,NA,NA,NA,NA,NA
7,67019303,67020338,1036,1036,1036,1036,1,1,0.000195,0.000355,0.000316,0.000483,1,1,0.000238,0.000463,0.000296,0.000579,79,9,33,5,0.102273,0.131579,NA,0.000000,0.000000,2,-0.039063,0.000421,0.000296,0.000579,0.000438
7,70961198,70973901,12704,12704,12704,12704,21,15,0.000410,0.000257,0.000606,0.000006,21,15,0.000410,0.000257,0.000606,0.000006,32,56,32,56,0.636364,0.636364,NA,0.000000,0.000000,26,0.298036,0.000436,0.000606,0.000006,0.000306
7,73113989,74799029,1685041,1685041,1450689,1450689,2414,734,0.000288,0.000238,0.000251,0.000225,2405,733,0.000333,0.000276,0.000290,0.000260,82,4,82,4,0.046512,0.046512,NA,0.000000,0.000000,3317,0.080632,0.000299,0.000290,0.000260,0.000275
7,74869950,75058098,188149,188149,79035,79035,122,70,0.000132,0.000137,0.000115,0.000103,122,70,0.000314,0.000326,0.000273,0.000245,77,9,77,9,0.104651,0.104651,NA,0.000000,0.000000,186,0.028671,0.000267,0.000273,0.000245,0.000259
7,76603963,76620409,16447,16447,1932,1932,0,0,NaN,NaN,0.000000,0.000000,0,0,NaN,NaN,0.000000,0.000000,1,1,1,1,0.500000,0.500000,NA,0.000000,0.000000,24,NA,NA,NA,NA,NA
7,97445822,97459601,13780,13780,13780,13780,39,9,0.000563,0.000653,0.000556,0.000000,39,9,0.000563,0.000653,0.000556,0.000000,86,2,86,2,0.022727,0.022727,NA,0.000000,0.000000,52,0.428668,0.000487,0.000556,0.000000,0.000278
7,107418983,107422332,3350,3350,3350,3350,0,0,0.000000,0.000000,0.000000,0.000000,0,0,0.000000,0.000000,0.000000,0.000000,1,73,0,64,0.986486,1.000000,NA,0.000000,0.000000,0,NA,NA,NA,NA,NA
7,143716562,143750998,34437,34437,14214,14214,45,38,0.000282,0.000284,0.000206,0.000258,45,38,0.000684,0.000687,0.000498,0.000624,58,28,58,28,0.325581,0.325581,NA,0.000000,0.000000,58,0.363626,0.000882,0.000498,0.000624,0.000561
7,143779394,143798726,19333,19333,0,0,0,0,0.000000,0.000000,0.000000,0.000000,0,0,0.000000,0.000000,0.000000,0.000000,41,43,4,10,0.511905,0.714286,NA,0.000000,0.000000,0,NA,NA,NA,NA,NA
7,143808752,143818413,9662,9662,0,0,0,0,0.000000,0.000000,0.000000,0.000000,0,0,0.000000,0.000000,0.000000,0.000000,57,27,3,7,0.321429,0.700000,NA,0.000000,0.000000,0,NA,NA,NA,NA,NA
7,144254564,144256766,2203,2203,1626,1626,0,0,0.000000,0.000000,0.000000,0.000000,0,0,0.000000,0.000000,0.000000,0.000000,19,57,7,29,0.750000,0.805556,NA,0.000000,0.000000,0,0.000000,0.000000,0.000000,0.000000,0.000000
6,26736772,26739621,2850,2850,0,0,0,0,0.000000,0.000000,0.000000,0.000000,0,0,0.000000,0.000000,0.000000,0.000000,49,37,10,8,0.430233,0.444444,NA,0.000000,0.000000,0,NA,NA,NA,NA,NA
6,76109081,76158474,49394,49394,49394,49394,131,47,0.000529,0.000634,0.000373,0.000013,131,47,0.000529,0.000634,0.000373,0.000013,85,3,85,3,0.034091,0.034091,NA,0.000000,0.000000,193,0.803518,0.000983,0.000373,0.000013,0.000193
6,89213914,89214230,317,317,317,317,0,0,0.000000,0.000000,0.000000,0.000000,0,0,0.000000,0.000000,0.000000,0.000000,40,48,17,33,0.545455,0.660000,NA,0.000000,0.000000,0,0.000000,0.000000,0.000000,0.000000,0.000000
6,94031360,94031695,336,336,336,336,0,0,0.000000,0.000000,0.000000,0.000000,0,0,0.000000,0.000000,0.000000,0.000000,39,49,12,40,0.556818,0.769231,NA,0.000000,0.000000,0,0.000000,0.000000,0.000000,0.000000,0.000000
6,123106049,123109821,3773,3773,3773,3773,9,1,0.000476,0.000177,0.000388,0.000000,9,1,0.000480,0.000177,0.000370,0.000000,85,3,81,3,0.034091,0.035714,NA,0.000000,0.000000,15,0.116797,0.000209,0.000370,0.000000,0.000185
6,130527041,130531150,4110,4110,4110,4110,8,4,0.000399,0.000306,0.000191,0.000281,0,0,0.000000,0.000000,0.000000,0.000000,74,14,74,14,0.159091,0.159091,NA,0.000000,0.000000,0,0.000000,0.000000,0.000000,0.000000,0.000000
6,141866310,141898728,32419,32419,32419,32419,128,48,0.000789,0.000808,0.000623,0.000015,128,48,0.000789,0.000808,0.000623,0.000015,84,4,84,4,0.045455,0.045455,NA,0.000000,0.000000,151,0.720661,0.001142,0.000623,0.000015,0.000319
6,167209001,167357782,148782,148782,148782,148782,882,10,0.001182,0.000045,0.001312,0.000045,881,10,0.001181,0.000045,0.001309,0.000045,85,3,85,3,0.034091,0.034091,NA,0.000000,0.000000,1078,0.697444,0.002237,0.001309,0.000045,0.000677
1,13104252,13122521,18270,18270,18268,18268,97,105,0.001377,0.001228,0.001634,0.001333,92,102,0.001365,0.001277,0.001621,0.001357,27,61,23,45,0.693182,0.661765,NA,0.000000,0.000000,231,0.119544,0.001691,0.001621,0.001357,0.001489
1,13190914,13324586,133673,133673,22835,22835,104,19,0.000157,0.000095,0.000130,0.000050,100,0,0.000896,NaN,0.000713,0.000000,79,3,75,1,0.036585,0.013158,NA,0.000000,0.000000,285,NA,NA,NA,NA,NA
1,21203917,21204602,686,686,686,686,2,0,0.000596,0.000000,0.000435,0.000000,2,0,0.001073,NaN,0.000648,0.000000,75,5,9,1,0.062500,0.100000,NA,0.000000,0.000000,3,NA,NA,NA,NA,NA
1,25324280,25369060,44781,44781,44781,44781,6,0,0.000027,NaN,0.000040,0.000000,6,0,0.000027,NaN,0.000040,0.000000,87,1,87,1,0.011364,0.011364,NA,0.000000,0.000000,12,NA,NA,NA,NA,NA
1,26641622,26646431,4810,4810,4810,4810,0,0,0.000000,0.000000,0.000000,0.000000,0,0,0.000000,0.000000,0.000000,0.000000,1,87,1,85,0.988636,0.988372,NA,0.000000,0.000000,0,NA,NA,NA,NA,NA
1,43593641,43594291,651,651,651,651,0,0,0.000000,0.000000,0.000000,0.000000,0,0,0.000000,0.000000,0.000000,0.000000,27,59,10,50,0.686047,0.833333,NA,0.000000,0.000000,0,0.000000,0.000000,0.000000,0.000000,0.000000
1,60776841,60778677,1837,1837,1837,1837,7,6,0.000767,0.001333,0.001035,0.000933,7,4,0.000814,0.001452,0.001090,0.001089,81,7,61,3,0.079545,0.046875,NA,0.000000,0.000000,14,-0.126769,0.000967,0.001090,0.001089,0.001089
1,81650508,81707447,56940,56940,56940,56940,224,0,0.000781,NaN,0.000615,0.000000,224,0,0.000781,NaN,0.000615,0.000000,87,1,87,1,0.011364,0.011364,NA,0.000000,0.000000,276,NA,NA,NA,NA,NA
1,91666232,91667085,854,854,854,854,0,0,0.000000,0.000000,0.000000,0.000000,0,0,0.000000,0.000000,0.000000,0.000000,79,9,4,2,0.102273,0.333333,NA,0.000000,0.000000,0,0.000000,0.000000,0.000000,0.000000,0.000000
1,108310642,108383736,73095,73095,61480,61480,56,63,0.000185,0.000192,0.000175,0.000087,56,63,0.000220,0.000229,0.000209,0.000104,36,50,36,50,0.581395,0.581395,NA,0.000000,0.000000,75,0.086140,0.000171,0.000209,0.000104,0.000156
1,120299058,120600965,301908,301908,85316,85316,1,2,0.000001,0.000001,0.000000,0.000002,1,2,0.000004,0.000005,0.000000,0.000007,14,74,14,74,0.840909,0.840909,NA,0.000000,0.000000,2,0.471767,0.000006,0.000000,0.000007,0.000003
1,144376209,144600799,224591,224591,51487,51487,4,7,0.000004,0.000007,0.000004,0.000004,4,7,0.000019,0.000030,0.000015,0.000017,32,54,31,53,0.627907,0.630952,NA,0.000000,0.000000,10,-0.014253,0.000016,0.000015,0.000017,0.000016
1,145160434,146154520,994087,994087,485524,485524,757,213,0.000152,0.000214,0.000126,0.000257,757,213,0.000310,0.000439,0.000259,0.000525,86,2,86,2,0.022727,0.022727,NA,0.000000,0.000000,1096,0.008787,0.000395,0.000259,0.000525,0.000392
1,146298109,148672872,2374764,2374764,1220772,1220772,1240,4778,0.000522,0.000400,0.000412,0.000368,1239,4775,0.001015,0.000778,0.000801,0.000716,2,86,2,86,0.977273,0.977273,NA,0.000000,0.000000,6158,0.079358,0.000824,0.000801,0.000716,0.000759
1,148893781,149265643,371863,371863,93188,93188,16,17,0.000012,0.000010,0.000010,0.000011,16,17,0.000046,0.000039,0.000038,0.000044,24,62,24,62,0.720930,0.720930,NA,0.000000,0.000000,24,-0.009842,0.000041,0.000038,0.000044,0.000041
1,149843518,149850293,6776,6776,6774,6774,5,6,0.000180,0.000194,0.000205,0.000192,5,6,0.000185,0.000197,0.000193,0.000195,34,54,31,51,0.613636,0.621951,NA,0.000000,0.000000,16,-0.003967,0.000193,0.000193,0.000195,0.000194
1,197787659,197788856,1198,1198,1198,1198,4,1,0.000678,0.000322,0.000345,0.000209,3,1,0.000557,0.000341,0.000344,0.000238,78,8,51,7,0.093023,0.120690,NA,0.000000,0.000000,8,-0.065299,0.000274,0.000344,0.000238,0.000291
1,227499209,227502113,2905,2905,2905,2905,5,2,0.000353,0.000228,0.000065,0.000115,5,2,0.000355,0.000243,0.000066,0.000138,74,12,72,10,0.139535,0.121951,NA,0.000000,0.000000,7,-0.016365,0.000100,0.000066,0.000138,0.000102
1,248128773,248428856,300084,300084,300084,300084,1357,0,0.000898,NaN,0.001015,0.000000,1357,0,0.000898,NaN,0.001015,0.000000,87,1,87,1,0.011364,0.011364,NA,0.000000,0.000000,1625,NA,NA,NA,NA,NA
1,248518572,248529489,10918,10918,10918,10918,36,45,0.000883,0.000878,0.001070,0.000670,36,45,0.000883,0.000878,0.001070,0.000670,24,62,24,62,0.720930,0.720930,NA,0.000000,0.000000,87,0.173143,0.001052,0.001070,0.000670,0.000870
22,21201771,21280466,78696,78696,0,0,0,0,0.000000,0.000000,0.000000,0.000000,0,0,0.000000,0.000000,0.000000,0.000000,11,1,7,1,0.083333,0.125000,NA,0.000000,0.000000,0,NA,NA,NA,NA,NA
22,21443089,21491761,48673,48673,15097,15097,8,9,0.000042,0.000040,0.000033,0.000033,8,9,0.000135,0.000128,0.000105,0.000107,29,59,29,59,0.670455,0.670455,NA,0.000000,0.000000,21,0.049891,0.000112,0.000105,0.000107,0.000106
22,23969582,23971740,2159,2159,2159,2159,8,6,0.000762,0.000855,0.000320,0.000185,2,2,0.000618,0.000618,0.000618,0.000309,73,15,3,3,0.170455,0.500000,NA,0.000000,0.000000,8,0.000000,0.000463,0.000618,0.000309,0.000463
18,12145103,12146503,1401,1401,1401,1401,0,0,0.000000,0.000000,0.000000,0.000000,0,0,0.000000,0.000000,0.000000,0.000000,20,66,19,65,0.767442,0.773810,NA,0.000000,0.000000,0,0.000000,0.000000,0.000000,0.000000,0.000000
18,29783947,29784342,396,396,396,396,0,0,0.000000,0.000000,0.000000,0.000000,0,0,0.000000,0.000000,0.000000,0.000000,73,11,2,2,0.130952,0.500000,NA,0.000000,0.000000,0,0.000000,0.000000,0.000000,0.000000,0.000000
13,37315207,37317760,2554,2554,2554,2554,0,0,0.000000,0.000000,0.000000,0.000000,0,0,0.000000,0.000000,0.000000,0.000000,78,10,76,10,0.113636,0.116279,NA,0.000000,0.000000,0,0.000000,0.000000,0.000000,0.000000,0.000000
13,48199250,48206639,7390,7390,7390,7390,19,3,0.000512,0.000406,0.000367,0.000271,19,3,0.000514,0.000406,0.000374,0.000271,86,2,84,2,0.022727,0.023256,NA,0.000000,0.000000,25,0.166717,0.000387,0.000374,0.000271,0.000322
13,52310302,52320954,10653,10653,10653,10653,17,4,0.000322,0.000375,0.000198,0.000375,17,4,0.000322,0.000375,0.000198,0.000375,80,2,80,2,0.024390,0.024390,NA,0.000000,0.000000,37,-0.121647,0.000256,0.000198,0.000375,0.000287
13,52344010,52502256,158247,158247,158247,158247,269,60,0.000339,0.000253,0.000288,0.000712,269,60,0.000339,0.000253,0.000288,0.000712,85,3,85,3,0.034091,0.034091,NA,0.000000,0.000000,673,-0.020287,0.000490,0.000288,0.000712,0.000500
13,53902573,54093373,190801,190801,190801,190801,731,0,0.000761,NaN,0.000682,0.000000,731,0,0.000761,NaN,0.000682,0.000000,87,1,87,1,0.011364,0.011364,NA,0.000000,0.000000,867,NA,NA,NA,NA,NA
13,63727377,63820968,93592,93592,83004,83004,131,52,0.000284,0.000303,0.000178,0.000235,131,52,0.000320,0.000342,0.000201,0.000265,78,4,78,4,0.048780,0.048780,NA,0.000000,0.000000,198,0.349670,0.000358,0.000201,0.000265,0.000233
13,64598737,64616218,17482,17482,17482,17482,75,0,0.000852,NaN,0.000843,0.000000,75,0,0.000852,NaN,0.000843,0.000000,87,1,87,1,0.011364,0.011364,NA,0.000000,0.000000,89,NA,NA,NA,NA,NA
13,79823210,79839670,16461,16461,16461,16461,47,27,0.000574,0.000718,0.000835,0.000531,47,27,0.000574,0.000718,0.000835,0.000531,82,6,82,6,0.068182,0.068182,NA,0.000000,0.000000,63,0.082597,0.000744,0.000835,0.000531,0.000683
13,97456283,97456722,440,440,440,440,2,1,0.000938,0.000803,0.000126,0.000000,0,0,0.000000,0.000000,0.000000,0.000000,72,10,10,2,0.121951,0.166667,NA,0.000000,0.000000,2,0.000000,0.000000,0.000000,0.000000,0.000000
19,43365871,43369065,3195,3195,3195,3195,0,0,0.000000,0.000000,0.000000,0.000000,0,0,0.000000,0.000000,0.000000,0.000000,87,1,75,1,0.011364,0.013158,NA,0.000000,0.000000,0,NA,NA,NA,NA,NA
19,47959660,50091195,2131536,2131536,2131536,2131536,7362,1368,0.000687,0.000642,0.000688,0.000585,7352,1368,0.000686,0.000642,0.000687,0.000585,86,2,86,2,0.022727,0.022727,NA,0.000000,0.000000,9158,-0.042968,0.000610,0.000687,0.000585,0.000636
10,4983056,4984361,1306,1306,1306,1306,12,7,0.001860,0.002188,0.002111,0.001094,11,6,0.001781,0.002506,0.002037,0.000000,79,7,64,4,0.081395,0.058824,NA,0.000000,0.000000,12,0.636277,0.002800,0.002037,0.000000,0.001018
10,15742803,15760427,17625,17625,17625,17625,65,0,0.000732,NaN,0.000490,0.000000,65,0,0.000732,NaN,0.000490,0.000000,87,1,87,1,0.011364,0.011364,NA,0.000000,0.000000,76,NA,NA,NA,NA,NA
10,37105149,37111121,5973,5973,5973,5973,0,0,0.000000,0.000000,0.000000,0.000000,0,0,0.000000,0.000000,0.000000,0.000000,45,41,45,41,0.476744,0.476744,NA,0.000000,0.000000,0,0.000000,0.000000,0.000000,0.000000,0.000000
10,46144703,46204851,60149,60149,40541,40541,99,56,0.000331,0.000447,0.000293,0.000263,99,56,0.000492,0.000663,0.000435,0.000390,81,5,81,5,0.058140,0.058140,NA,0.000000,0.000000,113,0.461898,0.000766,0.000435,0.000390,0.000412
10,46769328,46857141,87814,87814,0,0,0,0,0.000000,0.000000,0.000000,0.000000,0,0,0.000000,0.000000,0.000000,0.000000,79,5,79,5,0.059524,0.059524,NA,0.000000,0.000000,0,NA,NA,NA,NA,NA
10,46983451,47468232,484782,484782,467447,467447,1116,666,0.000465,0.000530,0.000425,0.000476,1116,666,0.000482,0.000549,0.000441,0.000494,80,8,80,8,0.090909,0.090909,NA,0.000000,0.000000,1532,0.001614,0.000468,0.000441,0.000494,0.000467
10,47480263,47546423,66161,66161,0,0,0,0,0.000000,0.000000,0.000000,0.000000,0,0,0.000000,0.000000,0.000000,0.000000,53,3,49,3,0.053571,0.057692,NA,0.000000,0.000000,0,NA,NA,NA,NA,NA
10,47649265,47756785,107521,107521,0,0,0,0,0.000000,0.000000,0.000000,0.000000,0,0,0.000000,0.000000,0.000000,0.000000,57,5,55,5,0.080645,0.083333,NA,0.000000,0.000000,0,NA,NA,NA,NA,NA
10,47983093,48044442,61350,61350,0,0,0,0,0.000000,0.000000,0.000000,0.000000,0,0,0.000000,0.000000,0.000000,0.000000,63,3,58,2,0.045455,0.033333,NA,0.000000,0.000000,0,NA,NA,NA,NA,NA
10,55007431,55013434,6004,6004,6004,6004,8,3,0.000272,0.000193,0.000260,0.000125,8,3,0.000275,0.000193,0.000265,0.000125,76,8,72,8,0.095238,0.100000,NA,0.000000,0.000000,13,0.129017,0.000224,0.000265,0.000125,0.000195
10,65465445,65470067,4623,4623,4623,4623,54,0,0.002341,NaN,0.001527,0.000000,53,0,0.002309,NaN,0.001532,0.000000,83,1,81,1,0.011905,0.012195,NA,0.000000,0.000000,58,NA,NA,NA,NA,NA
10,71066858,71067726,869,869,869,869,5,2,0.001156,0.001255,0.000819,0.001151,4,0,0.001118,NaN,0.000785,0.000000,82,4,35,1,0.046512,0.027778,NA,0.000000,0.000000,5,NA,NA,NA,NA,NA
10,73657969,73660146,2178,2178,2178,2178,2,1,0.000187,0.000177,0.000024,0.000115,0,0,0.000000,0.000000,0.000000,0.000000,76,8,44,6,0.095238,0.120000,NA,0.000000,0.000000,3,0.000000,0.000000,0.000000,0.000000,0.000000
10,79542901,80217413,674513,674513,644175,644175,1831,781,0.000544,0.000772,0.000604,0.000013,1831,781,0.000570,0.000808,0.000633,0.000013,83,3,83,3,0.034884,0.034884,NA,0.000000,0.000000,2517,0.639679,0.000897,0.000633,0.000013,0.000323
10,87308005,87425030,117026,117026,101850,101850,0,0,0.000000,0.000000,0.000000,0.000000,0,0,0.000000,0.000000,0.000000,0.000000,86,2,86,2,0.022727,0.022727,NA,0.000000,0.000000,0,0.000000,0.000000,0.000000,0.000000,0.000000
10,91443587,91446029,2443,2443,2443,2443,0,0,0.000000,0.000000,0.000000,0.000000,0,0,0.000000,0.000000,0.000000,0.000000,13,75,13,73,0.852273,0.848837,NA,0.000000,0.000000,0,0.000000,0.000000,0.000000,0.000000,0.000000
10,103205557,103205994,438,438,438,438,4,3,0.001849,0.003288,0.002580,0.001826,2,0,0.002491,0.000000,0.003425,0.000000,79,5,4,0,0.059524,0.000000,NA,0.000000,0.000000,4,NA,NA,NA,NA,NA
10,113411933,113412252,320,320,320,320,0,0,0.000000,0.000000,0.000000,0.000000,0,0,0.000000,0.000000,0.000000,0.000000,79,9,3,3,0.102273,0.500000,NA,0.000000,0.000000,0,0.000000,0.000000,0.000000,0.000000,0.000000
10,131619777,131620717,941,941,941,941,4,2,0.000860,0.001020,0.001071,0.000850,4,0,0.000953,NaN,0.001215,0.000000,79,5,49,1,0.059524,0.020000,NA,0.000000,0.000000,7,NA,NA,NA,NA,NA
10,133657262,133787421,130160,130160,390,390,0,0,0.000000,0.000000,0.000000,0.000000,0,0,0.000000,0.000000,0.000000,0.000000,72,6,59,3,0.076923,0.048387,NA,0.000000,0.000000,0,0.000000,0.000000,0.000000,0.000000,0.000000
8,2343351,2378385,35035,35035,35035,35035,235,255,0.001550,0.001665,0.001073,0.001807,235,255,0.001550,0.001665,0.001073,0.001807,43,45,43,45,0.511364,0.511364,NA,0.000000,0.000000,312,0.067481,0.001544,0.001073,0.001807,0.001440
8,7301024,12598379,5297356,5297356,4348427,4348427,16450,18429,0.000714,0.000800,0.000655,0.000729,16438,18416,0.000869,0.000974,0.000798,0.000887,44,44,44,44,0.500000,0.500000,NA,0.000000,0.000000,25024,0.144716,0.000985,0.000798,0.000887,0.000842
8,12369152,12394133,24982,24982,24982,24982,0,0,0.000000,0.000000,0.000000,0.000000,0,0,0.000000,0.000000,0.000000,0.000000,38,14,37,13,0.269231,0.260000,NA,0.000000,0.000000,0,0.000000,0.000000,0.000000,0.000000,0.000000
8,85728658,85741892,13235,13235,0,0,0,0,0.000000,0.000000,0.000000,0.000000,0,0,0.000000,0.000000,0.000000,0.000000,28,54,3,5,0.658537,0.625000,NA,0.000000,0.000000,0,NA,NA,NA,NA,NA
8,85741974,85762792,20819,20819,11180,11180,0,0,0.000000,0.000000,0.000000,0.000000,0,0,0.000000,0.000000,0.000000,0.000000,48,36,0,2,0.428571,1.000000,NA,0.000000,0.000000,0,NA,NA,NA,NA,NA
8,85769984,85821716,51733,51733,0,0,0,0,0.000000,0.000000,0.000000,0.000000,0,0,0.000000,0.000000,0.000000,0.000000,57,17,2,2,0.229730,0.500000,NA,0.000000,0.000000,0,NA,NA,NA,NA,NA
8,102423403,102423638,236,236,236,236,0,0,0.000000,0.000000,0.000000,0.000000,0,0,0.000000,0.000000,0.000000,0.000000,61,27,16,26,0.306818,0.619048,NA,0.000000,0.000000,0,0.000000,0.000000,0.000000,0.000000,0.000000
8,102880337,102881094,758,758,758,758,1,0,0.000264,0.000000,0.000374,0.000880,1,0,0.000406,NaN,0.000327,0.000000,83,3,15,1,0.034884,0.062500,NA,0.000000,0.000000,1,NA,NA,NA,NA,NA
16,1245200,1247503,2304,2304,2304,2304,0,0,0.000000,0.000000,0.000000,0.000000,0,0,0.000000,0.000000,0.000000,0.000000,6,82,5,79,0.931818,0.940476,NA,0.000000,0.000000,0,0.000000,0.000000,0.000000,0.000000,0.000000
16,14907775,15028479,120705,120705,73689,73689,17,16,0.000033,0.000032,0.000017,0.000016,6,3,0.000026,0.000013,0.000032,0.000012,40,34,13,15,0.459459,0.535714,NA,0.000000,0.000000,37,0.123234,0.000025,0.000032,0.000012,0.000022
16,14954790,15100859,146070,146070,146069,146069,121,171,0.000237,0.000245,0.000067,0.000246,121,164,0.000237,0.000240,0.000067,0.000240,19,67,19,61,0.779070,0.762500,NA,0.000000,0.000000,254,0.515848,0.000318,0.000067,0.000240,0.000154
16,15384482,16276146,891665,891665,813927,813927,2690,0,0.000599,NaN,0.000518,0.000000,2690,0,0.000656,NaN,0.000567,0.000000,87,1,87,1,0.011364,0.011364,NA,0.000000,0.000000,3499,NA,NA,NA,NA,NA
16,16721273,18073542,1352270,1352270,1310604,1310604,5443,2477,0.000811,0.000748,0.000761,0.000584,5443,2477,0.000836,0.000771,0.000785,0.000603,81,7,81,7,0.079545,0.079545,NA,0.000000,0.000000,6706,0.118279,0.000787,0.000785,0.000603,0.000694
16,18337348,18356673,19326,19326,0,0,0,0,0.000000,0.000000,0.000000,0.000000,0,0,0.000000,0.000000,0.000000,0.000000,61,23,4,0,0.273810,0.000000,NA,0.000000,0.000000,0,NA,NA,NA,NA,NA
16,20506046,20521893,15848,15848,15848,15848,0,0,0.000000,0.000000,0.000000,0.000000,0,0,0.000000,0.000000,0.000000,0.000000,70,12,70,12,0.146341,0.146341,NA,0.000000,0.000000,0,0.000000,0.000000,0.000000,0.000000,0.000000
16,21583511,22432381,848871,848871,676268,676268,396,1186,0.000224,0.000280,0.000194,0.000192,395,1182,0.000280,0.000350,0.000243,0.000240,5,83,5,83,0.943182,0.943182,NA,0.000000,0.000000,1642,0.040599,0.000252,0.000243,0.000240,0.000242
16,21864964,22432381,567418,567418,500146,500146,309,850,0.000261,0.000300,0.000232,0.000208,309,848,0.000297,0.000340,0.000263,0.000236,5,83,5,83,0.943182,0.943182,NA,0.000000,0.000000,1202,0.005236,0.000251,0.000263,0.000236,0.000250
16,28471892,28637651,165760,165760,165758,165758,128,109,0.000168,0.000163,0.000077,0.000169,127,108,0.000167,0.000162,0.000076,0.000168,56,32,56,32,0.363636,0.363636,NA,0.000000,0.000000,194,0.301699,0.000174,0.000076,0.000168,0.000122
16,28709344,28776487,67144,67144,0,0,0,0,0.000000,0.000000,0.000000,0.000000,0,0,0.000000,0.000000,0.000000,0.000000,59,19,34,6,0.243590,0.150000,NA,0.000000,0.000000,0,NA,NA,NA,NA,NA
16,32364220,32528442,164223,164223,24237,24237,0,0,0.000000,0.000000,0.000000,0.000000,0,0,0.000000,0.000000,0.000000,0.000000,61,9,61,9,0.128571,0.128571,NA,0.000000,0.000000,0,0.000000,0.000000,0.000000,0.000000,0.000000
16,32755978,32879590,123613,123613,0,0,0,0,0.000000,0.000000,0.000000,0.000000,0,0,0.000000,0.000000,0.000000,0.000000,35,31,33,31,0.469697,0.484375,NA,0.000000,0.000000,0,NA,NA,NA,NA,NA
16,32991171,33102750,111580,111580,0,0,0,0,0.000000,0.000000,0.000000,0.000000,0,0,0.000000,0.000000,0.000000,0.000000,39,27,37,25,0.409091,0.403226,NA,0.000000,0.000000,0,NA,NA,NA,NA,NA
16,34507814,34520859,13046,13046,13046,13046,0,0,0.000000,0.000000,0.000000,0.000000,0,0,0.000000,0.000000,0.000000,0.000000,27,1,0,0,0.035714,-1.000000,NA,0.000000,0.000000,0,NA,NA,NA,NA,NA
16,34577841,34580535,2695,2695,0,0,0,0,0.000000,0.000000,0.000000,0.000000,0,0,0.000000,0.000000,0.000000,0.000000,5,31,5,31,0.861111,0.861111,NA,0.000000,0.000000,0,NA,NA,NA,NA,NA
16,35946683,35952382,5700,5700,5700,5700,0,4,0.000000,0.000140,0.000000,0.000057,0,4,0.000000,0.000144,0.000000,0.000058,3,85,3,73,0.965909,0.960526,NA,0.000000,0.000000,12,0.002315,0.000029,0.000000,0.000058,0.000029
16,46383780,46384105,326,326,326,326,0,0,0.000000,0.000000,0.000000,0.000000,0,0,0.000000,0.000000,0.000000,0.000000,1,1,1,1,0.500000,0.500000,NA,0.000000,0.000000,0,NA,NA,NA,NA,NA
16,48616945,48617439,495,495,495,495,0,0,0.000000,0.000000,0.000000,0.000000,0,0,0.000000,0.000000,0.000000,0.000000,57,29,7,3,0.337209,0.300000,NA,0.000000,0.000000,0,0.000000,0.000000,0.000000,0.000000,0.000000
16,75206214,75222748,16535,16535,16535,16535,38,60,0.000723,0.000744,0.000188,0.000743,38,60,0.000723,0.000744,0.000188,0.000743,14,74,14,74,0.840909,0.840909,NA,0.000000,0.000000,74,0.147888,0.000547,0.000188,0.000743,0.000466
16,85155339,85156001,663,663,663,663,0,0,0.000000,0.000000,0.000000,0.000000,0,0,0.000000,0.000000,0.000000,0.000000,37,51,22,42,0.579545,0.656250,NA,0.000000,0.000000,0,0.000000,0.000000,0.000000,0.000000,0.000000
12,13392624,13397634,5011,5011,5011,5011,0,0,0.000000,0.000000,0.000000,0.000000,0,0,0.000000,0.000000,0.000000,0.000000,36,52,9,45,0.590909,0.833333,NA,0.000000,0.000000,0,0.000000,0.000000,0.000000,0.000000,0.000000
12,37705668,37737662,31995,31995,31995,31995,0,0,0.000000,0.000000,0.000000,0.000000,0,0,0.000000,0.000000,0.000000,0.000000,86,2,86,2,0.022727,0.022727,NA,0.000000,0.000000,0,0.000000,0.000000,0.000000,0.000000,0.000000
12,46896694,46915975,19282,19282,19282,19282,64,16,0.000665,0.000398,0.000656,0.000000,64,16,0.000665,0.000398,0.000656,0.000000,83,5,83,5,0.056818,0.056818,NA,0.000000,0.000000,91,0.517620,0.000680,0.000656,0.000000,0.000328
12,71546200,71547738,1539,1539,1539,1539,0,0,0.000000,0.000000,0.000000,0.000000,0,0,0.000000,0.000000,0.000000,0.000000,80,8,62,8,0.090909,0.114286,NA,0.000000,0.000000,0,0.000000,0.000000,0.000000,0.000000,0.000000
12,75713180,75731794,18615,18615,18615,18615,47,0,0.000501,NaN,0.000585,0.000000,47,0,0.000501,NaN,0.000585,0.000000,87,1,87,1,0.011364,0.011364,NA,0.000000,0.000000,66,NA,NA,NA,NA,NA
12,131312081,131644839,332759,332759,332759,332759,1368,167,0.000820,0.000335,0.001042,0.000337,1360,165,0.000815,0.000331,0.001036,0.000331,85,3,85,3,0.034091,0.034091,NA,0.000000,0.000000,1759,0.354125,0.001058,0.001036,0.000331,0.000683
12,131333943,131623807,289865,289865,289865,289865,1238,151,0.000852,0.000347,0.001091,0.000350,1231,149,0.000847,0.000343,0.001084,0.000343,85,3,85,3,0.034091,0.034091,NA,0.000000,0.000000,1604,0.352749,0.001102,0.001084,0.000343,0.000713
2,45065588,45081777,16190,16190,16190,16190,87,6,0.001072,0.000247,0.000942,0.000165,87,6,0.001072,0.000247,0.000942,0.000165,85,3,85,3,0.034091,0.034091,NA,0.000000,0.000000,108,0.615571,0.001440,0.000942,0.000165,0.000554
2,87987171,111255403,23268233,23268233,19502433,19502433,45797,0,0.000391,NaN,0.000374,0.000000,45736,0,0.000466,NaN,0.000446,0.000000,87,1,87,1,0.011364,0.011364,NA,0.000000,0.000000,61623,NA,NA,NA,NA,NA
2,87995841,88180536,184696,184696,184696,184696,525,0,0.000564,NaN,0.000527,0.000000,524,0,0.000563,NaN,0.000526,0.000000,87,1,87,1,0.011364,0.011364,NA,0.000000,0.000000,635,NA,NA,NA,NA,NA
2,88861564,88886160,24597,24597,24597,24597,0,0,0.000000,0.000000,0.000000,0.000000,0,0,0.000000,0.000000,0.000000,0.000000,6,6,6,6,0.500000,0.500000,NA,0.000000,0.000000,0,0.000000,0.000000,0.000000,0.000000,0.000000
2,90060918,90216479,155562,155562,152812,152812,0,0,0.000000,0.000000,0.000000,0.000000,0,0,0.000000,0.000000,0.000000,0.000000,65,5,65,5,0.071429,0.071429,NA,0.000000,0.000000,0,0.000000,0.000000,0.000000,0.000000,0.000000
2,90286375,90379428,93054,93054,93054,93054,57,36,0.000131,0.000101,0.000062,0.000050,20,16,0.000073,0.000115,0.000064,0.000050,60,26,11,3,0.302326,0.214286,NA,0.000000,0.000000,124,-0.165333,0.000049,0.000064,0.000050,0.000057
2,91832040,92012663,180624,180624,172863,172863,291,254,0.000357,0.000339,0.000151,0.000166,287,252,0.000367,0.000352,0.000155,0.000168,52,36,52,36,0.409091,0.409091,NA,0.000000,0.000000,728,0.036081,0.000167,0.000155,0.000168,0.000161
2,94191333,94294046,102714,102714,101682,101682,0,0,0.000000,0.000000,0.000000,0.000010,0,0,0.000000,0.000000,0.000000,0.000010,0,2,0,2,1.000000,1.000000,NA,0.000000,0.000000,105,NA,NA,NA,NA,NA
2,95496989,95579796,82808,82808,82806,82806,69,36,0.000172,0.000129,0.000118,0.000129,69,36,0.000172,0.000129,0.000118,0.000129,71,17,71,17,0.193182,0.193182,NA,0.000000,0.000000,123,-0.002101,0.000123,0.000118,0.000129,0.000124
2,95800191,96024403,224213,224213,224213,224213,126,45,0.000113,0.000082,0.000087,0.000088,124,44,0.000111,0.000080,0.000084,0.000085,81,7,81,7,0.079545,0.079545,NA,0.000000,0.000000,203,0.063538,0.000090,0.000084,0.000085,0.000085
2,97168744,97170236,1493,1493,1493,1493,0,0,0.000000,0.000000,0.000017,0.000000,0,0,0.000000,NaN,0.000000,0.000000,79,7,19,1,0.081395,0.050000,NA,0.000000,0.000000,4,NA,NA,NA,NA,NA
2,97348052,97360454,12403,12403,12401,12401,0,0,0.000000,0.000000,0.000000,0.000000,0,0,0.000000,0.000000,0.000000,0.000000,43,43,43,43,0.500000,0.500000,NA,0.000000,0.000000,0,0.000000,0.000000,0.000000,0.000000,0.000000
2,108527821,109733036,1205216,1205216,1205216,1205216,3962,844,0.000654,0.000700,0.000560,0.000709,3960,844,0.000654,0.000700,0.000559,0.000709,86,2,86,2,0.022727,0.022727,NA,0.000000,0.000000,4740,0.033365,0.000656,0.000559,0.000709,0.000634
2,110095177,110276210,181034,181034,133647,133647,346,288,0.000482,0.000349,0.000482,0.000301,346,288,0.000653,0.000473,0.000653,0.000408,30,54,30,54,0.642857,0.642857,NA,0.000000,0.000000,499,0.117263,0.000601,0.000653,0.000408,0.000530
2,130138212,131200602,1062391,1062391,744007,744007,2107,186,0.000395,0.000175,0.000373,0.000341,2104,186,0.000563,0.000250,0.000532,0.000487,86,2,86,2,0.022727,0.022727,NA,0.000000,0.000000,3004,0.044285,0.000533,0.000532,0.000487,0.000509
2,130138212,131530534,1392323,1392323,1073939,1073939,3431,544,0.000490,0.000391,0.000490,0.000398,3428,544,0.000635,0.000507,0.000635,0.000516,86,2,86,2,0.022727,0.022727,NA,0.000000,0.000000,4576,0.158205,0.000684,0.000635,0.000516,0.000576
2,138247429,138251774,4346,4346,4346,4346,1,1,0.000062,0.000049,0.000000,0.000084,1,1,0.000062,0.000049,0.000000,0.000084,24,64,24,64,0.727273,0.727273,NA,0.000000,0.000000,1,0.222222,0.000054,0.000000,0.000084,0.000042
2,215962718,215963440,723,723,723,723,4,3,0.001132,0.001527,0.000675,0.000307,1,0,0.000396,NaN,0.000534,0.000000,75,9,19,1,0.107143,0.050000,NA,0.000000,0.000000,5,NA,NA,NA,NA,NA
2,222149224,222149582,359,359,359,359,4,0,0.002212,NaN,0.003498,0.000000,0,0,NaN,NaN,0.000000,0.000000,87,1,1,1,0.011364,0.500000,NA,0.000000,0.000000,4,NA,NA,NA,NA,NA
2,236356880,236358489,1610,1610,1610,1610,0,0,0.000000,0.000000,0.000000,0.000000,0,0,0.000000,0.000000,0.000000,0.000000,20,6,1,1,0.230769,0.500000,NA,0.000000,0.000000,0,NA,NA,NA,NA,NA
2,240685789,240688966,3178,3178,3178,3178,0,0,0.000000,0.000000,0.000000,0.000000,0,0,0.000000,0.000000,0.000000,0.000000,54,32,51,31,0.372093,0.378049,NA,0.000000,0.000000,1,0.000000,0.000000,0.000000,0.000000,0.000000
3,26316193,26317447,1255,1255,1255,1255,5,0,0.000795,0.000000,0.000597,0.000000,5,0,0.000845,NaN,0.000579,0.000000,85,3,63,1,0.034091,0.015625,NA,0.000000,0.000000,6,NA,NA,NA,NA,NA
3,28417060,28417483,424,424,424,424,0,0,0.000000,0.000000,0.000000,0.000000,0,0,0.000000,0.000000,0.000000,0.000000,70,12,4,6,0.146341,0.600000,NA,0.000000,0.000000,0,0.000000,0.000000,0.000000,0.000000,0.000000
3,75454477,75455715,1239,1239,1239,1239,8,1,0.001294,0.000538,0.000611,0.000538,3,0,0.000716,NaN,0.000700,0.000000,83,3,17,1,0.034884,0.055556,NA,0.000000,0.000000,10,NA,NA,NA,NA,NA
3,131969227,131977820,8594,8594,8594,8594,0,0,0.000000,0.000000,0.000000,0.000000,0,0,0.000000,0.000000,0.000000,0.000000,78,10,78,10,0.113636,0.113636,NA,0.000000,0.000000,0,0.000000,0.000000,0.000000,0.000000,0.000000
3,162827574,162829855,2282,2282,2282,2282,0,0,0.000000,0.000000,0.000000,0.000000,0,0,0.000000,0.000000,0.000000,0.000000,32,20,13,11,0.384615,0.458333,NA,0.000000,0.000000,0,0.000000,0.000000,0.000000,0.000000,0.000000
3,195680054,195724206,44153,44153,44153,44153,0,0,NaN,NaN,0.000000,0.000000,0,0,NaN,NaN,0.000000,0.000000,1,1,1,1,0.500000,0.500000,NA,0.000000,0.000000,194,NA,NA,NA,NA,NA
3,195692124,195956606,264483,264483,264483,264483,836,609,0.000666,0.000624,0.000579,0.000563,831,604,0.000662,0.000619,0.000574,0.000557,65,23,65,23,0.261364,0.261364,NA,0.000000,0.000000,1189,0.285096,0.000791,0.000574,0.000557,0.000566
3,195749463,195980207,230745,230745,230745,230745,617,456,0.000564,0.000535,0.000492,0.000508,617,456,0.000564,0.000535,0.000492,0.000508,65,23,65,23,0.261364,0.261364,NA,0.000000,0.000000,864,0.288843,0.000703,0.000492,0.000508,0.000500
17,3082008,3221835,139828,139828,139828,139828,538,0,0.000767,NaN,0.000857,0.000000,538,0,0.000767,NaN,0.000857,0.000000,85,1,85,1,0.011628,0.011628,NA,0.000000,0.000000,776,NA,NA,NA,NA,NA
17,5982838,5983104,267,267,267,267,0,0,0.000000,0.000000,0.000000,0.000000,0,0,0.000000,0.000000,0.000000,0.000000,24,64,0,64,0.727273,1.000000,NA,0.000000,0.000000,0,NA,NA,NA,NA,NA
17,16823490,18384190,1560701,1560701,1560701,1560701,3870,377,0.000496,0.000242,0.000467,0.000242,3870,377,0.000496,0.000242,0.000467,0.000242,84,2,84,2,0.023256,0.023256,NA,0.000000,0.000000,5017,0.145979,0.000415,0.000467,0.000242,0.000354
17,18622359,18823773,201415,201415,201414,201414,3,0,0.000003,0.000000,0.000001,0.000000,3,0,0.000003,0.000000,0.000001,0.000000,84,2,84,2,0.023256,0.023256,NA,0.000000,0.000000,4,0.036145,0.000001,0.000001,0.000000,0.000001
17,30621881,30625589,3709,3709,3709,3709,0,0,0.000000,0.000000,0.000000,0.000000,0,0,0.000000,0.000000,0.000000,0.000000,44,44,38,40,0.500000,0.512821,NA,0.000000,0.000000,0,0.000000,0.000000,0.000000,0.000000,0.000000
17,36109569,36223772,114204,114204,91078,91078,281,118,0.000497,0.000453,0.000399,0.000372,90,0,0.000349,0.000000,0.000521,0.000000,80,6,10,0,0.069767,0.000000,NA,0.000000,0.000000,421,NA,NA,NA,NA,NA
17,37415181,37415638,458,458,458,458,0,0,NaN,NaN,0.000000,0.000000,0,0,NaN,NaN,0.000000,0.000000,1,1,1,1,0.500000,0.500000,NA,0.000000,0.000000,1,NA,NA,NA,NA,NA
17,43232908,43321964,89057,89057,78637,78637,0,0,0.000000,0.000000,0.000000,0.000000,0,0,0.000000,0.000000,0.000000,0.000000,1,85,1,85,0.988372,0.988372,NA,0.000000,0.000000,0,NA,NA,NA,NA,NA
17,43263148,43322883,59736,59736,59736,59736,0,0,0.000000,0.000000,0.000000,0.000000,0,0,0.000000,0.000000,0.000000,0.000000,1,85,1,85,0.988372,0.988372,NA,0.000000,0.000000,0,NA,NA,NA,NA,NA
17,45573556,45585158,11603,11603,11603,11603,17,12,0.000310,0.000284,0.000150,0.000330,0,0,0.000000,0.000000,0.000000,0.000000,64,22,0,0,0.255814,-1.000000,NA,0.000000,0.000000,57,NA,NA,NA,NA,NA
17,45585159,46292045,706887,706887,706887,706887,2800,2137,0.000804,0.001069,0.000241,0.000138,2781,2120,0.000798,0.001060,0.000239,0.000129,78,10,78,10,0.113636,0.113636,NA,0.000000,0.000000,3309,0.932922,0.002744,0.000239,0.000129,0.000184
17,60035640,60110888,75249,75249,75247,75247,115,71,0.000309,0.000364,0.000243,0.000118,115,71,0.000309,0.000364,0.000243,0.000118,80,8,80,8,0.090909,0.090909,NA,0.000000,0.000000,139,0.192897,0.000224,0.000243,0.000118,0.000180
17,76181937,76182932,996,996,996,996,3,2,0.000610,0.000739,0.000445,0.000669,3,0,0.000767,NaN,0.000633,0.000000,79,9,29,1,0.102273,0.033333,NA,0.000000,0.000000,4,NA,NA,NA,NA,NA
