population	population_label	Inversion	Phenotype	locus	pooled_or	pooled_q	existing_or	existing_p	existing_ci_lo_or	existing_ci_hi_or	within_beta	within_or	within_p	within_p_valid	within_q_selected_set	within_n_total	within_n_cases	within_n_controls	within_ci_valid	within_ci_sided	within_ci_lo_or	within_ci_hi_or	within_skip_reason	existing_beta	evaluable	existing_neg_log10_p	within_neg_log10_p	direction_concordant	beta_shift_within_minus_existing	absolute_beta_shift	not_evaluable_reason
AFR	African	chr17-45585160-INV-706887	Melanocytic_nevi	17q21.31	0.8984195895801521	3.97821655498032e-07	1.110922418003639	0.424340467938898	0.8582394224661689	1.438000383711925	0.138838468584049	1.148938495351523	0.293676039299635	True	0.91016679372535	63655.0	1200.0	62455.0	True	two	0.8886048895956851	1.485541753772308		0.10519067743940765	True	0.3722855490382486	0.5321314856339804	True	0.03364779114464135	0.03364779114464135	evaluable
AFR	African	chr17-45585160-INV-706887	Benign_neoplasm_of_the_skin	17q21.31	0.919445054996808	3.485562610105893e-06	0.943374563484768	0.516832992022344	0.790934878059593	1.1251944903648858	-0.039402880012159	0.9613633170504772	0.6608829345966091	True	0.9333557003672052	65465.0	3010.0	62455.0	True	two	0.8061834889908679	1.146413242135708		-0.05829187109376867	True	0.2866497709496611	0.17987546239226096	True	0.01888899108160967	0.01888899108160967	evaluable
AFR	African	chr12-46897663-INV-16289	Conjunctivitis	chr12-46897663-INV-16289	1.146797282143917	0.0002375965855462	1.044971011907488	0.726951699589208	0.8163421688648982	1.337630784460524	0.068813659576933	1.071236575872296	0.60118482278398	True	0.9333557003672052	69437.0	4460.0	64977.0	True	two	0.8276063736391935	1.3865864715861789		0.043989145230572006	True	0.13849444374719738	0.22099199193138497	True	0.024824514346360994	0.024824514346360994	evaluable
AFR	African	chr17-45585160-INV-706887	Scar_conditions_and_fibrosis_of_skin	17q21.31	0.8761401418312581	0.0007396124432476	0.8989901894126241	0.448438551532274	0.6826250193410974	1.183934572805789	-0.108391882034113	0.8972759012180871	0.441642200597714	True	0.9224423393241438	62341.0	1239.0	61102.0	True	two	0.6807907425040113	1.182601337887594		-0.1064831573480103	True	0.3482970588824998	0.35492943480090994	True	-0.001908724686102703	0.001908724686102703	evaluable
AFR	African	chr12-46897663-INV-16289	Inflammation_of_the_eye	chr12-46897663-INV-16289	1.118461294765881	0.0010489751915058	1.097229214846169	0.393981803115932	0.8864244684007837	1.358166423456183	0.121355041949114	1.129025692698754	0.283544062632876	True	0.91016679372535	71216.0	6239.0	64977.0	True	two	0.906555306803228	1.4060907318151972		0.09278810645501519	True	0.40452383652173474	0.5473794423394573	True	0.02856693549409882	0.02856693549409882	evaluable
AFR	African	chr17-45585160-INV-706887	Skin_changes_due_to_solar_radiation	17q21.31	0.9217316804905972	0.0025112501876418	1.282121364844287	0.220848690684836	0.8612780124590935	1.908599976326752	0.252761366569513	1.287575981497141	0.215732425860639	True	0.9015827916939884	61598.0	496.0	61102.0	True	two	0.868587772768427	1.908675162262874		0.24851602238298992	True	0.655905171139737	0.6660845729597568	True	0.004245344186523059	0.004245344186523059	evaluable
AFR	African	chr12-46897663-INV-16289	Acne	chr12-46897663-INV-16289	1.158457349406182	0.0026748227642185	0.939153048290356	0.6983352802329461	0.6836945874509721	1.2900620603147848	-0.050249134619751	0.950992469837774	0.7672365072700951	True	0.9333557003672052	63749.0	2647.0	61102.0	True	two	0.6818243297085524	1.326421833721796		-0.0627768223308654	True	0.15593601663942944	0.1150707403932646	True	0.0125276877111144	0.0125276877111144	evaluable
AFR	African	chr17-45585160-INV-706887	Hypertrophic_conditions_of_skin	17q21.31	0.9108932941348272	0.0026748227642185	0.9692766939457732	0.744352075174536	0.8035140496554479	1.1692356964129134	-0.028434920503585	0.9719655471162172	0.7655534829275681	True	0.9333557003672052	63876.0	2774.0	61102.0	True	two	0.8062752374568029	1.171705369199736		-0.031205161984161952	True	0.12822159652631226	0.11602446332111102	True	0.002770241480576953	0.002770241480576953	evaluable
AFR	African	chr17-45585160-INV-706887	Rosacea	17q21.31	0.8837376473363411	0.003025529825077	1.183240418968718	0.503422203484937	0.7228170233832115	1.9369464799378515	0.180314798022206	1.197594304106897	0.476357582762449	True	0.9294457396991442	61398.0	296.0	61102.0	True	two	0.7291122201992623	1.9670937854221064		0.16825679255505738	True	0.29806763376513995	0.3220669171984029	True	0.012058005467148636	0.012058005467148636	evaluable
AFR	African	chr17-45585160-INV-706887	Lump_or_mass_in_breast_or_nonspecific_abnormal_breast_exam	17q21.31	0.929732224935175	0.0032902700458532	1.009978821071203	0.875142963466448	0.8923246260971697	1.1431458789542563	0.016640769900926	1.016779998731873	0.7884069692605791	True	0.9386492823214052	70782.0	8327.0	62455.0	True	two	0.9004272434737834	1.1481677984694263		0.009929361396877967	True	0.05792099478003627	0.10324954535399113	True	0.006711408504048033	0.006711408504048033	evaluable
AFR	African	chr17-45585160-INV-706887	Morbid_obesity	17q21.31	1.077702123334776	0.004535850149842	1.226087522219486	0.000444487843854	1.094263525959163	1.3737921227198244	0.23666329706829	1.2670144384712771	2.214384389481928e-05	True	0.0057352555687581	67801.0	9219.0	58582.0	True	two	1.136971483951557	1.411931266486436		0.20382822339949896	True	3.352140111902586	4.654746988813724	True	0.03283507366879104	0.03283507366879104	evaluable
AFR	African	chr17-45585160-INV-706887	Skin_changes_due_to_chronic_exposure_to_nonionizing_radiation	17q21.31	0.923985754560284	0.0047397700432051	1.439364117039837	0.156217705977499	0.8700264439637273	2.381271369158803	0.361340108441103	1.435251519034231	0.160690686523385	True	0.9015827916939884	61407.0	305.0	61102.0	True	two	0.8766483906594931	2.349798328313125		0.36420143067136707	True	0.8062697440020508	0.7940092937949321	True	-0.002861322230264085	0.002861322230264085	evaluable
AFR	African	chr17-45585160-INV-706887	Abnormal_mammogram	17q21.31	0.9059424645758932	0.0090944400770346	1.024514363974958	0.787739182103493	0.8589202025566713	1.2220339897311456	0.041128266634437	1.041985748979453	0.6442170612024171	True	0.9333557003672052	66013.0	3558.0	62455.0	True	two	0.8750943278340204	1.240705449164107		0.024218709071892233	True	0.10361755220984104	0.19096777767226164	True	0.016909557562544766	0.016909557562544766	evaluable
AFR	African	chr17-45585160-INV-706887	Other_skin_and_subcutaneous_disorders	17q21.31	0.938386809006506	0.0116746298581337	0.941428971559872	0.412914558139552	0.8147809720681212	1.0877628944164626	-0.047227359722834	0.95387050120178	0.5166272082755641	True	0.9333557003672052	66053.0	4951.0	61102.0	True	two	0.8269995930289696	1.1002048135603677		-0.060356375515327035	True	0.3841398049232725	0.2868227253543828	True	0.013129015792493037	0.013129015792493037	evaluable
AFR	African	chr17-45585160-INV-706887	Other_follicular_disorders	17q21.31	0.941923155068834	0.0165850858892813	0.9458968685207012	0.378811343760577	0.8356948319520784	1.070631110386686	-0.04762357084493	0.953492641961125	0.44582787113534	True	0.9224423393241438	68035.0	6933.0	61102.0	True	two	0.8436182955051152	1.0776772186165742		-0.05562173435026491	True	0.42157702423355375	0.3508327848869109	True	0.007998163505334915	0.007998163505334915	evaluable
AFR	African	chr8-7301025-INV-5297356	Multinodular_goiter	8p23.1	0.8351630188718621	0.0165850858892813	1.07947638512685	0.477754387396825	0.8740119505186164	1.3332417999034116	0.046298168312263	1.047386661916224	0.6694129430672351	True	0.9333557003672052	60548.0	1966.0	58582.0	True	two	0.8467348594300851	1.2955871691622391		0.07647609498249781	True	0.3207953159663417	0.1743058948340276	True	-0.030177926670234813	0.030177926670234813	evaluable
AFR	African	chr17-45585160-INV-706887	Benign_sarcoma_related_cancers	17q21.31	0.9358731451895932	0.0169370491965098	1.003767717354742	0.962993635516114	0.8563292012564889	1.1765914661384604	0.012423558596591	1.012501051581055	0.878035973862983	True	0.9697218514992804	66484.0	4029.0	62455.0	True	two	0.8639429742308686	1.186604220452626		0.003760637285935537	True	0.01637658314479646	0.05648769032381412	True	0.008662921310655464	0.008662921310655464	evaluable
AFR	African	chr12-46897663-INV-16289	Disorder_of_nervous_system	chr12-46897663-INV-16289	1.16798937057393	0.0207683960031391	1.177577008762839	0.368120110923995	0.8248846934374433	1.6810684239857308	0.183591636434891	1.201525063840384	0.326959503298318	True	0.9127042866512732	68931.0	2026.0	66905.0	True	two	0.8379983175472181	1.722751047116861		0.16345894499315222	True	0.4340104557814357	0.4855060350559549	True	0.020132691441738765	0.020132691441738765	evaluable
AFR	African	chr17-45585160-INV-706887	Aphagia_and_dysphagia	17q21.31	0.9282859495964992	0.0207683960031391	0.9002830426381191	0.185352107384045	0.7706691529787294	1.0516958590194403	-0.079096188079982	0.923951047093466	0.303771853126416	True	0.91016679372535	74446.0	4547.0	69899.0	True	two	0.794123291611727	1.075003776419277		-0.10504607327988061	True	0.7320024718407347	0.517452469440282	True	0.025949885199898604	0.025949885199898604	evaluable
AFR	African	chr8-7301025-INV-5297356	Alopecia_Areata	8p23.1	1.656182540789858	0.0283667152261219	1.120584981413815	0.6919418166646261	0.6380565499059102	1.968024152021276	0.099645786170152	1.104779520575416	0.7362934353036531	True	0.9333557003672052	61344.0	242.0	61102.0	True	two	0.6186047109131354	1.973049618844938		0.11385085378707353	True	0.159930422543021	0.13294907161905878	True	-0.01420506761692153	0.01420506761692153	evaluable
AFR	African	chr12-46897663-INV-16289	Epidermal_thickening	chr12-46897663-INV-16289	1.110971221834582	0.0320006064634345	1.077330906558522	0.545303426388565	0.8462879279657423	1.3714503585276117	0.070622507039241	1.073176032996329	0.580320059036292	True	0.9333557003672052	66181.0	5079.0	61102.0	True	two	0.8355058213504227	1.37845454617688		0.07448659941257281	True	0.2633617734355489	0.23633241758261223	True	-0.0038640923733318094	0.0038640923733318094	evaluable
AFR	African	chr17-45585160-INV-706887	Abnormal_cytological_findings_in_specimens_from_genital_organs	17q21.31	0.912010161869262	0.0358638222247056	0.922535999648023	0.34046482077096	0.781602270964843	1.0888820340759462	-0.043146187451786	0.957771365677033	0.597487399101654	True	0.9333557003672052	74446.0	3945.0	70501.0	True	two	0.8160318398544243	1.124130143101397		-0.08062887982017458	True	0.46792775580507384	0.22367124947325615	True	0.03748269236838858	0.03748269236838858	evaluable
AFR	African	chr17-45585160-INV-706887	Abnormal_Papanicolaou_smear	17q21.31	0.8983153918104351	0.0358941901096197	0.866228357883223	0.136925609901614	0.7168799902012094	1.046690629195078	-0.111928907718251	0.8941078194059601	0.235341987828525	True	0.91016679372535	73429.0	2928.0	70501.0	True	two	0.7423301774152701	1.076918084492298		-0.1436067124747125	True	0.8635153159364015	0.6283005825755289	True	0.031677804756461495	0.031677804756461495	evaluable
AFR	African	chr10-79542902-INV-674513	High_risk_human_papillomavirus_HPV_DNA_test_positive	chr10-79542902-INV-674513	1.240316608581981	0.0364489711471226	1.137554341832498	0.469302243121238	0.8023566532486381	1.6127863779562472	0.233841140877814	1.263443766696951	0.19323508337177	True	0.9015827916939884	71629.0	1128.0	70501.0	True	two	0.8936913768627051	1.786176070322108		0.12888064374143182	True	0.3285473699877018	0.7139140211320828	True	0.10496049713638217	0.10496049713638217	evaluable
AFR	African	chr12-46897663-INV-16289	Flat_foot_pes_planus	chr12-46897663-INV-16289	1.198269426457543	0.0423726592151362	1.250898720691561	0.218018591644285	0.876052291316712	1.786134943013457	0.233117324136829	1.262529595833324	0.215822907664198	True	0.9015827916939884	63431.0	2080.0	61351.0	True	two	0.88038287495648	1.8105542778008368		0.22386226952763588	True	0.661506470137391	0.6659024607459965	True	0.009255054609193125	0.009255054609193125	evaluable
AFR	African	chr12-46897663-INV-16289	Hearing_impairment	chr12-46897663-INV-16289	1.082425119215828	0.0423726592151362	0.9830893002141312	0.894393049733839	0.7642424160698756	1.264604727339741	0.017247992584855	1.017397598102865	0.8967580948097401	True	0.9697218514992804	69560.0	4583.0	64977.0	True	two	0.7840524352171772	1.3201896022920518		-0.017055318389236022	True	0.048471584316741326	0.04732469436726178	False	0.03430331097409102	0.03430331097409102	evaluable
AFR	African	chr12-46897663-INV-16289	Lump_or_mass_in_breast_or_nonspecific_abnormal_breast_exam	chr12-46897663-INV-16289	1.086309925847279	0.0423726592151362	1.052573421840845	0.6266121303302431	0.8562572095119623	1.293899538664576	0.028157805134238	1.02855798334592	0.794198922079544	True	0.9386492823214052	70782.0	8327.0	62455.0	True	two	0.8324322763084222	1.270892005528933		0.05123804361005709	True	0.20300120204209524	0.10007070671462344	True	-0.023080238475819092	0.023080238475819092	evaluable
AFR	African	chr12-46897663-INV-16289	Migraine	chr12-46897663-INV-16289	1.086060571739335	0.0423726592151362	1.071982771396435	0.540430996759464	0.8580945962248234	1.339184592498822	0.084377173310496	1.088039195771906	0.466226429656784	True	0.92244462513938	72594.0	5689.0	66905.0	True	two	0.867108870053872	1.3652602717146998		0.06950999106091348	True	0.26725974970268657	0.33140311063364997	True	0.014867182249582528	0.014867182249582528	evaluable
AFR	African	chr12-46897663-INV-16289	Rosacea	chr12-46897663-INV-16289	1.143636402699927	0.0423726592151362	1.013496090566296	0.975027631416107	0.4378145723788518	2.346140102217352	-0.068814005380599	0.933500289963591	0.8773830639858251	True	0.9697218514992804	61398.0	296.0	61102.0	True	two	0.3894652482098917	2.2374853606771103		0.013405829543125278	True	0.010983076607613173	0.05681075298155184	False	-0.08221983492372427	0.08221983492372427	evaluable
AFR	African	chr12-46897663-INV-16289	Sensorineural_hearing_loss	chr12-46897663-INV-16289	1.096180386771489	0.0423726592151362	1.011745219230184	0.940394572108926	0.7449834337694844	1.3740283907465625	0.048925099085355	1.050141691221051	0.762392143300985	True	0.9333557003672052	67940.0	2963.0	64977.0	True	two	0.764725677202283	1.4420825722436146		0.011676779514523549	True	0.026689886256950335	0.11782158789256529	True	0.037248319570831454	0.037248319570831454	evaluable
AFR	African	chr12-46897663-INV-16289	Urinary_incontinence_and_enuresis	chr12-46897663-INV-16289	1.097374348651035	0.0423726592151362	1.050531392814974	0.6938652866080831	0.8218736028971637	1.3428052724889112	0.095067696921723	1.099733301165396	0.45418218115053	True	0.92244462513938	74446.0	4999.0	69447.0	True	two	0.8573730250317823	1.410603434423782		0.04929612454510442	True	0.15872483928831144	0.3427699083809265	True	0.04577157237661858	0.04577157237661858	evaluable
AFR	African	chr17-45585160-INV-706887	Diastolic_heart_failure	17q21.31	1.115625916975585	0.0423726592151362	1.128520390787027	0.241510825771229	0.9218029282289084	1.381594952045808	0.093888768527071	1.098437558294216	0.345936127589693	True	0.9127042866512732	74446.0	2684.0	71762.0	True	two	0.9036111098628872	1.335270290838324		0.12090738604178855	True	0.6170633971388415	0.46100408038652885	True	-0.027018617514717555	0.027018617514717555	evaluable
AFR	African	chr17-45585160-INV-706887	Goiter	17q21.31	0.9266919044321652	0.0423726592151362	0.9465832544767512	0.5076049182733751	0.8046996806636919	1.1134835506791647	-0.01805557676032	0.982106448546818	0.8227815767283061	True	0.9599118395163572	62921.0	4339.0	58582.0	True	two	0.8385668503219887	1.1502160810517252		-0.05489635184525906	True	0.29447417860129005	0.0847154413511748	True	0.03684077508493906	0.03684077508493906	evaluable
AFR	African	chr17-45585160-INV-706887	Mild_cognitive_impairment	17q21.31	0.856658550814101	0.0423726592151362	1.215584795218858	0.287902165557734	0.848044895288129	1.7424152926069236	0.233611834684513	1.263154084430598	0.203617293519908	True	0.9015827916939884	67590.0	685.0	66905.0	True	two	0.8858242209499251	1.801213156378459		0.19522527393592565	True	0.5407550684104313	0.6911853394918527	True	0.038386560748587345	0.038386560748587345	evaluable
AFR	African	chr8-7301025-INV-5297356	Uninodular_goiter_single_thyroid_nodule	8p23.1	0.871887302724031	0.0423726592151362	0.993315053440234	0.9438395690158852	0.8242141888787305	1.197109693941641	-0.018725783503848	0.981448454702726	0.844936416751302	True	0.9697218514992804	61102.0	2520.0	58582.0	True	two	0.813524500196927	1.1840344931286042		-0.006707390897071779	True	0.0251018194861515	0.07317597139708322	True	-0.012018392606776222	0.012018392606776222	evaluable
AFR	African	chr8-7301025-INV-5297356	Viral_infections	8p23.1	1.060961546322655	0.0423726592151362	1.070014293347237	0.082952905106629	0.9912115982995672	1.1550819118052351	0.056931662551352	1.05858346703033	0.149684534975234	True	0.9015827916939884	74446.0	18428.0	56018.0	True	two	0.979653907477678	1.143872288076886		0.0676720066530397	True	1.0811683998784938	0.8248230675384827	True	-0.010740344101687699	0.010740344101687699	evaluable
AFR	African	chr12-46897663-INV-16289	Pure_hypercholesterolemia	chr12-46897663-INV-16289	1.082430606383577	0.0443135800836341	0.9202081323146	0.474840762980887	0.7325517499345322	1.155936091687176	-0.04715256675184	0.9539418466785452	0.6827095837709241	True	0.9333557003672052	65387.0	6805.0	58582.0	True	two	0.7609102973280275	1.195942609845078		-0.08315540374863527	True	0.32345200585524053	0.16576400054715962	True	0.03600283699679527	0.03600283699679527	evaluable
AFR	African	chr6-141867315-INV-29159	Laryngitis_and_tracheitis	chr6-141867315-INV-29159	0.571941980995996	0.0443135800836341	0.5185450881844821	7.469551503825518e-05	0.374672459734949	0.7176641930673793	-0.652471450222724	0.520757159642213	9.518806679579464e-05	True	0.0123268546500554	74446.0	913.0	73533.0	True	two	0.368985413753869	0.734955933785287		-0.6567282962032271	True	4.126705473855446	4.021417493312758	True	0.004256845980503132	0.004256845980503132	evaluable
AFR	African	chr17-45585160-INV-706887	Pain_in_shoulder	17q21.31	0.951640240022074	0.049244154485148	0.933373656074314	0.203556282861194	0.8392606282688333	1.0380403327754728	-0.057585100093908	0.944041548943469	0.254724040242404	True	0.91016679372535	73549.0	12198.0	61351.0	True	two	0.8547822906667931	1.042621560908067		-0.06894966948340644	True	0.6913154883725859	0.5939300654332147	True	0.011364569389498445	0.011364569389498445	evaluable
AMR	Admixed American	chr17-45585160-INV-706887	Melanocytic_nevi	17q21.31	0.8984195895801521	3.97821655498032e-07	0.963423496245243	0.5892977774332471	0.8415210268248394	1.1029847187770951	-0.035552616815008	0.9650719538815952	0.605730083435099	True	0.8813713011780374	62560.0	1774.0	60786.0	True	two	0.8432022890094678	1.1045556781670245		-0.037262196205235895	True	0.22966519686564615	0.2177208566728084	True	0.0017095793902278944	0.0017095793902278944	evaluable
AMR	Admixed American	chr17-45585160-INV-706887	Benign_neoplasm_of_the_skin	17q21.31	0.919445054996808	3.485562610105893e-06	1.002853437512919	0.95394538931745	0.9104194186283092	1.104672194543859	0.017143384133042	1.01729117528171	0.727157948552409	True	0.9345179402369918	64484.0	3698.0	60786.0	True	two	0.9238938399063256	1.1201301389897462		0.0028493741878930943	True	0.020476486718274425	0.1383712442521227	True	0.014294009945148903	0.014294009945148903	evaluable
AMR	Admixed American	chr12-46897663-INV-16289	Conjunctivitis	chr12-46897663-INV-16289	1.146797282143917	0.0002375965855462	1.090384925181767	0.239011423830238	0.9441166497860524	1.2593139686002517	0.113080425184309	1.119721983174257	0.13901983320728	True	0.6316866105383425	66055.0	3530.0	62525.0	True	two	0.9654769116134412	1.298609324078461		0.08653077626955584	True	0.6215813409436324	0.8569232368823538	True	0.026549648914753157	0.026549648914753157	evaluable
AMR	Admixed American	chr17-45585160-INV-706887	Scar_conditions_and_fibrosis_of_skin	17q21.31	0.8761401418312581	0.0007396124432476	0.946577864505276	0.557740101208263	0.7878347159401955	1.1373066398858522	-0.042233046553822	0.958646345310977	0.65125344925725	True	0.8941844136851813	60933.0	960.0	59973.0	True	two	0.7982324800802401	1.151297195130064		-0.054902045995029104	True	0.25356812885009145	0.18624996351672096	True	0.012668999441207106	0.012668999441207106	evaluable
AMR	Admixed American	chr12-46897663-INV-16289	Inflammation_of_the_eye	chr12-46897663-INV-16289	1.118461294765881	0.0010489751915058	1.081073901270793	0.215945659671533	0.9554979455899242	1.2231536293751888	0.108971966229526	1.1151310885742731	0.094955868462986	True	0.542549380413513	67549.0	5024.0	62525.0	True	two	0.9824381831309312	1.265746146736559		0.07795490012314174	True	0.6656555204872676	1.0224781898281234	True	0.03101706610638426	0.03101706610638426	evaluable
AMR	Admixed American	chr17-45585160-INV-706887	Skin_changes_due_to_solar_radiation	17q21.31	0.9217316804905972	0.0025112501876418	0.8361301447719751	0.029380319254605	0.7117703500799425	0.982217956842236	-0.16781247822296	0.845512371802082	0.039460829157439	True	0.4562120742810185	61239.0	1266.0	59973.0	True	two	0.719599238074603	0.993457376057237		-0.17897100244905514	True	1.5319434893572	1.4038337935207983	True	0.011158524226095146	0.011158524226095146	evaluable
AMR	Admixed American	chr12-46897663-INV-16289	Acne	chr12-46897663-INV-16289	1.158457349406182	0.0026748227642185	1.097004425056007	0.317621272109497	0.91485187292231	1.315424654210284	0.123718887117807	1.1316976914792671	0.202705108659678	True	0.6907976729323237	62021.0	2048.0	59973.0	True	two	0.9355394719897564	1.368985171919635		0.0925832150643622	True	0.4980904191844726	0.6931353058962858	True	0.031135672053444793	0.031135672053444793	evaluable
AMR	Admixed American	chr17-45585160-INV-706887	Hypertrophic_conditions_of_skin	17q21.31	0.9108932941348272	0.0026748227642185	0.993449367857608	0.91904546975112	0.8751929378033779	1.127684655424412	-0.002796607437525	0.9972072994262172	0.9653103101076392	True	0.9804524326191316	62092.0	2119.0	59973.0	True	two	0.8791242390304129	1.1311511546145976		-0.006572181693465369	True	0.03666300137395486	0.01533305525302655	True	0.003775574255940369	0.003775574255940369	evaluable
AMR	Admixed American	chr17-45585160-INV-706887	Rosacea	17q21.31	0.8837376473363411	0.003025529825077	0.90274806332932	0.315442163905213	0.7392889350781197	1.1023485232586676	-0.090942138248701	0.9130705412313972	0.370726850352753	True	0.8188105359599952	60783.0	810.0	59973.0	True	two	0.7482099877757329	1.114256461268317		-0.10231176412809512	True	0.5010802567030618	0.4309459585138735	True	0.011369625879394121	0.011369625879394121	evaluable
AMR	Admixed American	chr17-45585160-INV-706887	Lump_or_mass_in_breast_or_nonspecific_abnormal_breast_exam	17q21.31	0.929732224935175	0.0032902700458532	0.957790105517996	0.325292716488363	0.8789219920823534	1.0437352739971248	-0.030343540669089	0.970112203300124	0.484008320174256	True	0.8422815355570126	66746.0	5960.0	60786.0	True	two	0.8910812724451543	1.056152470143792		-0.04312662155296761	True	0.48772566074005075	0.31514717270535986	True	0.012783080883878611	0.012783080883878611	evaluable
AMR	Admixed American	chr17-45585160-INV-706887	Morbid_obesity	17q21.31	1.077702123334776	0.004535850149842	1.070019807165567	0.101865415395772	0.9866818005484764	1.1603967835326312	0.034023796796913	1.034609226820832	0.397450056204805	True	0.8188105359599952	64663.0	6188.0	58475.0	True	two	0.9562045504254346	1.119442750765566		0.0676771596721704	True	0.9919732394696339	0.4007174372651459	True	-0.0336533628752574	0.0336533628752574	evaluable
AMR	Admixed American	chr17-45585160-INV-706887	Skin_changes_due_to_chronic_exposure_to_nonionizing_radiation	17q21.31	0.923985754560284	0.0047397700432051	0.8454326803320581	0.059224424420641	0.7100996985948678	1.006557837424512	-0.152480423778994	0.8585757014595621	0.083712873677249	True	0.5305227154565963	61037.0	1064.0	59973.0	True	two	0.7212618896757511	1.022031311633798		-0.1679067349464214	True	1.2274991513254032	1.0772077494491636	True	0.015426311167427376	0.015426311167427376	evaluable
AMR	Admixed American	chr17-45585160-INV-706887	Abnormal_mammogram	17q21.31	0.9059424645758932	0.0090944400770346	0.998278339301333	0.9795420338675412	0.8750910027361924	1.1388068664884368	0.009834590604537	1.009883109113504	0.8827564805023621	True	0.9750200668234134	63097.0	2311.0	60786.0	True	two	0.8861510775308613	1.1508916706556032		-0.0017231444597142528	True	0.008976922931070337	0.0541590855053523	False	0.011557735064251251	0.011557735064251251	evaluable
AMR	Admixed American	chr17-45585160-INV-706887	Other_skin_and_subcutaneous_disorders	17q21.31	0.938386809006506	0.0116746298581337	0.969265505636414	0.5188833815313341	0.8815574673818041	1.0656998042417185	-0.029602569303708	0.9708312950442712	0.535125504062369	True	0.8694452885881662	64139.0	4166.0	59973.0	True	two	0.8841285162547067	1.0660366520355644		-0.03121670499763025	True	0.28493023839124304	0.27154435007302347	True	0.0016141356939222522	0.0016141356939222522	evaluable
AMR	Admixed American	chr17-45585160-INV-706887	Other_follicular_disorders	17q21.31	0.941923155068834	0.0165850858892813	0.938335906672709	0.139647239336427	0.8623444223233744	1.0210239098886662	-0.054906098355095	0.94657402863871	0.197706553065466	True	0.6827466299194094	65190.0	5217.0	59973.0	True	two	0.8707068051886031	1.02905178454329		-0.0636472846226225	True	0.8549676453751271	0.7039789355775485	True	0.008741186267527491	0.008741186267527491	evaluable
AMR	Admixed American	chr8-7301025-INV-5297356	Multinodular_goiter	8p23.1	0.8351630188718621	0.0165850858892813	0.8402721415025001	0.139210491401002	0.6671813073309194	1.0582689653128965	-0.203120136934731	0.8161801821501851	0.087397983763622	True	0.530857186017981	59618.0	1143.0	58475.0	True	two	0.6463359117396691	1.030656161347602		-0.17402946163514416	True	0.8563280335051509	1.0584985862492746	True	-0.029090675299586838	0.029090675299586838	evaluable
AMR	Admixed American	chr17-45585160-INV-706887	Benign_sarcoma_related_cancers	17q21.31	0.9358731451895932	0.0169370491965098	1.040623964787924	0.469729296480266	0.9341297039458744	1.1592589674824048	0.034206096408979	1.034797852874228	0.531434158623459	True	0.8694452885881662	63821.0	3035.0	60786.0	True	two	0.929673343258917	1.151809508229481		0.0398204993877855	True	0.3281523525207289	0.27455053418448966	True	-0.005614402978806499	0.005614402978806499	evaluable
AMR	Admixed American	chr12-46897663-INV-16289	Disorder_of_nervous_system	chr12-46897663-INV-16289	1.16798937057393	0.0207683960031391	1.277360632239687	0.025707024370153	1.0301471829975022	1.5839000598419628	0.292322299802017	1.3395346798353431	0.009920957405405	True	0.3630881270968245	64812.0	1426.0	63386.0	True	two	1.079195046953011	1.66267734785082		0.244795943007293	True	1.5899481907399766	2.0034464149606555	True	0.04752635679472403	0.04752635679472403	evaluable
AMR	Admixed American	chr17-45585160-INV-706887	Aphagia_and_dysphagia	17q21.31	0.9282859495964992	0.0207683960031391	1.070953891543152	0.199521824481828	0.9644699391472754	1.1891943867379389	0.05949839911094	1.061304061948114	0.25199724550744	True	0.7017987804992146	70513.0	3384.0	67129.0	True	two	0.9585792668426016	1.175037214833185		0.06854973875842026	True	0.7000095925405154	0.59860420631154	True	-0.009051339647480255	0.009051339647480255	evaluable
AMR	Admixed American	chr8-7301025-INV-5297356	Alopecia_Areata	8p23.1	1.656182540789858	0.0283667152261219	1.645682080241027	0.057511799153892	0.9842416046226338	2.7516307952302084	0.499425534319879	1.647774408909866	0.067224557131165	True	0.5014133327509344	60181.0	208.0	59973.0	True	two	0.9652010370102222	2.813051787707003		0.4981549367229636	True	1.2402430460627603	1.172472050184985	True	0.0012705975969153904	0.0012705975969153904	evaluable
AMR	Admixed American	chr12-46897663-INV-16289	Epidermal_thickening	chr12-46897663-INV-16289	1.110971221834582	0.0320006064634345	1.179050717957089	0.048963155666064	1.0007488580659123	1.3891203415428397	0.18883663740056	1.207843619891496	0.030375683003201	True	0.4562120742810185	62586.0	2613.0	59973.0	True	two	1.0210738306774	1.428776417807849		0.1647096384053047	True	1.3101305997637713	1.5174739480870811	True	0.024126998995255305	0.024126998995255305	evaluable
AMR	Admixed American	chr17-45585160-INV-706887	Abnormal_cytological_findings_in_specimens_from_genital_organs	17q21.31	0.912010161869262	0.0358638222247056	0.961043778010891	0.5155030507220021	0.8525730258285205	1.0833149950479588	-0.043265664361928	0.957656940949332	0.461112433546688	True	0.8422815355570126	70513.0	2873.0	67640.0	True	two	0.8535740197480308	1.0744315025182671		-0.0397353164074996	True	0.2877687602392213	0.3361931672017258	True	-0.0035303479544283936	0.0035303479544283936	evaluable
AMR	Admixed American	chr17-45585160-INV-706887	Abnormal_Papanicolaou_smear	17q21.31	0.8983153918104351	0.0358941901096197	0.9182127080594592	0.225226262583928	0.7999349515102872	1.0539789212236252	-0.091145639185475	0.91288474942596	0.181292018082494	True	0.6573884579363487	69761.0	2121.0	67640.0	True	two	0.7981141935040921	1.044159560771206		-0.08532620707605583	True	0.6473809698141544	0.7416213165831359	True	-0.0058194321094191676	0.0058194321094191676	evaluable
AMR	Admixed American	chr10-79542902-INV-674513	High_risk_human_papillomavirus_HPV_DNA_test_positive	chr10-79542902-INV-674513	1.240316608581981	0.0364489711471226	1.474740527677757	3.5541485334177914e-05	1.2267038259757352	1.772929681902116	0.358122910569318	1.430641450629172	0.00016997987511	True	0.04402478765349	68545.0	905.0	67640.0	True	two	1.191451123085569	1.717850544265545		0.38848206087839054	True	4.449264426306807	3.7696024941867403	True	-0.030359150309072547	0.030359150309072547	evaluable
AMR	Admixed American	chr12-46897663-INV-16289	Flat_foot_pes_planus	chr12-46897663-INV-16289	1.198269426457543	0.0423726592151362	1.292772396193353	0.080532822183896	0.9692779216209884	1.7242324735557195	0.266360120305853	1.305205004888826	0.082074519742339	True	0.5305227154565963	63095.0	769.0	62326.0	True	two	0.974426584314124	1.748269322912548		0.2567890566023387	True	1.0940270812699624	1.0857916498579863	True	0.009571063703514293	0.009571063703514293	evaluable
AMR	Admixed American	chr12-46897663-INV-16289	Hearing_impairment	chr12-46897663-INV-16289	1.082425119215828	0.0423726592151362	1.10443058095302	0.16086436169989	0.961256351295778	1.2689298817115473	0.130201175606523	1.139057510862026	0.074380248844623	True	0.520661741912361	66524.0	3999.0	62525.0	True	two	0.9887740904697052	1.312182454573477		0.09932989079645634	True	0.7935401599495712	1.12854237301031	True	0.030871284810066665	0.030871284810066665	evaluable
AMR	Admixed American	chr12-46897663-INV-16289	Lump_or_mass_in_breast_or_nonspecific_abnormal_breast_exam	chr12-46897663-INV-16289	1.086309925847279	0.0423726592151362	1.01272725011149	0.8413422527148701	0.8947765301776582	1.1462264023786404	0.033361923155911	1.033924672813979	0.610393034714198	True	0.881763909783306	66746.0	5960.0	60786.0	True	two	0.9093976314529372	1.1755036433793655		0.01264693936920423	True	0.07502730000614292	0.21439043082389658	True	0.02071498378670677	0.02071498378670677	evaluable
AMR	Admixed American	chr12-46897663-INV-16289	Migraine	chr12-46897663-INV-16289	1.086060571739335	0.0423726592151362	1.025096510852177	0.677618512573658	0.9120368099834488	1.1521715407302224	0.032819137299058	1.033363625402599	0.588432302396246	True	0.8813713011780374	69354.0	5968.0	63386.0	True	two	0.9175430269835264	1.1638041496710911		0.024786765086839278	True	0.16901473756702018	0.23030349439560227	True	0.008032372212218721	0.008032372212218721	evaluable
AMR	Admixed American	chr12-46897663-INV-16289	Rosacea	chr12-46897663-INV-16289	1.143636402699927	0.0423726592151362	0.8955858417889481	0.459173691622001	0.6687966281718122	1.199279371675851	-0.08096927942352	0.9222220222016012	0.605246381105346	True	0.8813713011780374	60783.0	810.0	59973.0	True	two	0.6784101514043772	1.2536567391761528		-0.1102772030147549	True	0.3380230028197981	0.2180677986159734	True	0.029307923591234894	0.029307923591234894	evaluable
AMR	Admixed American	chr12-46897663-INV-16289	Sensorineural_hearing_loss	chr12-46897663-INV-16289	1.096180386771489	0.0423726592151362	1.134937139297444	0.16404162206521	0.949617052364652	1.3564228937856555	0.171648948594173	1.187260970415304	0.067758558479856	True	0.5014133327509344	64833.0	2308.0	62525.0	True	two	0.990133563892123	1.423634813802825		0.1265772655207185	True	0.7850459450021637	1.169035841917364	True	0.04507168307345452	0.04507168307345452	evaluable
AMR	Admixed American	chr12-46897663-INV-16289	Urinary_incontinence_and_enuresis	chr12-46897663-INV-16289	1.097374348651035	0.0423726592151362	1.156577077427645	0.042449548695556	1.0049676324797814	1.3310583274511427	0.143565854080483	1.154382829123759	0.046937596190458	True	0.4562120742810185	70513.0	4051.0	66462.0	True	two	1.003648661641291	1.327755186756829		0.14546484761738418	True	1.3721269226184165	1.3284791556396698	True	-0.001898993536901178	0.001898993536901178	evaluable
AMR	Admixed American	chr17-45585160-INV-706887	Diastolic_heart_failure	17q21.31	1.115625916975585	0.0423726592151362	1.232410050543771	0.01220778840643	1.046591167973028	1.4512204757306364	0.187088151728792	1.205733567863819	0.02168533680772	True	0.4562120742810185	70513.0	1350.0	69163.0	True	two	1.029538444569162	1.412082709822451		0.2089716429682148	True	1.913363006806973	1.6638338281798113	True	-0.021883491239422792	0.021883491239422792	evaluable
AMR	Admixed American	chr17-45585160-INV-706887	Goiter	17q21.31	0.9266919044321652	0.0423726592151362	0.867262094305817	0.01922098608803	0.7697905422700199	0.9770755795488612	-0.153982595431574	0.8572869415908491	0.009672830633671	True	0.3630881270968245	61140.0	2665.0	58475.0	True	two	0.7621216896760751	0.964335368193712		-0.14241404764771556	True	1.7162243356266482	2.014446416434869	True	-0.011568547783858435	0.011568547783858435	evaluable
AMR	Admixed American	chr17-45585160-INV-706887	Mild_cognitive_impairment	17q21.31	0.856658550814101	0.0423726592151362	0.734850229922931	0.025661879322725	0.5606192375772622	0.9632292726011982	-0.272296835435871	0.76162814930883	0.047220874818739	True	0.4562120742810185	63859.0	473.0	63386.0	True	two	0.5792206369283981	1.001479230601554		-0.30808856934532425	True	1.5907115416632571	1.3258659713989331	True	0.03579173390945323	0.03579173390945323	evaluable
AMR	Admixed American	chr8-7301025-INV-5297356	Uninodular_goiter_single_thyroid_nodule	8p23.1	0.871887302724031	0.0423726592151362	0.8197317817267821	0.040747890832904	0.6776059408234181	0.9916680971781434	-0.211690308938228	0.809215265499946	0.030621759744678	True	0.4562120742810185	60181.0	1706.0	58475.0	True	two	0.6676482420826291	0.9807999252353412		-0.1987780876863688	True	1.3898948660243113	1.5139698552627336	True	-0.012912221251859202	0.012912221251859202	evaluable
AMR	Admixed American	chr8-7301025-INV-5297356	Viral_infections	8p23.1	1.060961546322655	0.0423726592151362	1.077164394384785	0.03701211271707	1.0044888063376531	1.1550981207652389	0.066858565955442	1.069144254084664	0.06352815100333	True	0.5014133327509344	70513.0	15783.0	54730.0	True	two	0.9962738423134012	1.147344623028528		0.07433202755159404	True	1.4316561238976637	1.1970337846889247	True	-0.007473461596152045	0.007473461596152045	evaluable
AMR	Admixed American	chr12-46897663-INV-16289	Pure_hypercholesterolemia	chr12-46897663-INV-16289	1.082430606383577	0.0443135800836341	1.103314256519273	0.13136156041855	0.971024808268863	1.2536264143537954	0.119608442577678	1.127055458239554	0.063328630090285	True	0.5014133327509344	64015.0	5540.0	58475.0	True	two	0.9944520791380552	1.277340590457177		0.09831861040758438	True	0.8815317012939046	1.1983999064249902	True	0.021289832170093614	0.021289832170093614	evaluable
AMR	Admixed American	chr6-141867315-INV-29159	Laryngitis_and_tracheitis	chr6-141867315-INV-29159	0.571941980995996	0.0443135800836341	1.076219318848154	0.862911004534833	0.4675165057722763	2.4774484065513573	0.113293722542482	1.119960842388269	0.7945548482050621	True	0.95097992780583	70513.0	696.0	69817.0	True	two	0.4773824242860077	2.627478986808201		0.07345426889529691	True	0.06403399250315059	0.09987611802787431	True	0.039839453647185094	0.039839453647185094	evaluable
AMR	Admixed American	chr17-45585160-INV-706887	Pain_in_shoulder	17q21.31	0.951640240022074	0.049244154485148	1.022909152485937	0.5566468138356471	0.9485013107709211	1.1031541257323652	0.009054486344918	1.009095602207049	0.803401066491586	True	0.95097992780583	70144.0	7818.0	62326.0	True	two	0.939665445889532	1.0836558254301478		0.02265067802700802	True	0.25442027242605225	0.09506759609065137	True	-0.013596191682090022	0.013596191682090022	evaluable
EAS	East Asian	chr17-45585160-INV-706887	Melanocytic_nevi	17q21.31	0.8984195895801521	3.97821655498032e-07	2.92001232183321	0.046066041852958	1.0188831503349804	8.368449273947173	1.070881839364419	2.917951530274403	0.043562307481154	True	0.9680330620805496	8742.0	463.0	8279.0	True	two	1.072224868699488	7.940909954231872		1.0715878360771809	True	1.3366191021659863	1.3608891238705634	True	-0.0007059967127618361	0.0007059967127618361	evaluable
EAS	East Asian	chr17-45585160-INV-706887	Benign_neoplasm_of_the_skin	17q21.31	0.919445054996808	3.485562610105893e-06	1.641492252353138	0.286724885959626	0.6595533672722129	4.085335544080843	0.506080445193845	1.658776770001929	0.273482888745347	True	0.9680330620805496	8992.0	713.0	8279.0	True	two	0.6705211222466109	4.103584930298504		0.4956057380903991	True	0.5425346113231284	0.5630698413815581	True	0.01047470710344589	0.01047470710344589	evaluable
EAS	East Asian	chr12-46897663-INV-16289	Conjunctivitis	chr12-46897663-INV-16289	1.146797282143917	0.0002375965855462	1.42118440592304	0.584097219228442	0.4037344666387009	5.002706686041492	0.325212426870194	1.384324682508654	0.6281988602957791	True	0.9859210717648742	9164.0	455.0	8709.0	True	two	0.3711968853312929	5.162637140374548		0.35149061263271036	True	0.23351486134568133	0.20190285585171833	True	-0.026278185762516337	0.026278185762516337	evaluable
EAS	East Asian	chr17-45585160-INV-706887	Scar_conditions_and_fibrosis_of_skin	17q21.31	0.8761401418312581	0.0007396124432476	0.5265305273002311	0.540229885057471	0.047910317188286	3.267088955842678	-0.831029789142369	0.43560047862925	0.470765182956977	True	0.9680330620805496	8404.0	150.0	8254.0	True	two	0.0455309236788257	4.167448442744299		-0.6414459675120864	True	0.2674213946829012	0.32719566436896885	True	-0.18958382163028265	0.18958382163028265	evaluable
EAS	East Asian	chr12-46897663-INV-16289	Inflammation_of_the_eye	chr12-46897663-INV-16289	1.118461294765881	0.0010489751915058	0.9555204638803252	0.940645321133017	0.2884704388668698	3.165036114204525	-0.085556148768966	0.9180015969474692	0.893566368824071	True	0.9859210717648742	9375.0	666.0	8709.0	True	two	0.2621367870044782	3.214836580657824		-0.0454990985972656	True	0.026574100389205952	0.04887318513526569	True	-0.0400570501717004	0.0400570501717004	evaluable
EAS	East Asian	chr17-45585160-INV-706887	Skin_changes_due_to_solar_radiation	17q21.31	0.9217316804905972	0.0025112501876418	1.905215826737872	0.759120439780109	0.171299272678608	10.102144276379653	0.657247958186429	1.929475025081964	0.592040932109224	True	0.9859210717648742	8382.0	128.0	8254.0	True	two	0.1743637140105185	21.35119622532505		0.644595297036808	True	0.1196893147734256	0.22764826629288792	True	0.012652661149621047	0.012652661149621047	evaluable
EAS	East Asian	chr12-46897663-INV-16289	Acne	chr12-46897663-INV-16289	1.158457349406182	0.0026748227642185	1.064580005561661	0.922259404641069	0.3029198496755801	3.7413546502661874	0.195050228081385	1.215372030761925	0.768753695083074	True	0.9859210717648742	8688.0	434.0	8254.0	True	two	0.3311326016336809	4.460838847853625		0.06258036040568314	True	0.0351469074073173	0.11421278373641952	True	0.13246986767570185	0.13246986767570185	evaluable
EAS	East Asian	chr17-45585160-INV-706887	Hypertrophic_conditions_of_skin	17q21.31	0.9108932941348272	0.0026748227642185	1.084356416653048	0.905089158988801	0.2864310743564375	4.1051022169243625	0.216330777949152	1.241512976204793	0.7560667427399971	True	0.9859210717648742	8582.0	328.0	8254.0	True	two	0.31709584276082	4.860847296719366		0.08098664662576585	True	0.04330863698308509	0.12143986491643598	True	0.13534413132338616	0.13534413132338616	evaluable
EAS	East Asian	chr17-45585160-INV-706887	Rosacea	17q21.31	0.8837376473363411	0.003025529825077								False					False						False						existing_stratified_estimate_unavailable
EAS	East Asian	chr17-45585160-INV-706887	Lump_or_mass_in_breast_or_nonspecific_abnormal_breast_exam	17q21.31	0.929732224935175	0.0032902700458532	1.56821629894994	0.366519357301456	0.5905852116382858	4.16417870246045	0.6214089893025131	1.8615490976576248	0.216713017039009	True	0.9680330620805496	9065.0	786.0	8279.0	True	two	0.6945267759145656	4.9895341161277145		0.4499388581734651	True	0.4359030836498491	0.6641150016546808	True	0.17147013112904802	0.17147013112904802	evaluable
EAS	East Asian	chr17-45585160-INV-706887	Morbid_obesity	17q21.31	1.077702123334776	0.004535850149842	0.8293649653074461	0.7336331834082951	0.205532372327738	2.629399744047452	-0.056986068771641	0.944607228813873	0.932881108972698	True	0.9859210717648742	8755.0	172.0	8583.0	True	two	0.2507860304438108	3.557944655642786		-0.18709497307065806	True	0.13452103305616012	0.030173701384469686	True	0.13010890429901706	0.13010890429901706	evaluable
EAS	East Asian	chr17-45585160-INV-706887	Skin_changes_due_to_chronic_exposure_to_nonionizing_radiation	17q21.31	0.923985754560284	0.0047397700432051	2.396385659774351	0.648675662168915	0.202110999702995	13.133332604255855	0.8834156995962	2.419148695585303	0.492659055080516	True	0.9680330620805496	8354.0	100.0	8254.0	True	two	0.1939281740540511	30.17756671973273		0.8739616271396026	True	0.18797239617186132	0.30745353046207324	True	0.009454072456597462	0.009454072456597462	evaluable
EAS	East Asian	chr17-45585160-INV-706887	Abnormal_mammogram	17q21.31	0.9059424645758932	0.0090944400770346	1.3548261808464122	0.6680362799523341	0.3381671046007454	5.42794954131925	0.48716987650548	1.6277030944074031	0.494568811963054	True	0.9680330620805496	8635.0	356.0	8279.0	True	two	0.4022389317852735	6.586675615372224		0.3036731662849586	True	0.17519995106450156	0.30577327418461353	True	0.1834967102205214	0.1834967102205214	evaluable
EAS	East Asian	chr17-45585160-INV-706887	Other_skin_and_subcutaneous_disorders	17q21.31	0.938386809006506	0.0116746298581337	0.9988378491114732	0.998429651631366	0.3137501520497231	3.179845626527449	0.094455077376811	1.099059789375219	0.873087875097541	True	0.9859210717648742	8762.0	508.0	8254.0	True	two	0.3449002916588444	3.502265581776653		-0.0011628267095253554	True	0.000682529676215064	0.05894204295040527	False	0.09561790408633636	0.09561790408633636	evaluable
EAS	East Asian	chr17-45585160-INV-706887	Other_follicular_disorders	17q21.31	0.941923155068834	0.0165850858892813	1.142372996512421	0.775143556348584	0.4583195460937501	2.847393427322483	0.179300249638855	1.196379902880322	0.6977973158828691	True	0.9859210717648742	9019.0	765.0	8254.0	True	two	0.4839676562763516	2.957480429639752		0.1331076748171783	True	0.11061785884017906	0.1562707054231626	True	0.046192574821676685	0.046192574821676685	evaluable
EAS	East Asian	chr8-7301025-INV-5297356	Multinodular_goiter	8p23.1	0.8351630188718621	0.0165850858892813	0.161048952147144	0.000499750124937	0.124283422328774	0.214847774680331	-2.130052263391787	0.118831083174659	8.397620106207889e-05	True	0.0075578580955871	8750.0	167.0	8583.0	True	two	0.039306898952458	0.359245493915507		-1.8260469096083125	True	3.301247088636673	4.075843775984028	True	-0.3040053537834746	0.3040053537834746	evaluable
EAS	East Asian	chr17-45585160-INV-706887	Benign_sarcoma_related_cancers	17q21.31	0.9358731451895932	0.0169370491965098	1.2556640903100091	0.7341480185739541	0.3374876484129193	4.671851888828135	0.341756393251115	1.407417399372662	0.6120098336375991	True	0.9859210717648742	8689.0	410.0	8279.0	True	two	0.3757356318135975	5.271854911645949		0.22766458825578376	True	0.1342163690089534	0.21324159965143905	True	0.11409180499533125	0.11409180499533125	evaluable
EAS	East Asian	chr12-46897663-INV-16289	Disorder_of_nervous_system	chr12-46897663-INV-16289	1.16798937057393	0.0207683960031391	0.6868276700986811	0.000499750124937	0.001119643171696	8.562132707659718	-0.434265504007063	0.64774025501971	0.417012932793355	True	0.9680330620805496	9305.0	127.0	9178.0	True	two	0.370615713059757	1.733961717451224		-0.37567186233315625	True	3.301247088636673	0.3798504760725386	True	-0.05859364167390674	0.05859364167390674	evaluable
EAS	East Asian	chr17-45585160-INV-706887	Aphagia_and_dysphagia	17q21.31	0.9282859495964992	0.0207683960031391	0.134968735034584	0.042630206014279	0.0194698034892528	0.935631396941992	-1.82652695855842	0.160971659320404	0.057493067534548	True	0.9680330620805496	9695.0	283.0	9412.0	True	two	0.01970946736145	1.314691799081521		-2.0027121197017688	True	1.3702825685809144	1.2403845190147211	True	0.1761851611433487	0.1761851611433487	evaluable
EAS	East Asian	chr8-7301025-INV-5297356	Alopecia_Areata	8p23.1	1.656182540789858	0.0283667152261219								False					False						False						existing_stratified_estimate_unavailable
EAS	East Asian	chr12-46897663-INV-16289	Epidermal_thickening	chr12-46897663-INV-16289	1.110971221834582	0.0320006064634345	1.238649534396509	0.78888259586685	0.2585736633829707	5.933522575299259	0.300760347850987	1.350885560114556	0.72116823556163	True	0.9859210717648742	8587.0	333.0	8254.0	True	two	0.2590031840376059	7.0458276538448		0.2140217009686501	True	0.1029876251316329	0.14196341038018057	True	0.08673864688233687	0.08673864688233687	evaluable
EAS	East Asian	chr17-45585160-INV-706887	Abnormal_cytological_findings_in_specimens_from_genital_organs	17q21.31	0.912010161869262	0.0358638222247056	0.419663313048789	0.272907359280238	0.0888751313040688	1.9816262854963893	-0.544133088223366	0.5803446729593791	0.46973684344092	True	0.9680330620805496	9695.0	307.0	9388.0	True	two	0.1327350734250233	2.5373846621072182		-0.8683025247844794	True	0.5639847528910984	0.32814537493371865	True	0.3241694365611134	0.3241694365611134	evaluable
EAS	East Asian	chr17-45585160-INV-706887	Abnormal_Papanicolaou_smear	17q21.31	0.8983153918104351	0.0358941901096197	0.5797893309729101	0.547419881161887	0.0981891194602396	3.4235531406933184	-0.327032801192556	0.7210600910078121	0.7005245866155031	True	0.9859210717648742	9609.0	221.0	9388.0	True	two	0.1362077270989095	3.8171671014423447		-0.5450904638834275	True	0.26167943395894255	0.15457661748876014	True	0.2180576626908715	0.2180576626908715	evaluable
EAS	East Asian	chr10-79542902-INV-674513	High_risk_human_papillomavirus_HPV_DNA_test_positive	chr10-79542902-INV-674513	1.240316608581981	0.0364489711471226								False					False						False						existing_stratified_estimate_unavailable
EAS	East Asian	chr12-46897663-INV-16289	Flat_foot_pes_planus	chr12-46897663-INV-16289	1.198269426457543	0.0423726592151362								False					False						False						existing_stratified_estimate_unavailable
EAS	East Asian	chr12-46897663-INV-16289	Hearing_impairment	chr12-46897663-INV-16289	1.082425119215828	0.0423726592151362	1.696793577453887	0.477184139086332	0.3948964372973151	7.290793667811939	0.491688382559751	1.635074522072503	0.53036247905084	True	0.9859210717648742	9161.0	452.0	8709.0	True	two	0.3519766037126423	7.595586367192951		0.528740339167989	True	0.32131400008501804	0.27542720805269744	True	-0.03705195660823801	0.03705195660823801	evaluable
EAS	East Asian	chr12-46897663-INV-16289	Lump_or_mass_in_breast_or_nonspecific_abnormal_breast_exam	chr12-46897663-INV-16289	1.086309925847279	0.0423726592151362	1.5276086119485162	0.5145211048350601	0.4272669469524221	5.461662990652835	0.383129308759648	1.46686769664778	0.5641273703820621	True	0.9859210717648742	9065.0	786.0	8279.0	True	two	0.3989501155399133	5.393408237410314		0.423703513921097	True	0.28859680646923724	0.24862282862502305	True	-0.040574205161448995	0.040574205161448995	evaluable
EAS	East Asian	chr12-46897663-INV-16289	Migraine	chr12-46897663-INV-16289	1.086060571739335	0.0423726592151362	2.911282680718961	0.054100556187031	0.9813492983313216	8.636646361765342	1.191223000387732	3.291103768269628	0.038731856368533	True	0.9680330620805496	9560.0	382.0	9178.0	True	two	1.167325749795786	9.2787844484827		1.0685937678190005	True	1.2667982700557812	1.411931687333834	True	0.12262923256873148	0.12262923256873148	evaluable
EAS	East Asian	chr12-46897663-INV-16289	Rosacea	chr12-46897663-INV-16289	1.143636402699927	0.0423726592151362								False					False						False						existing_stratified_estimate_unavailable
EAS	East Asian	chr12-46897663-INV-16289	Sensorineural_hearing_loss	chr12-46897663-INV-16289	1.096180386771489	0.0423726592151362	2.70094197743078	0.273844313917238	0.455626654030978	16.01110800017354	0.844211811111904	2.3261436512535862	0.375753259814501	True	0.9680330620805496	8970.0	261.0	8709.0	True	two	0.359212373904814	15.063357165143696		0.9936005926955411	True	0.5624962722995728	0.42509724304096425	True	-0.1493887815836371	0.1493887815836371	evaluable
EAS	East Asian	chr12-46897663-INV-16289	Urinary_incontinence_and_enuresis	chr12-46897663-INV-16289	1.097374348651035	0.0423726592151362	2.366142712441899	0.266165305740597	0.5184833558262198	10.798092692330131	1.099209141821687	3.001791093917588	0.176725981069225	True	0.9680330620805496	9695.0	273.0	9422.0	True	two	0.6092164327876511	14.79072015554731		0.861261081759917	True	0.574848554824472	0.7526995987357361	True	0.23794806006176994	0.23794806006176994	evaluable
EAS	East Asian	chr17-45585160-INV-706887	Diastolic_heart_failure	17q21.31	1.115625916975585	0.0423726592151362								False					False						False						existing_stratified_estimate_unavailable
EAS	East Asian	chr17-45585160-INV-706887	Goiter	17q21.31	0.9266919044321652	0.0423726592151362	0.230420143379107	0.088174568435688	0.0426342466107028	1.245323811152318	-1.325651848806116	0.265629752205865	0.108233174566345	True	0.9680330620805496	8981.0	398.0	8583.0	True	two	0.046104904729935	1.530404751300481		-1.4678509261212862	True	1.0546566572795026	0.9656396031587442	True	0.14219907731517023	0.14219907731517023	evaluable
EAS	East Asian	chr17-45585160-INV-706887	Mild_cognitive_impairment	17q21.31	0.856658550814101	0.0423726592151362								False					False						False						existing_stratified_estimate_unavailable
EAS	East Asian	chr8-7301025-INV-5297356	Uninodular_goiter_single_thyroid_nodule	8p23.1	0.871887302724031	0.0423726592151362	0.207129570542066	0.000214450546453	0.0899859166955552	0.4767708166833604	-1.84110597048021	0.158641875816517	1.786194492633193e-05	True	0.0032151500867397	8841.0	258.0	8583.0	True	two	0.066274712250405	0.379741290576921		-1.5744107368907458	True	3.668672842774313	4.748071254026121	True	-0.2666952335894641	0.2666952335894641	evaluable
EAS	East Asian	chr8-7301025-INV-5297356	Viral_infections	8p23.1	1.060961546322655	0.0423726592151362	1.06034863077381	0.7263650457997881	0.763702820663633	1.4722208539270276	0.041165994097036	1.042025061199396	0.8106600160789561	True	0.9859210717648742	9695.0	1613.0	8082.0	True	two	0.7440748481735693	1.4592836067942438		0.05859775100565261	True	0.13884506313994782	0.09116124702035305	True	-0.017431756908616605	0.017431756908616605	evaluable
EAS	East Asian	chr12-46897663-INV-16289	Pure_hypercholesterolemia	chr12-46897663-INV-16289	1.082430606383577	0.0443135800836341	1.306357996712487	0.6716625171572861	0.3796559886050166	4.495046217617103	0.416644573554888	1.516863283787935	0.520798950239573	True	0.9859210717648742	9283.0	700.0	8583.0	True	two	0.4252387179616437	5.410782519364695		0.26724311022251773	True	0.17284888729155642	0.2833298998346806	True	0.14940146333237025	0.14940146333237025	evaluable
EAS	East Asian	chr6-141867315-INV-29159	Laryngitis_and_tracheitis	chr6-141867315-INV-29159	0.571941980995996	0.0443135800836341								False					False						False						existing_stratified_estimate_unavailable
EAS	East Asian	chr17-45585160-INV-706887	Pain_in_shoulder	17q21.31	0.951640240022074	0.049244154485148	0.823605433660136	0.6954943118932521	0.3116646898009488	2.1764605762293057	0.050928301491708	1.052247446006275	0.9143793159359552	True	0.9859210717648742	9639.0	799.0	8840.0	True	two	0.4158352106226063	2.662652558856053		-0.194063706399882	True	0.15770641753890074	0.03887360662467167	False	0.24499200789158998	0.24499200789158998	evaluable
EUR	European	chr17-45585160-INV-706887	Melanocytic_nevi	17q21.31	0.8984195895801521	3.97821655498032e-07	0.892029951421033	1.9928168467507698e-11	0.8627361825954417	0.9223183752863906	-0.107143793602645	0.8983964800354991	2.6798915152100333e-10	True	6.940919024393986e-08	187334.0	25823.0	161511.0	True	two	0.868900855836489	0.9288933598335172		-0.11425556913958006	True	10.700532614044427	9.571882786306755	True	0.007111775536935053	0.007111775536935053	evaluable
EUR	European	chr17-45585160-INV-706887	Benign_neoplasm_of_the_skin	17q21.31	0.919445054996808	3.485562610105893e-06	0.914402213897772	7.312431307131052e-10	0.8887312020675974	0.9408147332240848	-0.081256026155476	0.921957615961221	1.4603646507760581e-08	True	1.8911722227549952e-06	200345.0	38834.0	161511.0	True	two	0.8963404083651341	0.9483069575980112		-0.08948474535642252	True	9.135938200646386	7.83553868801942	True	0.008228719200946519	0.008228719200946519	evaluable
EUR	European	chr12-46897663-INV-16289	Conjunctivitis	chr12-46897663-INV-16289	1.146797282143917	0.0002375965855462	1.149931401904713	9.712563274577745e-07	1.0874031725694266	1.216055150880215	0.128495927426225	1.137116790289766	1.2977525163457664e-05	True	0.0005601965028892	192663.0	15604.0	177059.0	True	two	1.073970974237217	1.203975364117518		0.13970229007835502	True	6.012666138877212	4.8868081203500795	True	-0.011206362652130014	0.011206362652130014	evaluable
EUR	European	chr17-45585160-INV-706887	Scar_conditions_and_fibrosis_of_skin	17q21.31	0.8761401418312581	0.0007396124432476	0.874276820673307	1.40554132313962e-06	0.8278322388491004	0.9233271226900788	-0.122439446824704	0.8847594783172321	1.1988031254155832e-05	True	0.0005601965028892	167897.0	8656.0	159241.0	True	two	0.8373058931685751	0.934902454239122		-0.13435822501531008	True	5.852156381541638	4.921252133469993	True	0.011918778190606077	0.011918778190606077	evaluable
EUR	European	chr12-46897663-INV-16289	Inflammation_of_the_eye	chr12-46897663-INV-16289	1.118461294765881	0.0010489751915058	1.1152139713819451	1.545375930195356e-05	1.0614084491059803	1.1717470338709428	0.096174653448889	1.10095133215056	0.000208427854734	True	0.002999045243117	198166.0	21107.0	177059.0	True	two	1.046790926638542	1.1579139682232191		0.10904628908584058	True	4.810965856336328	3.6810442414718874	True	-0.012871635636951581	0.012871635636951581	evaluable
EUR	European	chr17-45585160-INV-706887	Skin_changes_due_to_solar_radiation	17q21.31	0.9217316804905972	0.0025112501876418	0.926408843211128	1.542245516114396e-05	0.894849850795405	0.9590808379941312	-0.072009969608566	0.930521618828659	3.5651549045099005e-05	True	0.0010259723558534	185200.0	25959.0	159241.0	True	two	0.899217152250478	0.962915888493105		-0.0764396264283883	True	4.81184648373894	4.447921595486076	True	0.004429656819822297	0.004429656819822297	evaluable
EUR	European	chr12-46897663-INV-16289	Acne	chr12-46897663-INV-16289	1.158457349406182	0.0026748227642185	1.16989293142171	8.21835464173933e-06	1.09193080869837	1.2534214256871938	0.141968249024041	1.152540053684511	9.731684158375965e-05	True	0.0015753163731371	169148.0	9907.0	159241.0	True	two	1.074050563379558	1.236765400659887		0.15691223301684618	True	5.085215121819918	4.011811994531637	True	-0.014943983992805165	0.014943983992805165	evaluable
EUR	European	chr17-45585160-INV-706887	Hypertrophic_conditions_of_skin	17q21.31	0.9108932941348272	0.0026748227642185	0.908517253717044	8.426052432501194e-06	0.8709598352004256	0.9476942184269812	-0.086868100331536	0.91679801301246	5.353344460601153e-05	True	0.0010665509348428	174342.0	15101.0	159241.0	True	two	0.8788246866747821	0.956412137037108		-0.09594139989306626	True	5.074375842731709	4.271374811067289	True	0.00907329956153026	0.00907329956153026	evaluable
EUR	European	chr17-45585160-INV-706887	Rosacea	17q21.31	0.8837376473363411	0.003025529825077	0.8841134665736531	1.051564021247716e-05	0.8369783091504747	0.9339030811566148	-0.123270228218947	0.8840247418492201	1.105809363485903e-05	True	0.0005601965028892	167892.0	8651.0	159241.0	True	two	0.836480088329256	0.9342717837581872		-0.1231698687288525	True	4.97816428148626	4.956319736975468	True	-0.00010035949009450096	0.00010035949009450096	evaluable
EUR	European	chr17-45585160-INV-706887	Lump_or_mass_in_breast_or_nonspecific_abnormal_breast_exam	17q21.31	0.929732224935175	0.0032902700458532	0.924793818106945	1.1374642671390772e-05	0.8930641967344688	0.9576507591907276	-0.068696578618635	0.933609914316224	9.331714531277158e-05	True	0.0015753163731371	188960.0	27449.0	161511.0	True	two	0.901929527407715	0.966403078757981		-0.07818446565930592	True	4.944062237596628	4.03003855528199	True	0.009487887040670925	0.009487887040670925	evaluable
EUR	European	chr17-45585160-INV-706887	Morbid_obesity	17q21.31	1.077702123334776	0.004535850149842	1.069101101544995	0.000511085674285	1.02955861735069	1.1101623026242895	0.076144012687531	1.079117969646527	4.690970009518271e-05	True	0.0010377951570149	187242.0	19576.0	167666.0	True	two	1.040379303559831	1.119299075279108		0.06681820338473783	True	3.2915062921345073	4.3287373435913965	True	0.00932580930279317	0.00932580930279317	evaluable
EUR	European	chr17-45585160-INV-706887	Skin_changes_due_to_chronic_exposure_to_nonionizing_radiation	17q21.31	0.923985754560284	0.0047397700432051	0.9278351553151212	3.6284022561985687e-05	0.895433524079988	0.961409252934932	-0.069742271522063	0.932634155315298	9.475103772398384e-05	True	0.0015753163731371	183922.0	24681.0	159241.0	True	two	0.90047025616102	0.965946916857566		-0.07490119633349342	True	4.440284571677206	4.023416024892007	True	0.005158924811430418	0.005158924811430418	evaluable
EUR	European	chr17-45585160-INV-706887	Abnormal_mammogram	17q21.31	0.9059424645758932	0.0090944400770346	0.890652608947136	5.624212810430518e-06	0.8472218430141422	0.9363097474000072	-0.103332122232087	0.901827406806587	4.808317329799224e-05	True	0.0010377951570149	173257.0	11746.0	161511.0	True	two	0.857831953255847	0.948079246268097		-0.11580081648600553	True	5.2499382547295035	4.318006878352854	True	0.012468694253918527	0.012468694253918527	evaluable
EUR	European	chr17-45585160-INV-706887	Other_skin_and_subcutaneous_disorders	17q21.31	0.938386809006506	0.0116746298581337	0.937961136701324	8.026864993378356e-05	0.9085749034561812	0.9682978151998556	-0.059032540089079	0.942676093893946	0.000225070272638	True	0.0030101513097628	189175.0	29934.0	159241.0	True	two	0.9135122985061792	0.9727709407440852		-0.0640467629223858	True	4.095454041511066	3.647681862981922	True	0.005014222833306797	0.005014222833306797	evaluable
EUR	European	chr17-45585160-INV-706887	Other_follicular_disorders	17q21.31	0.941923155068834	0.0165850858892813	0.947149230787044	0.000668271070989	0.9179809356939626	0.977244331008158	-0.047510386979554	0.95360056805158	0.002630902610002	True	0.0212938679997036	189050.0	29809.0	159241.0	True	two	0.924482833773034	0.983635401510926		-0.05429861554243016	True	3.1750473387891867	2.579895228205275	True	0.006788228562876156	0.006788228562876156	evaluable
EUR	European	chr8-7301025-INV-5297356	Multinodular_goiter	8p23.1	0.8351630188718621	0.0165850858892813	0.796030907661305	1.74074217933352e-05	0.7173464605271781	0.8833461107292568	-0.261282478465052	0.770063362572283	8.286881257175483e-07	True	7.154340818694834e-05	174257.0	6591.0	167666.0	True	two	0.6940488188549341	0.8544032728914941		-0.22811726517133685	True	4.7592655473113235	6.081608884122744	True	-0.033165213293715134	0.033165213293715134	evaluable
EUR	European	chr17-45585160-INV-706887	Benign_sarcoma_related_cancers	17q21.31	0.9358731451895932	0.0169370491965098	0.927836834176861	1.558410345569199e-05	0.8968391102818318	0.9599059418637618	-0.069939384925104	0.9324503387401032	4.6017984741338565e-05	True	0.0010377951570149	187100.0	25589.0	161511.0	True	two	0.9015296128582	0.964431585846631		-0.07489938689545764	True	4.80731817737466	4.337072404243648	True	0.004960001970353636	0.004960001970353636	evaluable
EUR	European	chr12-46897663-INV-16289	Disorder_of_nervous_system	chr12-46897663-INV-16289	1.16798937057393	0.0207683960031391	1.146005577524642	0.001344851900697	1.0544014495747054	1.245568074899102	0.142232935731753	1.152845156093321	0.001170676760338	True	0.0121282112371016	197211.0	6591.0	190620.0	True	two	1.059186446130961	1.254785650611985		0.1362824852306537	True	2.871325538896834	2.9315630029467044	True	0.005950450501099297	0.005950450501099297	evaluable
EUR	European	chr17-45585160-INV-706887	Aphagia_and_dysphagia	17q21.31	0.9282859495964992	0.0207683960031391	0.912530804100053	6.756364005812713e-06	0.8768759278336113	0.9496354524051868	-0.083399829293281	0.919983237426818	2.146062113689646e-05	True	0.0007940429820651	221336.0	17972.0	203364.0	True	two	0.885141358177542	0.956196599929482		-0.09153343617740982	True	5.170286960424704	4.668357712359685	True	0.008133606884128813	0.008133606884128813	evaluable
EUR	European	chr8-7301025-INV-5297356	Alopecia_Areata	8p23.1	1.656182540789858	0.0283667152261219	1.871727066431609	0.000466735506988	1.317506258179142	2.6590858217664137	0.611735214944023	1.8436277151942544	0.000870257382735	True	0.0093915275886818	159761.0	520.0	159241.0	True	two	1.285333641301969	2.644420905990938		0.6268615695794985	True	3.330929158826898	3.0603522837374726	True	-0.015126354635475403	0.015126354635475403	evaluable
EUR	European	chr12-46897663-INV-16289	Epidermal_thickening	chr12-46897663-INV-16289	1.110971221834582	0.0320006064634345	1.097385389004608	0.001768783391053	1.035282344036223	1.1632137831171776	0.084440692561644	1.0881083094018411	0.00575524872918	True	0.033124653796836	174555.0	15314.0	159241.0	True	two	1.025221203900312	1.154852912215476		0.09293043136110887	True	2.752325348452804	2.2399359023771783	True	-0.008489738799464866	0.008489738799464866	evaluable
EUR	European	chr17-45585160-INV-706887	Abnormal_cytological_findings_in_specimens_from_genital_organs	17q21.31	0.912010161869262	0.0358638222247056	0.9167924446795972	0.001573156568224	0.8687126550235427	0.9675332594283592	-0.073910531257175	0.9287547846471912	0.005688743959562	True	0.033124653796836	221336.0	9439.0	211897.0	True	two	0.8811986976833591	0.9788773545316812		-0.08687417402464465	True	2.8032280521180164	2.2449836126290856	True	0.01296364276746964	0.01296364276746964	evaluable
EUR	European	chr17-45585160-INV-706887	Abnormal_Papanicolaou_smear	17q21.31	0.8983153918104351	0.0358941901096197	0.9136417870679452	0.005102841604202	0.8576779106548333	0.9732573320436654	-0.075955886737171	0.9268570923480912	0.016642461079273	True	0.0825290779499069	218461.0	6564.0	211897.0	True	two	0.8707951373048741	0.986528326622006		-0.09031670221663596	True	2.292187912265195	1.7787824500335987	True	0.014360815479464953	0.014360815479464953	evaluable
EUR	European	chr10-79542902-INV-674513	High_risk_human_papillomavirus_HPV_DNA_test_positive	chr10-79542902-INV-674513	1.240316608581981	0.0364489711471226	1.131101779170613	0.115232244024399	0.9703478897093892	1.3184871615746934	0.153121062964932	1.165466065179786	0.05549503564995	True	0.2113707975490742	214395.0	2498.0	211897.0	True	two	0.998491462219848	1.360363308531305		0.12319218351003325	True	0.9384259806134314	1.2557458652784574	True	0.02992887945489875	0.02992887945489875	evaluable
EUR	European	chr12-46897663-INV-16289	Flat_foot_pes_planus	chr12-46897663-INV-16289	1.198269426457543	0.0423726592151362	1.194640188720742	0.000867606209219	1.0759220445939617	1.326457792809072	0.160737686487822	1.17437687348455	0.003513966821269	True	0.0230027632119944	183387.0	4085.0	179302.0	True	two	1.055990155963821	1.306035887916552		0.17784504273976098	True	3.06167734852057	2.4542023434121	True	-0.017107356251938988	0.017107356251938988	evaluable
EUR	European	chr12-46897663-INV-16289	Hearing_impairment	chr12-46897663-INV-16289	1.082425119215828	0.0423726592151362	1.080278414247933	0.000700852704231	1.0331000109116732	1.129611305743954	0.067882566627083	1.070239619250546	0.003297605460486	True	0.0230027632119944	207412.0	30353.0	177059.0	True	two	1.023056366492932	1.119598958696736		0.07721879888405389	True	3.1543732466001915	2.481801306418521	True	-0.009336232256970889	0.009336232256970889	evaluable
EUR	European	chr12-46897663-INV-16289	Lump_or_mass_in_breast_or_nonspecific_abnormal_breast_exam	chr12-46897663-INV-16289	1.086309925847279	0.0423726592151362	1.1020398112625571	8.4171986971608e-05	1.0499400175837217	1.1567248845344344	0.078364235924967	1.081516514105462	0.001832970777828	True	0.0163703252226707	188960.0	27449.0	161511.0	True	two	1.029693911921171	1.135947252616539		0.09716283645073744	True	4.074832420707911	2.736844458730752	True	-0.01879860052577044	0.01879860052577044	evaluable
EUR	European	chr12-46897663-INV-16289	Migraine	chr12-46897663-INV-16289	1.086060571739335	0.0423726592151362	1.093906386883543	0.000242053723209	1.042715360869197	1.147610583071403	0.092300316781257	1.096694128280882	0.000175942301274	True	0.002680532707645	214732.0	24112.0	190620.0	True	two	1.045411708284785	1.150492195059786		0.08975513076221832	True	3.616088232764105	3.754629731882894	True	0.0025451860190386782	0.0025451860190386782	evaluable
EUR	European	chr12-46897663-INV-16289	Rosacea	chr12-46897663-INV-16289	1.143636402699927	0.0423726592151362	1.15496078504916	0.000136516667007	1.0725513630410377	1.2437021302357276	0.133851950387747	1.143223553311263	0.000619925366282	True	0.0072982122666835	167892.0	8651.0	159241.0	True	two	1.059828366275821	1.233180894599203		0.14406639105897365	True	3.864814323368333	3.2076605927000332	True	-0.010214440671226649	0.010214440671226649	evaluable
EUR	European	chr12-46897663-INV-16289	Sensorineural_hearing_loss	chr12-46897663-INV-16289	1.096180386771489	0.0423726592151362	1.090094493979573	0.001038585689069	1.0353244991602388	1.147761891820803	0.07781324920985	1.080920777010694	0.003641364060586	True	0.0230027632119944	198841.0	21782.0	177059.0	True	two	1.025963667316855	1.138821737449072		0.08626438420792078	True	2.9835576659516154	2.4387358984899823	True	-0.008451134998070778	0.008451134998070778	evaluable
EUR	European	chr12-46897663-INV-16289	Urinary_incontinence_and_enuresis	chr12-46897663-INV-16289	1.097374348651035	0.0423726592151362	1.090186852292004	0.001599956326391	1.0332637219382412	1.1502459127093845	0.080856761454971	1.084215583980904	0.003121674674949	True	0.0230027632119944	221336.0	19386.0	201950.0	True	two	1.027956245762437	1.143553957080308		0.08634910567072118	True	2.7958918720104893	2.505612358876522	True	-0.005492344215750178	0.005492344215750178	evaluable
EUR	European	chr17-45585160-INV-706887	Diastolic_heart_failure	17q21.31	1.115625916975585	0.0423726592151362	1.097279993641437	0.004726829432576	1.0288364290186505	1.170276781114956	0.100178512176672	1.105368222151894	0.00156364751005	True	0.0144637394679625	221336.0	6420.0	214916.0	True	two	1.039113197650402	1.175847741426062		0.0928343844975776	True	2.325430068910867	2.805861142384659	True	0.007344127679094398	0.007344127679094398	evaluable
EUR	European	chr17-45585160-INV-706887	Goiter	17q21.31	0.9266919044321652	0.0423726592151362	0.94001859336143	0.006406392637427	0.8991319174060961	0.9827645296080674	-0.044767077056866	0.956220181515122	0.042610536168365	True	0.1780020785097828	182053.0	14387.0	167666.0	True	two	0.9156486956434092	0.998589349700664		-0.061855623741978435	True	2.193386447651221	1.3704830010378177	True	0.017088546685112435	0.017088546685112435	evaluable
EUR	European	chr17-45585160-INV-706887	Mild_cognitive_impairment	17q21.31	0.856658550814101	0.0423726592151362	0.8538696614260751	0.000384813633239	0.7825565811292056	0.931681384177768	-0.158870368541802	0.8531069412983011	0.000345359005824	True	0.004259427738496	193977.0	3357.0	190620.0	True	two	0.7814702819433471	0.9313104670870952		-0.15797671812232253	True	3.4147495501072376	3.4617292145422343	True	-0.0008936504194794748	0.0008936504194794748	evaluable
EUR	European	chr8-7301025-INV-5297356	Uninodular_goiter_single_thyroid_nodule	8p23.1	0.871887302724031	0.0423726592151362	0.873802803191243	0.002388891232141	0.8009488508836011	0.9532835186947978	-0.162368443392205	0.8501279228147951	0.000232444116584	True	0.0030101513097628	177337.0	9671.0	167666.0	True	two	0.779710215383528	0.926905241063058		-0.13490055442320545	True	2.6218036235261075	3.63368144181232	True	-0.027467888968999543	0.027467888968999543	evaluable
EUR	European	chr8-7301025-INV-5297356	Viral_infections	8p23.1	1.060961546322655	0.0423726592151362	1.053936903514928	0.009073408800014	1.0131584230654958	1.0963566716740685	0.043784071605679	1.044756737885894	0.029776830888766	True	0.1329689517274206	221336.0	57765.0	163571.0	True	two	1.00430188286873	1.086841177913678		0.05253258448943028	True	2.0422295216598396	1.5261215255482241	True	-0.00874851288375128	0.00874851288375128	evaluable
EUR	European	chr12-46897663-INV-16289	Pure_hypercholesterolemia	chr12-46897663-INV-16289	1.082430606383577	0.0443135800836341	1.082148778130618	0.00080389379693	1.0333217871783131	1.1332829642616549	0.066173596334083	1.068412173504868	0.003431329385126	True	0.0230027632119944	199582.0	31916.0	167666.0	True	two	1.022261381489903	1.116646479229901		0.07894867386499578	True	3.094801322462778	2.4645375905196105	True	-0.012775077530912782	0.012775077530912782	evaluable
EUR	European	chr6-141867315-INV-29159	Laryngitis_and_tracheitis	chr6-141867315-INV-29159	0.571941980995996	0.0443135800836341	0.224824141637055	0.168656763619074	0.0268516039313518	1.882416215882779	-1.535412879494229	0.215366752294725	0.151270708175535	True	0.4309298364558457	221336.0	3798.0	217538.0	True	two	0.019492519035686	2.379519953735119		-1.4924367751047585	True	0.7729962376734656	0.8202451599432028	True	-0.042976104389470526	0.042976104389470526	evaluable
EUR	European	chr17-45585160-INV-706887	Pain_in_shoulder	17q21.31	0.951640240022074	0.049244154485148	0.946950593915734	0.000320935188958	0.9192447845042442	0.975491449539164	-0.044837388194788	0.956152950949612	0.001340047141433	True	0.0133489311396595	219503.0	40201.0	179302.0	True	two	0.930273922920568	0.9827519003644192		-0.0545083583125288	True	3.4935826620492936	2.8728799233485485	True	0.009670970117740804	0.009670970117740804	evaluable
MID	Middle Eastern	chr17-45585160-INV-706887	Melanocytic_nevi	17q21.31	0.8984195895801521	3.97821655498032e-07	1.127765786835631	0.6776340620451441	0.6397507426788214	1.9880487588515523	0.150492898784719	1.162407050571116	0.5862390400987251	True	0.9274613272219532	1265.0	105.0	1160.0	True	two	0.6760953710345072	1.998520044812552		0.1202384957325583	True	0.1690047718236751	0.23192526345662792	True	0.03025440305216069	0.03025440305216069	evaluable
MID	Middle Eastern	chr17-45585160-INV-706887	Benign_neoplasm_of_the_skin	17q21.31	0.919445054996808	3.485562610105893e-06	1.108835977601691	0.6786070279810551	0.6802098121613858	1.8075558500355533	0.069670248427438	1.072154578298632	0.769871760363917	True	0.9274613272219532	1311.0	151.0	1160.0	True	two	0.6722645541978197	1.7099152894330076		0.1033107962590708	True	0.16838164690489163	0.11358161041788926	True	-0.0336405478316328	0.0336405478316328	evaluable
MID	Middle Eastern	chr12-46897663-INV-16289	Conjunctivitis	chr12-46897663-INV-16289	1.146797282143917	0.0002375965855462								False					False						False						existing_stratified_estimate_unavailable
MID	Middle Eastern	chr17-45585160-INV-706887	Scar_conditions_and_fibrosis_of_skin	17q21.31	0.8761401418312581	0.0007396124432476								False					False						False						existing_stratified_estimate_unavailable
MID	Middle Eastern	chr12-46897663-INV-16289	Inflammation_of_the_eye	chr12-46897663-INV-16289	1.118461294765881	0.0010489751915058	0.909148873682042	0.7459678158714901	0.5109477999667406	1.6176832047640266	-0.079857035162396	0.923248328999397	0.790514041091627	True	0.9274613272219532	1356.0	114.0	1242.0	True	two	0.5121914021384781	1.664197160361013		-0.09524642078672801	True	0.1272799093784485	0.10209041173498883	True	0.015389385624332008	0.015389385624332008	evaluable
MID	Middle Eastern	chr17-45585160-INV-706887	Skin_changes_due_to_solar_radiation	17q21.31	0.9217316804905972	0.0025112501876418								False					False						False						existing_stratified_estimate_unavailable
MID	Middle Eastern	chr12-46897663-INV-16289	Acne	chr12-46897663-INV-16289	1.158457349406182	0.0026748227642185								False					False						False						existing_stratified_estimate_unavailable
MID	Middle Eastern	chr17-45585160-INV-706887	Hypertrophic_conditions_of_skin	17q21.31	0.9108932941348272	0.0026748227642185								False					False						False						existing_stratified_estimate_unavailable
MID	Middle Eastern	chr17-45585160-INV-706887	Rosacea	17q21.31	0.8837376473363411	0.003025529825077								False					False						False						existing_stratified_estimate_unavailable
MID	Middle Eastern	chr17-45585160-INV-706887	Lump_or_mass_in_breast_or_nonspecific_abnormal_breast_exam	17q21.31	0.929732224935175	0.0032902700458532	1.026242371056457	0.924380014676715	0.6011037872572901	1.7520658270296168	0.064033801302434	1.066128434682126	0.804979014681084	True	0.9274613272219532	1309.0	149.0	1160.0	True	two	0.6412938070071789	1.772401084835418		0.02590394795073801	True	0.0341494526449487	0.09421544128057982	True	0.03812985335169598	0.03812985335169598	evaluable
MID	Middle Eastern	chr17-45585160-INV-706887	Morbid_obesity	17q21.31	1.077702123334776	0.004535850149842								False					False						False						existing_stratified_estimate_unavailable
MID	Middle Eastern	chr17-45585160-INV-706887	Skin_changes_due_to_chronic_exposure_to_nonionizing_radiation	17q21.31	0.923985754560284	0.0047397700432051								False					False						False						existing_stratified_estimate_unavailable
MID	Middle Eastern	chr17-45585160-INV-706887	Abnormal_mammogram	17q21.31	0.9059424645758932	0.0090944400770346								False					False						False						existing_stratified_estimate_unavailable
MID	Middle Eastern	chr17-45585160-INV-706887	Other_skin_and_subcutaneous_disorders	17q21.31	0.938386809006506	0.0116746298581337	0.9248698534056092	0.7774645433253661	0.5380892888973474	1.589669713536514	-0.139635105508512	0.8696755173137231	0.601971844327828	True	0.9274613272219532	1256.0	123.0	1133.0	True	two	0.5146021876373517	1.469747940418579		-0.07810225038971064	True	0.10931940807510078	0.22042382126545976	True	-0.061532855118801355	0.061532855118801355	evaluable
MID	Middle Eastern	chr17-45585160-INV-706887	Other_follicular_disorders	17q21.31	0.941923155068834	0.0165850858892813	1.104645109757698	0.6342075443206481	0.7331283315302282	1.6644300404605	0.070628942299426	1.073182939185547	0.730137306335054	True	0.9274613272219532	1339.0	206.0	1133.0	True	two	0.7184318714980591	1.603104854684947		0.0995241157442519	True	0.19776859605642416	0.13659546073394407	True	-0.02889517344482591	0.02889517344482591	evaluable
MID	Middle Eastern	chr8-7301025-INV-5297356	Multinodular_goiter	8p23.1	0.8351630188718621	0.0165850858892813								False					False						False						existing_stratified_estimate_unavailable
MID	Middle Eastern	chr17-45585160-INV-706887	Benign_sarcoma_related_cancers	17q21.31	0.9358731451895932	0.0169370491965098	1.07364290750602	0.80558895939605	0.6096905245004401	1.8906462320083968	0.044513202393367	1.045518779969544	0.870938907900985	True	0.9316954206991912	1281.0	121.0	1160.0	True	two	0.6111046717473312	1.7887435161368912		0.07105745244450354	True	0.09388649442344174	0.06001230755492221	True	-0.026544250051136538	0.026544250051136538	evaluable
MID	Middle Eastern	chr12-46897663-INV-16289	Disorder_of_nervous_system	chr12-46897663-INV-16289	1.16798937057393	0.0207683960031391								False					False						False						existing_stratified_estimate_unavailable
MID	Middle Eastern	chr17-45585160-INV-706887	Aphagia_and_dysphagia	17q21.31	0.9282859495964992	0.0207683960031391								False					False						False						existing_stratified_estimate_unavailable
MID	Middle Eastern	chr8-7301025-INV-5297356	Alopecia_Areata	8p23.1	1.656182540789858	0.0283667152261219								False					False						False						existing_stratified_estimate_unavailable
MID	Middle Eastern	chr12-46897663-INV-16289	Epidermal_thickening	chr12-46897663-INV-16289	1.110971221834582	0.0320006064634345								False					False						False						existing_stratified_estimate_unavailable
MID	Middle Eastern	chr17-45585160-INV-706887	Abnormal_cytological_findings_in_specimens_from_genital_organs	17q21.31	0.912010161869262	0.0358638222247056								False					False						False						existing_stratified_estimate_unavailable
MID	Middle Eastern	chr17-45585160-INV-706887	Abnormal_Papanicolaou_smear	17q21.31	0.8983153918104351	0.0358941901096197								False					False						False						existing_stratified_estimate_unavailable
MID	Middle Eastern	chr10-79542902-INV-674513	High_risk_human_papillomavirus_HPV_DNA_test_positive	chr10-79542902-INV-674513	1.240316608581981	0.0364489711471226								False					False						False						existing_stratified_estimate_unavailable
MID	Middle Eastern	chr12-46897663-INV-16289	Flat_foot_pes_planus	chr12-46897663-INV-16289	1.198269426457543	0.0423726592151362								False					False						False						existing_stratified_estimate_unavailable
MID	Middle Eastern	chr12-46897663-INV-16289	Hearing_impairment	chr12-46897663-INV-16289	1.082425119215828	0.0423726592151362	0.9387808096943492	0.822396468086496	0.5407560245713675	1.629772704518551	-0.126353063281593	0.88130363589431	0.657142081880823	True	0.9274613272219532	1380.0	138.0	1242.0	True	two	0.5044479942998867	1.5396950873369886		-0.06317325652826714	True	0.08491876349208632	0.18234072069041196	True	-0.06317980675332585	0.06317980675332585	evaluable
MID	Middle Eastern	chr12-46897663-INV-16289	Lump_or_mass_in_breast_or_nonspecific_abnormal_breast_exam	chr12-46897663-INV-16289	1.086309925847279	0.0423726592151362	0.8992793269923681	0.695924479027428	0.5280566670323164	1.5314706895015018	-0.041879233288603	0.958985587115188	0.8805033646168181	True	0.9316954206991912	1309.0	149.0	1160.0	True	two	0.5555004892163462	1.65554013749301		-0.10616158421384109	True	0.15743788700037453	0.05526898014903142	True	0.0642823509252381	0.0642823509252381	evaluable
MID	Middle Eastern	chr12-46897663-INV-16289	Migraine	chr12-46897663-INV-16289	1.086060571739335	0.0423726592151362	0.950310624350263	0.870001988087395	0.5161561363635813	1.7496455415902454	-0.120357425280653	0.8866034855776951	0.70176299820523	True	0.9274613272219532	1435.0	108.0	1327.0	True	two	0.4788498344315708	1.641570455112795		-0.0509663748312956	True	0.060479754951038155	0.15380953452319718	True	-0.06939105044935741	0.06939105044935741	evaluable
MID	Middle Eastern	chr12-46897663-INV-16289	Rosacea	chr12-46897663-INV-16289	1.143636402699927	0.0423726592151362								False					False						False						existing_stratified_estimate_unavailable
MID	Middle Eastern	chr12-46897663-INV-16289	Sensorineural_hearing_loss	chr12-46897663-INV-16289	1.096180386771489	0.0423726592151362								False					False						False						existing_stratified_estimate_unavailable
MID	Middle Eastern	chr12-46897663-INV-16289	Urinary_incontinence_and_enuresis	chr12-46897663-INV-16289	1.097374348651035	0.0423726592151362								False					False						False						existing_stratified_estimate_unavailable
MID	Middle Eastern	chr17-45585160-INV-706887	Diastolic_heart_failure	17q21.31	1.115625916975585	0.0423726592151362								False					False						False						existing_stratified_estimate_unavailable
MID	Middle Eastern	chr17-45585160-INV-706887	Goiter	17q21.31	0.9266919044321652	0.0423726592151362	0.640895629385673	0.186637294035208	0.3311537779890914	1.2403518699375626	-0.321735238335025	0.7248900880318351	0.291109659761189	True	0.9274613272219532	1286.0	101.0	1185.0	True	two	0.3988940401903591	1.3173063189313157		-0.44488865999017985	True	0.7290015707964757	0.5359433833232067	True	0.12315342165515486	0.12315342165515486	evaluable
MID	Middle Eastern	chr17-45585160-INV-706887	Mild_cognitive_impairment	17q21.31	0.856658550814101	0.0423726592151362								False					False						False						existing_stratified_estimate_unavailable
MID	Middle Eastern	chr8-7301025-INV-5297356	Uninodular_goiter_single_thyroid_nodule	8p23.1	0.871887302724031	0.0423726592151362								False					False						False						existing_stratified_estimate_unavailable
MID	Middle Eastern	chr8-7301025-INV-5297356	Viral_infections	8p23.1	1.060961546322655	0.0423726592151362	1.925838577416766	0.017796206879576	1.1200195429440172	3.3114192065950543	0.594464429238268	1.812060198570816	0.033709599243065	True	0.9274613272219532	1462.0	337.0	1125.0	True	two	1.04432533860371	3.144194669866683		0.6553614975149706	True	1.7496725542537277	1.4722464105629802	True	-0.060897068276702604	0.060897068276702604	evaluable
MID	Middle Eastern	chr12-46897663-INV-16289	Pure_hypercholesterolemia	chr12-46897663-INV-16289	1.082430606383577	0.0443135800836341	0.662904769295064	0.158530331215816	0.3743395427577844	1.1739148098454628	-0.363869757740711	0.694981704836065	0.203545664822773	True	0.9274613272219532	1343.0	158.0	1185.0	True	two	0.3966292393403989	1.2177608762785126		-0.41112393516863105	True	0.7998876330081865	0.6913381429215124	True	0.04725417742792004	0.04725417742792004	evaluable
MID	Middle Eastern	chr6-141867315-INV-29159	Laryngitis_and_tracheitis	chr6-141867315-INV-29159	0.571941980995996	0.0443135800836341								False					False						False						existing_stratified_estimate_unavailable
MID	Middle Eastern	chr17-45585160-INV-706887	Pain_in_shoulder	17q21.31	0.951640240022074	0.049244154485148	0.97481837350508	0.908942787053148	0.6296690135237173	1.5091593216652648	-0.093169661354909	0.9110389190858952	0.648217246160385	True	0.9274613272219532	1448.0	233.0	1215.0	True	two	0.6105362919152775	1.3594472975316148		-0.025504108921765172	True	0.041463452365594934	0.18827941851724325	True	-0.06766555243314383	0.06766555243314383	evaluable
SAS	South Asian	chr17-45585160-INV-706887	Melanocytic_nevi	17q21.31	0.8984195895801521	3.97821655498032e-07	1.9580338228210192	0.019940365037153	1.1119314634455573	3.447961117523329	0.502165562431614	1.652295548307967	0.086931056626243	True	0.4868139171069608	4864.0	166.0	4698.0	True	two	0.9297907631207396	2.936231125586916		0.6719408181271603	True	1.7002668955644766	1.060825041596979	True	-0.1697752556955463	0.1697752556955463	evaluable
SAS	South Asian	chr17-45585160-INV-706887	Benign_neoplasm_of_the_skin	17q21.31	0.919445054996808	3.485562610105893e-06	1.4206472226029652	0.114503101532075	0.9185916314333108	2.1971009336764697	0.185241661100014	1.203509246356355	0.410569148652399	True	0.8463178102616808	5016.0	318.0	4698.0	True	two	0.7741677962711702	1.8709568042506048		0.35111255833766997	True	0.9411827494810999	0.38661368787680866	True	-0.16587089723765597	0.16587089723765597	evaluable
SAS	South Asian	chr12-46897663-INV-16289	Conjunctivitis	chr12-46897663-INV-16289	1.146797282143917	0.0002375965855462	1.170659815162871	0.421507600707852	0.797210279831033	1.7190500894288898	0.203496602164545	1.225680992971798	0.322194210689938	True	0.8463178102616808	5033.0	223.0	4810.0	True	two	0.8192263294930865	1.8337959150579384		0.1575675344363277	True	0.375194589685225	0.49188226741773955	True	0.04592906772821728	0.04592906772821728	evaluable
SAS	South Asian	chr17-45585160-INV-706887	Scar_conditions_and_fibrosis_of_skin	17q21.31	0.8761401418312581	0.0007396124432476								False					False						False						existing_stratified_estimate_unavailable
SAS	South Asian	chr12-46897663-INV-16289	Inflammation_of_the_eye	chr12-46897663-INV-16289	1.118461294765881	0.0010489751915058	1.2809060930353962	0.124631137601928	0.933876591718992	1.7568921137161384	0.31854673647208	1.375127888308182	0.057714716715978	True	0.4868139171069608	5141.0	331.0	4810.0	True	two	0.9959293828059352	1.898705612917328		0.24756771268289027	True	0.9043734408286135	1.2387134316692356	True	0.07097902378918972	0.07097902378918972	evaluable
SAS	South Asian	chr17-45585160-INV-706887	Skin_changes_due_to_solar_radiation	17q21.31	0.9217316804905972	0.0025112501876418								False					False						False						existing_stratified_estimate_unavailable
SAS	South Asian	chr12-46897663-INV-16289	Acne	chr12-46897663-INV-16289	1.158457349406182	0.0026748227642185	1.136894896799545	0.463432832442858	0.8068112916132072	1.6020227032079006	0.166068042961751	1.180653434146678	0.365815295288393	True	0.8463178102616808	4779.0	273.0	4506.0	True	two	0.8237821875240274	1.6921251183544028		0.12830077144511445	True	0.3340132013538708	0.43673813997366295	True	0.03776727151663656	0.03776727151663656	evaluable
SAS	South Asian	chr17-45585160-INV-706887	Hypertrophic_conditions_of_skin	17q21.31	0.9108932941348272	0.0026748227642185	0.603453601280542	0.106678226947936	0.3267033871695394	1.1146387310318282	-0.5776492614047231	0.5612160894693551	0.078655440960578	True	0.4868139171069608	4698.0	192.0	4506.0	True	two	0.2947987852922313	1.068401617622187		-0.5050861241167616	True	0.9719242111404538	1.1042712298439454	True	-0.07256313728796149	0.07256313728796149	evaluable
SAS	South Asian	chr17-45585160-INV-706887	Rosacea	17q21.31	0.8837376473363411	0.003025529825077								False					False						False						existing_stratified_estimate_unavailable
SAS	South Asian	chr17-45585160-INV-706887	Lump_or_mass_in_breast_or_nonspecific_abnormal_breast_exam	17q21.31	0.929732224935175	0.0032902700458532	1.379733676914661	0.177831684670173	0.8638823596593892	2.203616033973683	0.162785164798699	1.176783847934927	0.496203942003227	True	0.8506353291483891	5041.0	343.0	4698.0	True	two	0.7363253495458348	1.8807178451953177		0.3218904928015834	True	0.7499908572495133	0.30433978987548077	True	-0.15910532800288438	0.15910532800288438	evaluable
SAS	South Asian	chr17-45585160-INV-706887	Morbid_obesity	17q21.31	1.077702123334776	0.004535850149842	1.346810171528052	0.36460921566998	0.7075649559314119	2.5635775527402638	0.279791192793551	1.322853562140074	0.400711548407492	True	0.8463178102616808	4860.0	131.0	4729.0	True	two	0.6888235345788029	2.540478742406388		0.2977389606433944	True	0.4381723585443482	0.39716814112762855	True	-0.017947767849843366	0.017947767849843366	evaluable
SAS	South Asian	chr17-45585160-INV-706887	Skin_changes_due_to_chronic_exposure_to_nonionizing_radiation	17q21.31	0.923985754560284	0.0047397700432051								False					False						False						existing_stratified_estimate_unavailable
SAS	South Asian	chr17-45585160-INV-706887	Abnormal_mammogram	17q21.31	0.9059424645758932	0.0090944400770346	1.806384572044518	0.099061297387175	0.8946423166896638	3.6472958647811695	0.355188118952433	1.426448971129095	0.325118709141965	True	0.8463178102616808	4836.0	138.0	4698.0	True	two	0.7030747349519905	2.8940830413628733		0.5913273736574117	True	1.0040959884431924	0.48795803806054755	True	-0.2361392547049787	0.2361392547049787	evaluable
SAS	South Asian	chr17-45585160-INV-706887	Other_skin_and_subcutaneous_disorders	17q21.31	0.938386809006506	0.0116746298581337	1.957779333665184	0.004175859654983	1.2363342159947577	3.1002134129585115	0.659735832192409	1.93428129205635	0.00552926433268	True	0.245090702438568	4776.0	270.0	4506.0	True	two	1.228674753769829	3.045105391251555		0.671810837892648	True	2.3792541058129486	2.257332647630401	True	-0.012075005700238894	0.012075005700238894	evaluable
SAS	South Asian	chr17-45585160-INV-706887	Other_follicular_disorders	17q21.31	0.941923155068834	0.0165850858892813	1.018204767755455	0.924330252824124	0.7017041052934614	1.4774617125068157	-0.004168356282783	0.995840319255835	0.9829526963837312	True	0.995348564275246	4986.0	480.0	4506.0	True	two	0.6794163704146075	1.4596320969575558		0.018041045008483716	True	0.03417283250968438	0.007467381652944943	False	-0.022209401291266716	0.022209401291266716	evaluable
SAS	South Asian	chr8-7301025-INV-5297356	Multinodular_goiter	8p23.1	0.8351630188718621	0.0165850858892813								False					False						False						existing_stratified_estimate_unavailable
SAS	South Asian	chr17-45585160-INV-706887	Benign_sarcoma_related_cancers	17q21.31	0.9358731451895932	0.0169370491965098	2.377643397527329	0.001727431608662	1.3831546092718623	4.087170073330648	0.7551695133360521	2.127972212452388	0.007294366144005	True	0.245090702438568	4885.0	187.0	4698.0	True	two	1.247085813045104	3.631077901457723		0.8661098280359503	True	2.762599137915365	2.1370124408673172	True	-0.11094031469989818	0.11094031469989818	evaluable
SAS	South Asian	chr12-46897663-INV-16289	Disorder_of_nervous_system	chr12-46897663-INV-16289	1.16798937057393	0.0207683960031391								False					False						False						existing_stratified_estimate_unavailable
SAS	South Asian	chr17-45585160-INV-706887	Aphagia_and_dysphagia	17q21.31	0.9282859495964992	0.0207683960031391	1.619268278204479	0.114982328842204	0.8892715661627785	2.948514105891634	0.435079869424725	1.545086459189967	0.153098375608377	True	0.6644528471718006	5363.0	166.0	5197.0	True	two	0.8506142873917983	2.8065507501552034		0.4819743670854081	True	0.9393688994378617	0.8150294171924042	True	-0.0468944976606831	0.0468944976606831	evaluable
SAS	South Asian	chr8-7301025-INV-5297356	Alopecia_Areata	8p23.1	1.656182540789858	0.0283667152261219								False					False						False						existing_stratified_estimate_unavailable
SAS	South Asian	chr12-46897663-INV-16289	Epidermal_thickening	chr12-46897663-INV-16289	1.110971221834582	0.0320006064634345	1.462703912189538	0.038909682331523	1.01955662337647	2.098463867214338	0.469143931966181	1.5986250754468432	0.015321657354505	True	0.31581387805065	4731.0	225.0	4506.0	True	two	1.105895331224344	2.310889701485673		0.3802867175429601	True	1.4099423148716574	1.814694254221357	True	0.08885721442322086	0.08885721442322086	evaluable
SAS	South Asian	chr17-45585160-INV-706887	Abnormal_cytological_findings_in_specimens_from_genital_organs	17q21.31	0.912010161869262	0.0358638222247056	1.176560162871327	0.636181909045477	0.582631355700519	2.228267273895823	0.010101584823706	1.010152778064097	0.977301514100927	True	0.995348564275246	5363.0	120.0	5243.0	True	two	0.503707811496092	2.025794740009762		0.16259506504001883	True	0.19641868498255619	0.00997142839110068	True	-0.15249348021631284	0.15249348021631284	evaluable
SAS	South Asian	chr17-45585160-INV-706887	Abnormal_Papanicolaou_smear	17q21.31	0.8983153918104351	0.0358941901096197								False					False						False						existing_stratified_estimate_unavailable
SAS	South Asian	chr10-79542902-INV-674513	High_risk_human_papillomavirus_HPV_DNA_test_positive	chr10-79542902-INV-674513	1.240316608581981	0.0364489711471226								False					False						False						existing_stratified_estimate_unavailable
SAS	South Asian	chr12-46897663-INV-16289	Flat_foot_pes_planus	chr12-46897663-INV-16289	1.198269426457543	0.0423726592151362								False					False						False						existing_stratified_estimate_unavailable
SAS	South Asian	chr12-46897663-INV-16289	Hearing_impairment	chr12-46897663-INV-16289	1.082425119215828	0.0423726592151362	0.995584414861594	0.9812710084964672	0.6880468228595457	1.4405826670282276	0.038314662518178	1.039058134093028	0.842038956360955	True	0.932200182688644	5089.0	279.0	4810.0	True	two	0.7128336416464873	1.514577515633454		-0.004425362627302248	True	0.008211032130594821	0.07466781569603985	False	0.04274002514548025	0.04274002514548025	evaluable
SAS	South Asian	chr12-46897663-INV-16289	Lump_or_mass_in_breast_or_nonspecific_abnormal_breast_exam	chr12-46897663-INV-16289	1.086309925847279	0.0423726592151362	0.7623258338451341	0.132648936332281	0.5352089203609957	1.0858202373676855	-0.267587711787325	0.7652232085838441	0.154247982379168	True	0.6644528471718006	5041.0	343.0	4698.0	True	two	0.5295580293118861	1.105764668918807		-0.27138121122049724	True	0.8772962281307514	0.8117805079905046	True	0.003793499433172254	0.003793499433172254	evaluable
SAS	South Asian	chr12-46897663-INV-16289	Migraine	chr12-46897663-INV-16289	1.086060571739335	0.0423726592151362	1.023286517961172	0.90624512464743	0.697635335236791	1.5009493426615053	0.100088426136676	1.105268648391194	0.621963558493498	True	0.8930758788624588	5287.0	258.0	5029.0	True	two	0.7424752523553599	1.6453326642755357		0.02301952396384932	True	0.04275431680099273	0.20623506033943562	True	0.07706890217282668	0.07706890217282668	evaluable
SAS	South Asian	chr12-46897663-INV-16289	Rosacea	chr12-46897663-INV-16289	1.143636402699927	0.0423726592151362								False					False						False						existing_stratified_estimate_unavailable
SAS	South Asian	chr12-46897663-INV-16289	Sensorineural_hearing_loss	chr12-46897663-INV-16289	1.096180386771489	0.0423726592151362	1.00918258629936	0.9703620291686952	0.6230991960492043	1.6344901404903134	0.0800513024049	1.083342644332323	0.7506145613459321	True	0.8934548011553795	4978.0	168.0	4810.0	True	two	0.6612635089278206	1.774831469124749		0.009140682680843646	True	0.013066206004989858	0.12458301486185533	True	0.07091061972405635	0.07091061972405635	evaluable
SAS	South Asian	chr12-46897663-INV-16289	Urinary_incontinence_and_enuresis	chr12-46897663-INV-16289	1.097374348651035	0.0423726592151362	0.8994353727876431	0.677229748510876	0.5460469804063104	1.4815281813657977	-0.057710030884145	0.943923616453596	0.823346398180397	True	0.932200182688644	5363.0	142.0	5221.0	True	two	0.5687150202981062	1.5666753328086922		-0.10598807610198153	True	0.16926397299317364	0.08441741002764565	True	0.04827804521783653	0.04827804521783653	evaluable
SAS	South Asian	chr17-45585160-INV-706887	Diastolic_heart_failure	17q21.31	1.115625916975585	0.0423726592151362								False					False						False						existing_stratified_estimate_unavailable
SAS	South Asian	chr17-45585160-INV-706887	Goiter	17q21.31	0.9266919044321652	0.0423726592151362	1.46586247950153	0.168469519605389	0.8505636678277496	2.526269214270653	0.335726006559927	1.39895566761877	0.224962198336771	True	0.7873676941786987	4937.0	208.0	4729.0	True	two	0.820006170577471	2.3866612596152192		0.38244379244874377	True	0.773478662535134	0.6478904527019477	True	-0.046717785888816754	0.046717785888816754	evaluable
SAS	South Asian	chr17-45585160-INV-706887	Mild_cognitive_impairment	17q21.31	0.856658550814101	0.0423726592151362								False					False						False						existing_stratified_estimate_unavailable
SAS	South Asian	chr8-7301025-INV-5297356	Uninodular_goiter_single_thyroid_nodule	8p23.1	0.871887302724031	0.0423726592151362	0.7704064998623801	0.480759620189905	0.63261176080041	0.952484266117795	-0.124171219154082	0.883228602281503	0.731171625303058	True	0.8934548011553795	4846.0	117.0	4729.0	True	two	0.4349447992135238	1.7935442964227164		-0.2608369815369536	True	0.3180720165983985	0.13598067068425554	True	0.13666576238287162	0.13666576238287162	evaluable
SAS	South Asian	chr8-7301025-INV-5297356	Viral_infections	8p23.1	1.060961546322655	0.0423726592151362	1.124263875073388	0.406750612205255	0.8524984468039991	1.4826645908079106	0.098556538192929	1.103576796868449	0.493369968674038	True	0.8506353291483891	5363.0	853.0	4510.0	True	two	0.832515805685155	1.462893242710411		0.11712848821884046	True	0.39067178472874603	0.30682728945529525	True	-0.018571950025911457	0.018571950025911457	evaluable
SAS	South Asian	chr12-46897663-INV-16289	Pure_hypercholesterolemia	chr12-46897663-INV-16289	1.082430606383577	0.0443135800836341	1.154560349254365	0.38510543186215	0.834764722831552	1.59686863089847	0.140571817102921	1.150931733179577	0.389858746643942	True	0.8463178102616808	5130.0	401.0	4729.0	True	two	0.8354018735875083	1.5856366813630205		0.14371962151193635	True	0.41442035566674895	0.4090927177557672	True	-0.0031478044090153534	0.0031478044090153534	evaluable
SAS	South Asian	chr6-141867315-INV-29159	Laryngitis_and_tracheitis	chr6-141867315-INV-29159	0.571941980995996	0.0443135800836341								False					False						False						existing_stratified_estimate_unavailable
SAS	South Asian	chr17-45585160-INV-706887	Pain_in_shoulder	17q21.31	0.951640240022074	0.049244154485148	1.390430038098414	0.085568631263815	0.9548994842789008	2.0246064875679552	0.110808213297976	1.117180625919188	0.5557374611710291	True	0.8816497443520931	5321.0	513.0	4808.0	True	two	0.7727473631448895	1.6151366027957217		0.32961307922141597	True	1.0676854148299955	0.2551303272896352	True	-0.21880486592343998	0.21880486592343998	evaluable
