chr	region_start	region_end	recurrence	n_cds	n_cds_used	zerofold_sites_direct	zerofold_sites_inverted	fourfold_sites_direct	fourfold_sites_inverted	piN_direct	piN_inverted	piS_direct	piS_inverted	piN_piS_direct	piN_piS_inverted
chr1	13104252	13122521	1.0	1	1	575	575	123	123	0.004045766590389016	0.001688633035398677	0.006418485237483954	0.0015297017081669073	0.6303304347826086	1.1038969404186796
chr1	25324280	25369060	0.0	1	1	314	0	71	0	0.0		0.0			
chr1	120299058	120600965		1	1	1790	1790	354	354	0.0	0.0	0.0	0.0		
chr1	144376209	144600799	0.0	2	2	1596	1596	315	315	0.0	0.0	0.0	0.0		
chr1	145160434	146154520		19	19	31938	31938	7516	7516	6.262132882459766e-05	5.305968605312032e-05	0.00013304949441192123	3.414656328103421e-05	0.47066190744567604	1.553880711696421
chr1	146298109	148672872		14	14	20084	20084	4494	4494	0.0	6.934482767313991e-05	0.0004450378282153983	0.00020998462084467054	0.0	0.33023764975833897
chr1	148893781	149265643		1	1	2097	2097	422	422	0.0	0.0	0.0	0.0		
chr1	248128773	248428856	0.0	11	11	6886	0	1699	0	0.0008739182193301172		0.0015750557331233976		0.554849076735274	
chr1	248518572	248529489		1	1	602	602	156	156	0.00021706230291044365	0.00015101177891875574	0.0004343307428606881	0.0	0.49976269577598503	
chr10	46983451	47468232	1.0	4	4	4772	4772	1386	1386	5.987306909352175e-05	6.584958806249669e-05	0.0005497148354291213	0.0006224406224406225	0.10891659681475273	0.10579256187409006
chr10	79542901	80217413	0.0	8	8	6473	6473	1924	1924	0.0	0.0003931362611548323	0.0	0.000315473999684526		1.2461764251506258
chr13	52344010	52502256		3	3	3667	3667	846	846	0.000545404963185165	5.469981617144305e-05	0.002364066193853428	0.0001480898329807568	0.2307062994273248	0.3693691529691366
chr13	63727377	63820968		1	1	256	256	67	67	0.0	0.0	0.0	0.0		
chr15	22701127	23213881		5	5	0	7001	0	1438		6.436470274969536e-05		0.0014307422860969452		0.044986929774251526
chr15	23345459	28389868	0.0	17	17	0	30817	0	7713		0.00011587434207408468		0.0005810731844262827		0.19941436841297736
chr15	28298424	28623514		4	4	5696	5696	851	851	0.0	0.0	0.0	0.0		
chr15	30618103	32153204	1.0	7	7	9936	9936	2361	2361	7.935630479908096e-05	7.380568974771874e-05	0.0006872456766512982	0.0	0.11547006768490095	
chr15	82360482	82515134		1	1	800	800	187	187	0.0	0.0	0.0	0.0		
chr16	14907775	15028479		1	1	676	676	163	163	0.0	0.0	0.0	0.0		
chr16	14954790	15100859	1.0	3	3	3327	3327	779	779	0.0001874705315780564	0.0	0.0006251519196823453	0.0	0.2998799582560903	
chr16	15384482	16276146	0.0	8	8	0	14647	0	3574		9.672060262624884e-05		0.0011155671620137206		0.08670083336951007
chr16	16721273	18073542	1.0	1	1	1845	1845	489	489	0.00020898947728216025	0.0003097173828881147	0.0016418872860590654	0.0005842827928717501	0.12728612923472143	0.5300813008130082
chr16	21583511	22432381		12	12	14013	14013	3504	3504	0.00022437909061983697	0.00027117676443302646	0.00021789373808119302	0.00022831050228310496	1.0297638316536997	1.1877542282166562
chr16	21864964	22432381		8	8	8423	8423	1993	1993	0.00035616763623412084	0.0003442385766473321	0.0004014049172102357	0.0003443357287073451	0.8873026237682538	0.9997178565803273
chr16	28471892	28637651	1.0	7	7	5273	5273	1454	1454	0.00010899158802923591	0.0	0.0	0.0		
chr17	3082008	3221835	0.0	4	4	2415	0	584	0	0.000643495194953643		0.0016361882149986883		0.39328922495274105	
chr17	16823490	18384190	0.0	24	24	36355	36355	9684	9684	2.7506532801540365e-05	8.357296213161982e-05	0.0	0.00026728744200863163		0.31267073942411766
chr17	18622359	18823773		4	4	3387	0	781	0	0.0		0.0			
chr17	45585159	46292045	0.0	6	6	6552	6552	1805	1805	7.122507122507123e-05	0.00021980171628058955	0.0	0.0002442788463622611		0.8997984047895313
chr17	60035640	60110888		1	1	2266	2266	578	578	9.819513742907812e-05	0.0	4.6759562330496516e-05	0.0	2.100001209058268	
chr19	47959660	50091195		98	98	88395	88395	25589	25589	0.00025904256702921006	0.00022625714124102042	0.0005961721118327672	0.000547110086365235	0.4345097026307637	0.4135495705154623
chr2	87987171	111255403	0.0	127	127	0	152006	0	35384		0.0001431927863483613		0.00048559269908390954		0.2948824943589563
chr2	87995841	88180536	0.0	3	3	1704	0	312	0	0.0001749695705094766		0.001464070908515353		0.11950894556528358	
chr2	95800191	96024403	1.0	1	1	4033	4033	844	844	0.0	0.0	0.0	0.0		
chr2	108527821	109733036		7	7	12638	12638	2932	2932	0.0	7.168955991674694e-05	0.001364256480218281	0.0004057151985079524	0.0	0.1766992219675048
chr2	110095177	110276210		2	2	1396	1396	308	308	5.6182931625372284e-05	4.9402232980930696e-05	0.0001273236567354216	0.0002239140170174651	0.4412607449856734	0.22063037249283668
chr2	130138212	131200602	0.0	17	17	16935	16935	4401	4401	0.0001771479185119575	0.0002184824328314142	0.0013633265167007499	0.0011091409029593388	0.1299379982285208	0.1969834781572597
chr2	130138212	131530534	0.0	21	21	20693	20693	5255	5255	0.00014497656212245687	0.00021082773052955595	0.001141769743101808	0.0010060942562237288	0.12697530565891846	0.20955067502410374
chr22	21443089	21491761		1	1	552	552	159	159	0.0	0.0	0.0	0.0		
chr3	195692124	195956606		3	3	14123	14123	5098	5098	0.00016961553678316934	0.0002682063858867654	0.00018895190979956693	0.00029805424077687713	0.8976651094084792	0.8998576406350958
chr3	195749463	195980207	1.0	1	1	2010	2010	592	592	8.235657868847852e-05	4.522840343735868e-05	0.0005773782256833105	0.001967064467064467	0.1426388717569179	0.022992842479054552
chr5	177946129	178003952	0.0	1	1	431	0	130	0	5.7288533699979993e-05		0.0037606837606837607		0.015233541915676498	
chr6	167209001	167357782	0.0	2	2	2015	2015	487	487	0.0004962779156327543	0.00047501739399553384	0.0	0.0004991964104958292		0.9515641218728327
chr7	5989046	6735643	1.0	16	16	16941	16941	4304	4304	0.000291862608136736	0.0003053394101131898	0.0004904997934737712	0.0007573217791810245	0.595031052041295	0.4031831891106934
chr7	65219157	65531823	1.0	1	1	1151	1151	187	187	0.0	0.0004207443349780612	0.0	0.0		
chr7	73113989	74799029	1.0	26	26	24414	24414	6683	6683	2.7306736571912288e-05	8.220018309138872e-05	0.00039902239513192676	0.0003809872920026727	0.06843409519128368	0.215755708436627
chr7	74869950	75058098	1.0	2	2	1146	1146	278	278	0.0	0.0	0.0	0.0		
chr8	7301024	12598379	1.0	72	72	51336	51336	13444	13444	0.0002279102384291725	0.00024325628950539155	0.0005963309409946226	0.0005185013171167118	0.38218751160058906	0.4691526934938063
chr9	38773640	42796744		6	6	11672	0	3042	0	0.0		0.0			
chr9	87942696	88110274	0.0	2	2	0	799	0	207		3.090282606344353e-05		0.0		
chrX	72997772	73077479	1.0	1	1	387	387	88	88	0.0	0.0	0.0	0.0		
chrX	103989434	104049428	1.0	2	2	568	568	153	153	0.0006147999105745585	0.000807877568440949	0.0	0.0		
chrX	120087101	120149199		1	1	357	357	90	90	0.0	0.0	0.0	0.0		
chrX	141110160	141232877		1	1	282	282	62	62	0.0	0.0	0.0	0.0		
chrX	149681035	149722249	1.0	1	1	825	825	191	191	0.00022966507177033497	8.080808080808077e-05	0.002507577845136401	0.0019377745682132754	0.09158841158841162	0.041701486918878206
chrX	152729753	152738707	1.0	1	1	598	598	150	150	0.0	0.00013935340022296552	0.0	0.0		
chrX	153149748	153250226	1.0	1	1	589	589	153	153	0.0013555500379151368	0.0016349116518895807	0.0005683432793407219	0.0	2.3850902917116827	
chrX	154347246	154384867	1.0	2	2	5679	5679	1579	1579	3.643186330764884e-05	4.8633646097988424e-05	0.00015598823224775927	0.0003558611538345547	0.23355520338087668	0.1366646670307795
