inv_id	consensus	delta	qdelta_bg	qdelta_whole	n_cds	inv_len	k_direct_median	k_inverted_median	background_fraction	pi_direct_background	pi_inverted_background	single	recurrent	log_inv_len_c	log_harmonic_k_c	median_delta
10:79542901-80217413	0	0.22374117110959216	0.45740537105906476	0.45495617202811867	8	674513	77.0	3.0	0.8925684160275635	0.0006009178654893539	9.965971208323576e-06	1.0	0.0	0.9040486001978998	-0.9550738112675046	0.025974025974025983
17:16823490-18384190	0	0.11833889794416112	0.12678056974592056	0.17391032866003886	24	1560701	78.0	2.0	0.4661181097468381	0.0005582398391138616	0.00035190406215505497	1.0	0.0	1.7429480094863017	-1.347635514539761	0.02564102564102566
17:45585159-46292045	0	0.15761606677099635	0.04709447866314085	0.12292049183453475	6	706887	72.0	10.0	0.6395958618562797	0.0002067717120600192	0.0001648522788097018	1.0	0.0	0.950928474053482	0.15706707763043148	0.05379499217527389
1:144376209-144600799	0	0.0	-0.0005953575129316047	-0.0005493301937677941	2	224591	29.0	49.0	0.9221696327991772	3.9958669505723985e-06	4.475233087571399e-06	1.0	0.0	-0.1956613785364194	0.8869424142920925	0.0
2:130138212-131200602	0	0.03790022338049143	-0.05222634256246629	0.02299818522658372	17	1062391	80.0	2.0	0.5839629665537452	0.00034923232059471597	0.00043036958592643096	1.0	0.0	1.3583349585006133	-1.3470103191458425	0.0
2:130138212-131530534	0	-0.08283227848101268	0.05015282075771668	0.057153561614885974	4	1392323	80.0	2.0	0.9554708210666634	0.0004997433482369708	0.00041568820828610174	1.0	0.0	1.6287865054069481	-1.3470103191458425	0.04889240506329112
6:167209001-167357782	0	0.12369183455161348	0.7922665655842046	0.76651366454496	2	148782	75.5	2.0	0.7280383379709912	0.001348396809424016	5.5391944164920284e-05	1.0	0.0	-0.6074602014602632	-1.3484629866597935	0.12369183455161348
10:46983451-47468232	1	-0.0035006435006434966	-0.04934777826227113	-0.046992212122813876	4	484782	75.0	7.0	0.9479332978534681	0.0004273849036321025	0.0004992556942688465	0.0	1.0	0.5737569565528133	-0.1587858717880457	0.027232947232947224
15:30618103-32153204	1	0.13876628150069312	0.21041781775519805	0.21344718489617442	6	1535102	72.0	10.0	0.747250671290898	0.0006928606188094212	0.0003413226598065044	0.0	1.0	1.7264097585248948	0.15706707763043148	0.14943655968204794
16:14954790-15100859	1	-0.3911574914297238	-0.10574301961556654	-0.2129135019203092	3	146070	16.0	58.0	0.23668104333538714	0.00010244319102163602	0.00018200300821474027	0.0	1.0	-0.6258563899374128	0.5135017524666141	-0.375302480338778
16:16721273-18073542	1	0.2394337194337194	0.07256582887122826	0.07544632563577491	1	1352270	75.0	7.0	0.7322287708815547	0.0007712576595355752	0.0005935480063544579	0.0	1.0	1.599597592006571	-0.1587858717880457	0.2394337194337194
16:28471892-28637651	1	-0.07651888341543514	-0.09090373759383093	-0.08762744738758473	7	165760	52.0	30.0	0.736534749034749	9.359536563790053e-05	0.00019334109003341852	0.0	1.0	-0.49940138972901416	0.9302569658639133	0.0
1:13104252-13122521	1	0.22135216089002993	0.03807396598254548	0.05913746873103948	1	18270	20.0	42.0	0.951888341543514	0.0015437501581277674	0.0013868356621240872	0.0	1.0	-2.704681978410216	0.5908026196768512	0.22135216089002993
2:95800191-96024403	1	0.0	-0.01307848492403374	-0.05244481807560364	1	224213	77.0	5.0	0.37321207958503744	0.00011516686384875536	0.00011950429617944765	0.0	1.0	-0.19734585590016884	-0.46894080009188555	0.0
3:195749463-195980207	1	-0.09807029129063027	-0.00635686878907063	-0.012093409655950793	1	230745	60.0	22.0	0.8942338945589287	0.0005240703596006592	0.0005347998594552679	0.0	1.0	-0.16862914412430818	0.7632028812007468	-0.09807029129063027
7:5989046-6735643	1	0.0005707762557077781	-0.017149769892483534	-0.027743754123328947	16	746598	73.0	9.0	0.43375819383389724	0.0006884803376945002	0.0007290912324799364	0.0	1.0	1.005584538866156	0.06549988410494079	0.0
7:65219157-65531823	1	0.48427672955974843	0.3379838612855193	0.3585710830186136	1	312667	54.0	26.0	0.9172442246863276	0.000660712425730146	0.0002441757580406706	0.0	1.0	0.13519637763549675	0.8495890627964582	0.48427672955974843
7:73113989-74799029	1	0.06618381618381619	-0.010444191201934815	-0.016379066632014615	26	1685041	77.0	3.0	0.6317270618341038	0.00026051935957823775	0.0002724320892900423	0.0	1.0	1.819602826034517	-0.9550738112675046	0.025974025974025983
7:74869950-75058098	1	0.0	0.014968644461812175	0.012728109471096538	2	188149	72.0	8.0	0.6475187218640546	6.635579085611097e-05	4.866262825248297e-05	0.0	1.0	-0.37270814668312724	-0.04138386109340697	0.0
8:7301024-12598379	1	-0.01248711782892477	-0.025419901218544507	-0.02447364761205605	71	5297356	41.0	41.0	0.6831221084631653	0.0005904561506336044	0.0006492328121852324	0.0	1.0	2.9650207583395503	1.0049599990289462	0.0
X:103989434-104049428	1	0.044011544011544	-0.020899228899361355	-0.020936536562772945	2	59995	21.5	23.0	0.9711809317443121	0.00023537352830123914	0.00028840531356194007	0.0	1.0	-1.5156811233837804	0.39259307477515604	0.044011544011544
X:149681035-149722249	1	0.06261343012704168	-0.03533106636419936	-0.02607810245478759	1	41215	20.0	30.0	0.9123134781026325	0.00044959612776255956	0.000500170607164703	0.0	1.0	-1.8911400810349406	0.46944176267258353	0.06261343012704168
X:152729753-152738707	1	0.07971014492753614	-0.012950739095926145	-0.007857974526602807	1	8955	24.0	24.0	0.8948073701842546	0.0013863327093473106	0.0014383314613752652	0.0	1.0	-3.417730313287457	0.469441762672584	0.07971014492753614
X:153149748-153250226	1	0.04017882278751844	0.008011936044442391	0.007465149395964543	1	100479	23.0	27.0	0.99077419162213	0.0005263107521697203	0.0005123236700417872	0.0	1.0	-0.9999935983590671	0.503843189389916	0.04017882278751844
X:154347246-154384867	1	-0.1561576354679803	-0.34897031753142743	-0.3365613696760999	2	37622	29.0	21.0	0.3593110414119398	6.012805148690634e-05	0.00030787868027814765	0.0	1.0	-1.9823533631293024	0.48433037516633437	-0.1561576354679803
X:72997772-73077479	1	0.0	0.024831405313943344	0.024692372865956935	1	79708	42.0	8.0	0.9924725247152105	0.0004567185619659201	0.00040315579966627903	0.0	1.0	-1.2315723916297934	-0.11037673258035818	0.0
