Phenotype	N_Total	N_Cases	N_Controls	Beta	OR	P_Value	P_Valid	P_Source	OR_CI95	CI_Method	CI_Sided	CI_Label	CI_Valid	CI_LO_OR	CI_HI_OR	Used_Ridge	Final_Is_MLE	Used_Firth	Inference_Type	Coef_Source	P_Value_Method	N_Total_Used	N_Cases_Used	N_Controls_Used	Model_Notes	Inversion	Skip_Reason	P_LRT_Overall	P_Value_lrt	P_Overall_Valid	P_Source_lrt	P_Method	Q_GLOBAL	Sig_Global	CI_Valid_DISPLAY	CI_Method_DISPLAY	CI_Label_DISPLAY	OR_CI95_DISPLAY	CI_LO_OR_DISPLAY	CI_HI_OR_DISPLAY	FINAL_INTERPRETATION
Acne	8688	434	8254	-0.276545855207504	0.7583988417980541	0.37228772709394903	True	lrt_mle	0.412,1.397	wald_mle	two		True	0.41166416644224	1.397179667619505	False	True	False	mle	mle	lrt_mle	8688	434	8254	ridge_seeded_refit;ridge_seeded_refit;inference=mle;ci=wald_mle	chr8-7301025-INV-5297356		0.37228772709394903	0.37228772709394903	True	lrt_mle	lrt_mle	0.9680330620805497	False	True	wald_mle		0.412,1.397	0.41166416644224	1.397179667619505	
Other_skin_and_subcutaneous_disorders	8762	508	8254	-0.251860469103165	0.777353195290699	0.386715776931414	True	lrt_mle	0.438,1.379	wald_mle	two		True	0.438258397240509	1.378816684479959	False	True	False	mle	mle	lrt_mle	8762	508	8254	ridge_seeded_refit;ridge_seeded_refit;inference=mle;ci=wald_mle	chr8-7301025-INV-5297356		0.386715776931414	0.386715776931414	True	lrt_mle	lrt_mle	0.9680330620805497	False	True	wald_mle		0.438,1.379	0.438258397240509	1.378816684479959	
Inflammation_of_the_eye	9375	666	8709	-0.18993729921749503	0.8270109865537421	0.453523360416392	True	lrt_mle	0.502,1.361	wald_mle	two		True	0.502408034365669	1.3613380461642741	False	True	False	mle	mle	lrt_mle	9375	666	8709	ridge_seeded_refit;ridge_seeded_refit;inference=mle;ci=wald_mle	chr8-7301025-INV-5297356		0.453523360416392	0.453523360416392	True	lrt_mle	lrt_mle	0.9680330620805497	False	True	wald_mle		0.502,1.361	0.502408034365669	1.3613380461642741	
Hearing_impairment	9161	452	8709	0.10598716996487001	1.111807611884305	0.7323082893524521	True	lrt_mle	0.606,2.041	lrt_quadratic	two		True	0.6057348112998939	2.040688669008807	False	True	False	mle	mle	lrt_mle	9161	452	8709	ridge_seeded_refit;ridge_seeded_refit;inference=mle;ci=lrt_quadratic	chr8-7301025-INV-5297356		0.7323082893524521	0.7323082893524521	True	lrt_mle	lrt_mle	0.9859210717648742	False	True	lrt_quadratic		0.606,2.041	0.6057348112998939	2.040688669008807	
Abnormal_Papanicolaou_smear	9609	221	9388	-0.065405869706292	0.936687213252489	0.8803844042227441	True	lrt_mle	0.400,2.196	lrt_quadratic	two		True	0.3996005485878175	2.1956499773871023	False	True	False	mle	mle	lrt_mle	5999	219	5780	sex_restricted_to_0;sex_majority_restricted_to_0;ridge_seeded_refit;ridge_seeded_refit;inference=mle;ci=lrt_quadratic	chr8-7301025-INV-5297356		0.8803844042227441	0.8803844042227441	True	lrt_mle	lrt_mle	0.9859210717648742	False	True	lrt_quadratic		0.400,2.196	0.3996005485878175	2.1956499773871023	
Epidermal_thickening	8587	333	8254	-0.018282350637050002	0.9818837577113061	0.9585343753269611	True	lrt_mle	0.493,1.956	lrt_quadratic	two		True	0.4928905276588588	1.956003736238467	False	True	False	mle	mle	lrt_mle	8587	333	8254	ridge_seeded_refit;ridge_seeded_refit;inference=mle;ci=lrt_quadratic	chr8-7301025-INV-5297356		0.9585343753269611	0.9585343753269611	True	lrt_mle	lrt_mle	0.9859210717648742	False	True	lrt_quadratic		0.493,1.956	0.4928905276588588	1.956003736238467	
Abnormal_cytological_findings_in_specimens_from_genital_organs	9695	307	9388	-0.031239637236718003	0.9692432784629581	0.9325998290564371	True	lrt_mle	0.470,1.999	lrt_quadratic	two		True	0.4699159510159163	1.9991501263463332	False	True	False	mle	mle	lrt_mle	6084	304	5780	sex_restricted_to_0;sex_majority_restricted_to_0;ridge_seeded_refit;ridge_seeded_refit;inference=mle;ci=lrt_quadratic	chr8-7301025-INV-5297356		0.9325998290564371	0.9325998290564371	True	lrt_mle	lrt_mle	0.9859210717648742	False	True	lrt_quadratic		0.470,1.999	0.4699159510159163	1.9991501263463332	
Multinodular_goiter	8750	167	8583	-2.130052263391787	0.11883108317465901	8.397620106207889e-05	True	lrt_mle	0.039,0.359	wald_mle	two		True	0.039306898952458	0.35924549391550703	True	True	False	mle	mle	lrt_mle	8750	167	8583	firth_seeded_refit;firth_seeded_refit;inference=mle;ci=wald_mle	chr8-7301025-INV-5297356		8.397620106207889e-05	8.397620106207889e-05	True	lrt_mle	lrt_mle	0.0075578580955871	True	True	wald_mle		0.039,0.359	0.039306898952458	0.35924549391550703	unable to determine
Pure_hypercholesterolemia	9283	700	8583	-0.147494075428998	0.862867550426298	0.5650877025166691	True	lrt_mle	0.521,1.428	wald_mle	two		True	0.5214306199288941	1.427880107386506	False	True	False	mle	mle	lrt_mle	9283	700	8583	ridge_seeded_refit;ridge_seeded_refit;inference=mle;ci=wald_mle	chr8-7301025-INV-5297356		0.5650877025166691	0.5650877025166691	True	lrt_mle	lrt_mle	0.9859210717648742	False	True	wald_mle		0.521,1.428	0.5214306199288941	1.427880107386506	
Benign_sarcoma_related_cancers	8689	410	8279	0.056515937401757005	1.058143478723579	0.861551755267957	True	lrt_mle	0.561,1.997	lrt_quadratic	two		True	0.5606650900956963	1.9970346671203099	False	True	False	mle	mle	lrt_mle	8689	410	8279	ridge_seeded_refit;ridge_seeded_refit;inference=mle;ci=lrt_quadratic	chr8-7301025-INV-5297356		0.861551755267957	0.861551755267957	True	lrt_mle	lrt_mle	0.9859210717648742	False	True	lrt_quadratic		0.561,1.997	0.5606650900956963	1.9970346671203099	
Melanocytic_nevi	8742	463	8279	0.072636763587205	1.075339863371065	0.808550005989997	True	lrt_mle	0.598,1.935	lrt_quadratic	two		True	0.5975430326002547	1.9351841769837523	False	True	False	mle	mle	lrt_mle	8742	463	8279	ridge_seeded_refit;ridge_seeded_refit;inference=mle;ci=lrt_quadratic	chr8-7301025-INV-5297356		0.808550005989997	0.808550005989997	True	lrt_mle	lrt_mle	0.9859210717648742	False	True	lrt_quadratic		0.598,1.935	0.5975430326002547	1.9351841769837523	
Migraine	9560	382	9178	0.334969766554964	1.397898121307561	0.28800765638194104	True	lrt_mle	0.756,2.583	wald_mle	two		True	0.7564977306516271	2.5831130463167202	False	True	False	mle	mle	lrt_mle	9560	382	9178	ridge_seeded_refit;ridge_seeded_refit;inference=mle;ci=wald_mle	chr8-7301025-INV-5297356		0.28800765638194104	0.28800765638194104	True	lrt_mle	lrt_mle	0.9680330620805497	False	True	wald_mle		0.756,2.583	0.7564977306516271	2.5831130463167202	
Other_follicular_disorders	9019	765	8254	-0.05299728867801701	0.948382583849359	0.8215037982005481	True	lrt_mle	0.598,1.503	lrt_quadratic	two		True	0.598455369691514	1.5029182975038187	False	True	False	mle	mle	lrt_mle	9019	765	8254	ridge_seeded_refit;ridge_seeded_refit;inference=mle;ci=lrt_quadratic	chr8-7301025-INV-5297356		0.8215037982005481	0.8215037982005481	True	lrt_mle	lrt_mle	0.9859210717648742	False	True	lrt_quadratic		0.598,1.503	0.598455369691514	1.5029182975038187	
Uninodular_goiter_single_thyroid_nodule	8841	258	8583	-1.84110597048021	0.158641875816517	1.786194492633193e-05	True	lrt_mle	0.066,0.380	wald_mle	two		True	0.066274712250405	0.379741290576921	False	True	False	mle	mle	lrt_mle	8841	258	8583	ridge_seeded_refit;ridge_seeded_refit;inference=mle;ci=wald_mle	chr8-7301025-INV-5297356		1.786194492633193e-05	1.786194492633193e-05	True	lrt_mle	lrt_mle	0.0032151500867397473	True	True	wald_mle		0.066,0.380	0.066274712250405	0.379741290576921	unable to determine
Benign_neoplasm_of_the_skin	8992	713	8279	-0.16766085084659002	0.8456405843447261	0.5001504154082841	True	lrt_mle	0.519,1.379	wald_mle	two		True	0.518658907606078	1.378763552315224	False	True	False	mle	mle	lrt_mle	8992	713	8279	ridge_seeded_refit;ridge_seeded_refit;inference=mle;ci=wald_mle	chr8-7301025-INV-5297356		0.5001504154082841	0.5001504154082841	True	lrt_mle	lrt_mle	0.9680330620805497	False	True	wald_mle		0.519,1.379	0.518658907606078	1.378763552315224	
Disorder_of_nervous_system	9305	127	9178	-0.780067805417315	0.45837492994808104	0.18106186309949301	True	lrt_mle	0.143,1.465	wald_mle	two		True	0.143457776474812	1.464595238877121	True	True	False	mle	mle	lrt_mle	9305	127	9178	firth_seeded_refit;firth_seeded_refit;inference=mle;ci=wald_mle	chr8-7301025-INV-5297356		0.18106186309949301	0.18106186309949301	True	lrt_mle	lrt_mle	0.9680330620805497	False	True	wald_mle		0.143,1.465	0.143457776474812	1.464595238877121	
Pain_in_shoulder	9639	799	8840	0.20258333972089002	1.224562135536017	0.385099256951471	True	lrt_mle	0.776,1.931	wald_mle	two		True	0.7764123417995421	1.931386639621053	False	True	False	mle	mle	lrt_mle	9639	799	8840	ridge_seeded_refit;ridge_seeded_refit;inference=mle;ci=wald_mle	chr8-7301025-INV-5297356		0.385099256951471	0.385099256951471	True	lrt_mle	lrt_mle	0.9680330620805497	False	True	wald_mle		0.776,1.931	0.7764123417995421	1.931386639621053	
Morbid_obesity	8755	172	8583	0.39950565325289705	1.491087401209805	0.39024476012101	True	lrt_mle	0.599,3.709	lrt_quadratic	two		True	0.5993829001858911	3.709384497550844	True	True	False	mle	mle	lrt_mle	8755	172	8583	firth_seeded_refit;firth_seeded_refit;inference=mle;ci=lrt_quadratic	chr8-7301025-INV-5297356		0.39024476012101	0.39024476012101	True	lrt_mle	lrt_mle	0.9680330620805497	False	True	lrt_quadratic		0.599,3.709	0.5993829001858911	3.709384497550844	
Skin_changes_due_to_chronic_exposure_to_nonionizing_radiation	8354	100	8254	-0.9663746273851531	0.380459849587827	0.13991816212073402	True	lrt_mle	0.105,1.373	lrt_quadratic	two		True	0.10544883517425928	1.3727007691378157	True	True	False	mle	mle	lrt_mle	8354	100	8254	firth_seeded_refit;firth_seeded_refit;inference=mle;ci=lrt_quadratic	chr8-7301025-INV-5297356		0.13991816212073402	0.13991816212073402	True	lrt_mle	lrt_mle	0.9680330620805497	False	True	lrt_quadratic		0.105,1.373	0.10544883517425928	1.3727007691378157	
Conjunctivitis	9164	455	8709	-0.198271879319653	0.8201468418577471	0.5093883008735011	True	lrt_mle	0.454,1.481	wald_mle	two		True	0.45406246082375806	1.4813839509853621	False	True	False	mle	mle	lrt_mle	9164	455	8709	ridge_seeded_refit;ridge_seeded_refit;inference=mle;ci=wald_mle	chr8-7301025-INV-5297356		0.5093883008735011	0.5093883008735011	True	lrt_mle	lrt_mle	0.9754244059279807	False	True	wald_mle		0.454,1.481	0.45406246082375806	1.4813839509853621	
Skin_changes_due_to_solar_radiation	8382	128	8254	-0.840433156441548	0.431523565728861	0.148812956248409	True	lrt_mle	0.135,1.377	wald_mle	two		True	0.13527474115721	1.376551055920651	True	True	False	mle	mle	lrt_mle	8382	128	8254	firth_seeded_refit;firth_seeded_refit;inference=mle;ci=wald_mle	chr8-7301025-INV-5297356		0.148812956248409	0.148812956248409	True	lrt_mle	lrt_mle	0.9680330620805497	False	True	wald_mle		0.135,1.377	0.13527474115721	1.376551055920651	
Sensorineural_hearing_loss	8970	261	8709	-0.000868043924593	0.9991323327165451	0.998307033024423	True	lrt_mle	0.448,2.228	lrt_quadratic	two		True	0.4481193305372414	2.2276776524744126	False	True	False	mle	mle	lrt_mle	8970	261	8709	ridge_seeded_refit;ridge_seeded_refit;inference=mle;ci=lrt_quadratic	chr8-7301025-INV-5297356		0.998307033024423	0.998307033024423	True	lrt_mle	lrt_mle	0.999143360799542	False	True	lrt_quadratic		0.448,2.228	0.4481193305372414	2.2276776524744126	
Goiter	8981	398	8583	-1.091140946953689	0.33583310727583804	0.001346597897535	True	lrt_mle	0.170,0.664	wald_mle	two		True	0.169889287771007	0.663866906632542	False	True	False	mle	mle	lrt_mle	8981	398	8583	ridge_seeded_refit;ridge_seeded_refit;inference=mle;ci=wald_mle	chr8-7301025-INV-5297356		0.001346597897535	0.001346597897535	True	lrt_mle	lrt_mle	0.0807958738521	False	True	wald_mle		0.170,0.664	0.169889287771007	0.663866906632542	
Urinary_incontinence_and_enuresis	9695	273	9422	-0.36460791221473604	0.6944688902727421	0.348511114224051	True	lrt_mle	0.322,1.496	wald_mle	two		True	0.322394824560975	1.49595155633597	False	True	False	mle	mle	lrt_mle	9695	273	9422	ridge_seeded_refit;ridge_seeded_refit;inference=mle;ci=wald_mle	chr8-7301025-INV-5297356		0.348511114224051	0.348511114224051	True	lrt_mle	lrt_mle	0.9680330620805497	False	True	wald_mle		0.322,1.496	0.322394824560975	1.49595155633597	
Viral_infections	9695	1613	8082	0.041165994097036	1.042025061199396	0.8106600160789561	True	lrt_mle	0.744,1.459	lrt_quadratic	two		True	0.7440748481735693	1.4592836067942438	False	True	False	mle	mle	lrt_mle	9695	1613	8082	ridge_seeded_refit;ridge_seeded_refit;inference=mle;ci=lrt_quadratic	chr8-7301025-INV-5297356		0.8106600160789561	0.8106600160789561	True	lrt_mle	lrt_mle	0.9859210717648742	False	True	lrt_quadratic		0.744,1.459	0.7440748481735693	1.4592836067942438	
Scar_conditions_and_fibrosis_of_skin	8404	150	8254	0.06460254407355301	1.066734959984526	0.8996141872634991	True	lrt_mle	0.391,2.911	lrt_quadratic	two		True	0.3909707281210884	2.9105081097037035	True	True	False	mle	mle	lrt_mle	8404	150	8254	firth_seeded_refit;firth_seeded_refit;inference=mle;ci=lrt_quadratic	chr8-7301025-INV-5297356		0.8996141872634991	0.8996141872634991	True	lrt_mle	lrt_mle	0.9859210717648742	False	True	lrt_quadratic		0.391,2.911	0.3909707281210884	2.9105081097037035	
Abnormal_mammogram	8635	356	8279	-0.24791313876400303	0.7804277292511731	0.49333083687598805	True	lrt_mle	0.383,1.590	wald_mle	two		True	0.38296734055840304	1.5903900308994081	False	True	False	mle	mle	lrt_mle	5299	356	4943	sex_restricted_to_0;sex_majority_restricted_to_0;ridge_seeded_refit;ridge_seeded_refit;inference=mle;ci=wald_mle	chr8-7301025-INV-5297356		0.49333083687598805	0.49333083687598805	True	lrt_mle	lrt_mle	0.9680330620805497	False	True	wald_mle		0.383,1.590	0.38296734055840304	1.5903900308994081	
Lump_or_mass_in_breast_or_nonspecific_abnormal_breast_exam	9065	786	8279	-0.148726903158151	0.8618044388349201	0.5564255981784301	True	lrt_mle	0.525,1.416	wald_mle	two		True	0.524513875865046	1.415990929831311	False	True	False	mle	mle	lrt_mle	9065	786	8279	ridge_seeded_refit;ridge_seeded_refit;inference=mle;ci=wald_mle	chr8-7301025-INV-5297356		0.5564255981784301	0.5564255981784301	True	lrt_mle	lrt_mle	0.9859210717648742	False	True	wald_mle		0.525,1.416	0.524513875865046	1.415990929831311	
Aphagia_and_dysphagia	9695	283	9412	-0.41757288474865806	0.6586434850337121	0.27870465109442805	True	lrt_mle	0.309,1.402	lrt_quadratic	two		True	0.30940192603684086	1.402096121165387	False	True	False	mle	mle	lrt_mle	9695	283	9412	ridge_seeded_refit;ridge_seeded_refit;inference=mle;ci=lrt_quadratic	chr8-7301025-INV-5297356		0.27870465109442805	0.27870465109442805	True	lrt_mle	lrt_mle	0.9680330620805497	False	True	lrt_quadratic		0.309,1.402	0.30940192603684086	1.402096121165387	
Hypertrophic_conditions_of_skin	8582	328	8254	-0.34638078419649104	0.7072431288195351	0.332072332332275	True	lrt_mle	0.349,1.431	wald_mle	two		True	0.34947997569031103	1.431248935720674	False	True	False	mle	mle	lrt_mle	8582	328	8254	ridge_seeded_refit;ridge_seeded_refit;inference=mle;ci=wald_mle	chr8-7301025-INV-5297356		0.332072332332275	0.332072332332275	True	lrt_mle	lrt_mle	0.9680330620805497	False	True	wald_mle		0.349,1.431	0.34947997569031103	1.431248935720674	
Acne	8688	434	8254													False	False	False				8688	434	8254	dropped_rank_def=chr6-141867315-INV-29159	chr6-141867315-INV-29159	target_dropped_in_pruning			False				False	False						
Other_skin_and_subcutaneous_disorders	8762	508	8254													False	False	False				8762	508	8254	dropped_rank_def=chr6-141867315-INV-29159	chr6-141867315-INV-29159	target_dropped_in_pruning			False				False	False						
Inflammation_of_the_eye	9375	666	8709													False	False	False				9375	666	8709	dropped_rank_def=chr6-141867315-INV-29159	chr6-141867315-INV-29159	target_dropped_in_pruning			False				False	False						
Hearing_impairment	9161	452	8709													False	False	False				9161	452	8709	dropped_rank_def=chr6-141867315-INV-29159	chr6-141867315-INV-29159	target_dropped_in_pruning			False				False	False						
Abnormal_Papanicolaou_smear	9609	221	9388													False	False	False				5999	219	5780	sex_restricted_to_0;sex_majority_restricted_to_0;dropped_rank_def=chr6-141867315-INV-29159	chr6-141867315-INV-29159	target_dropped_in_pruning			False				False	False						
Epidermal_thickening	8587	333	8254													False	False	False				8587	333	8254	dropped_rank_def=chr6-141867315-INV-29159	chr6-141867315-INV-29159	target_dropped_in_pruning			False				False	False						
Abnormal_cytological_findings_in_specimens_from_genital_organs	9695	307	9388													False	False	False				6084	304	5780	sex_restricted_to_0;sex_majority_restricted_to_0;dropped_rank_def=chr6-141867315-INV-29159	chr6-141867315-INV-29159	target_dropped_in_pruning			False				False	False						
Multinodular_goiter	8750	167	8583													False	False	False				8750	167	8583	dropped_rank_def=chr6-141867315-INV-29159	chr6-141867315-INV-29159	target_dropped_in_pruning			False				False	False						
Pure_hypercholesterolemia	9283	700	8583													False	False	False				9283	700	8583	dropped_rank_def=chr6-141867315-INV-29159	chr6-141867315-INV-29159	target_dropped_in_pruning			False				False	False						
Benign_sarcoma_related_cancers	8689	410	8279													False	False	False				8689	410	8279	dropped_rank_def=chr6-141867315-INV-29159	chr6-141867315-INV-29159	target_dropped_in_pruning			False				False	False						
Melanocytic_nevi	8742	463	8279													False	False	False				8742	463	8279	dropped_rank_def=chr6-141867315-INV-29159	chr6-141867315-INV-29159	target_dropped_in_pruning			False				False	False						
Migraine	9560	382	9178													False	False	False				9560	382	9178	dropped_rank_def=chr6-141867315-INV-29159	chr6-141867315-INV-29159	target_dropped_in_pruning			False				False	False						
Other_follicular_disorders	9019	765	8254													False	False	False				9019	765	8254	dropped_rank_def=chr6-141867315-INV-29159	chr6-141867315-INV-29159	target_dropped_in_pruning			False				False	False						
Uninodular_goiter_single_thyroid_nodule	8841	258	8583													False	False	False				8841	258	8583	dropped_rank_def=chr6-141867315-INV-29159	chr6-141867315-INV-29159	target_dropped_in_pruning			False				False	False						
Benign_neoplasm_of_the_skin	8992	713	8279													False	False	False				8992	713	8279	dropped_rank_def=chr6-141867315-INV-29159	chr6-141867315-INV-29159	target_dropped_in_pruning			False				False	False						
Disorder_of_nervous_system	9305	127	9178													False	False	False				9305	127	9178	dropped_rank_def=chr6-141867315-INV-29159	chr6-141867315-INV-29159	target_dropped_in_pruning			False				False	False						
Pain_in_shoulder	9639	799	8840													False	False	False				9639	799	8840	dropped_rank_def=chr6-141867315-INV-29159	chr6-141867315-INV-29159	target_dropped_in_pruning			False				False	False						
Morbid_obesity	8755	172	8583													False	False	False				8755	172	8583	dropped_rank_def=chr6-141867315-INV-29159	chr6-141867315-INV-29159	target_dropped_in_pruning			False				False	False						
Skin_changes_due_to_chronic_exposure_to_nonionizing_radiation	8354	100	8254													False	False	False				8354	100	8254	dropped_rank_def=chr6-141867315-INV-29159	chr6-141867315-INV-29159	target_dropped_in_pruning			False				False	False						
Conjunctivitis	9164	455	8709													False	False	False				9164	455	8709	dropped_rank_def=chr6-141867315-INV-29159	chr6-141867315-INV-29159	target_dropped_in_pruning			False				False	False						
Skin_changes_due_to_solar_radiation	8382	128	8254													False	False	False				8382	128	8254	dropped_rank_def=chr6-141867315-INV-29159	chr6-141867315-INV-29159	target_dropped_in_pruning			False				False	False						
Sensorineural_hearing_loss	8970	261	8709													False	False	False				8970	261	8709	dropped_rank_def=chr6-141867315-INV-29159	chr6-141867315-INV-29159	target_dropped_in_pruning			False				False	False						
Goiter	8981	398	8583													False	False	False				8981	398	8583	dropped_rank_def=chr6-141867315-INV-29159	chr6-141867315-INV-29159	target_dropped_in_pruning			False				False	False						
Urinary_incontinence_and_enuresis	9695	273	9422													False	False	False				9695	273	9422	dropped_rank_def=chr6-141867315-INV-29159	chr6-141867315-INV-29159	target_dropped_in_pruning			False				False	False						
Viral_infections	9695	1613	8082													False	False	False				9695	1613	8082	dropped_rank_def=chr6-141867315-INV-29159	chr6-141867315-INV-29159	target_dropped_in_pruning			False				False	False						
Scar_conditions_and_fibrosis_of_skin	8404	150	8254													False	False	False				8404	150	8254	dropped_rank_def=chr6-141867315-INV-29159	chr6-141867315-INV-29159	target_dropped_in_pruning			False				False	False						
Abnormal_mammogram	8635	356	8279													False	False	False				5299	356	4943	sex_restricted_to_0;sex_majority_restricted_to_0;dropped_rank_def=chr6-141867315-INV-29159	chr6-141867315-INV-29159	target_dropped_in_pruning			False				False	False						
Lump_or_mass_in_breast_or_nonspecific_abnormal_breast_exam	9065	786	8279													False	False	False				9065	786	8279	dropped_rank_def=chr6-141867315-INV-29159	chr6-141867315-INV-29159	target_dropped_in_pruning			False				False	False						
Aphagia_and_dysphagia	9695	283	9412													False	False	False				9695	283	9412	dropped_rank_def=chr6-141867315-INV-29159	chr6-141867315-INV-29159	target_dropped_in_pruning			False				False	False						
Hypertrophic_conditions_of_skin	8582	328	8254													False	False	False				8582	328	8254	dropped_rank_def=chr6-141867315-INV-29159	chr6-141867315-INV-29159	target_dropped_in_pruning			False				False	False						
Acne	8688	434	8254	-1.6724790912941612	0.187780961972659	0.545529119474361	True	score_chi2	0.105,0.402	profile_penalized	two		True	0.105139869080711	0.40203288992157904	True	False	True	firth	firth	score_chi2	8688	434	8254	firth_refit;ridge_seeded_refit;inference=firth;ci=profile_penalized	chr4-33098029-INV-7075			0.545529119474361	True	score_chi2	score_chi2	0.9859210717648742	False	True	profile_penalized		0.105,0.402	0.105139869080711	0.40203288992157904	
Other_skin_and_subcutaneous_disorders	8762	508	8254	1.860353530205721	6.426008157889642	0.757568137267233	True	score_chi2		profile_penalized	two		False			True	False	True	firth	firth	score_chi2	8762	508	8254	firth_refit;ridge_seeded_refit;inference=firth;ci=profile_penalized	chr4-33098029-INV-7075			0.757568137267233	True	score_chi2	score_chi2	0.9859210717648742	False	False						
Inflammation_of_the_eye	9375	666	8709	-2.410375069135606	0.08978161394402501	0.369806388821237	True	score_chi2	0.060,0.139	profile_penalized	two		True	0.060372444175958	0.139268808287004	True	False	True	firth	firth	score_chi2	9375	666	8709	firth_refit;ridge_seeded_refit;inference=firth;ci=profile_penalized	chr4-33098029-INV-7075			0.369806388821237	True	score_chi2	score_chi2	0.9680330620805497	False	True	profile_penalized		0.060,0.139	0.060372444175958	0.139268808287004	
Hearing_impairment	9161	452	8709	0.23291630854335102	1.262275833203311	0.653916924673095	True	score_chi2	0.884,1.755	profile_penalized	two		True	0.88397099965234	1.75482953375436	True	False	True	firth	firth	score_chi2	9161	452	8709	firth_refit;ridge_seeded_refit;inference=firth;ci=profile_penalized	chr4-33098029-INV-7075			0.653916924673095	True	score_chi2	score_chi2	0.9859210717648742	False	True	profile_penalized		0.884,1.755	0.88397099965234	1.75482953375436	
Abnormal_Papanicolaou_smear	9609	221	9388	-5.745735170088962	0.0031963838018840003	0.37582615302265304	True	score_chi2	0.002,0.007	profile_penalized	two		True	0.0016345270439740002	0.0072929146425390005	True	False	True	firth	firth	score_chi2	5999	219	5780	sex_restricted_to_0;sex_majority_restricted_to_0;firth_refit;ridge_seeded_refit;inference=firth;ci=profile_penalized	chr4-33098029-INV-7075			0.37582615302265304	True	score_chi2	score_chi2	0.9680330620805497	False	True	profile_penalized		0.002,0.007	0.0016345270439740002	0.0072929146425390005	
Epidermal_thickening	8587	333	8254	2.379726012015727	10.801942855897142	0.7285674960185301	True	score_chi2		profile_penalized	two		False			True	False	True	firth	firth	score_chi2	8587	333	8254	firth_refit;ridge_seeded_refit;inference=firth;ci=profile_penalized	chr4-33098029-INV-7075			0.7285674960185301	True	score_chi2	score_chi2	0.9859210717648742	False	False						
Abnormal_cytological_findings_in_specimens_from_genital_organs	9695	307	9388	-5.736592309973602	0.0032257418958250004	0.34432565908664203	True	score_chi2	0.002,0.006	profile_penalized	two		True	0.001865839627618	0.006136796851084	True	False	True	firth	firth	score_chi2	6084	304	5780	sex_restricted_to_0;sex_majority_restricted_to_0;firth_refit;ridge_seeded_refit;inference=firth;ci=profile_penalized	chr4-33098029-INV-7075			0.34432565908664203	True	score_chi2	score_chi2	0.9680330620805497	False	True	profile_penalized		0.002,0.006	0.001865839627618	0.006136796851084	
Multinodular_goiter	8750	167	8583	2.707595303730971	14.993178091183253	0.947931259273132	True	score_chi2		profile_penalized	two		False			True	False	True	firth	firth	score_chi2	8750	167	8583	firth_refit;firth_seeded_refit;inference=firth;ci=profile_penalized	chr4-33098029-INV-7075			0.947931259273132	True	score_chi2	score_chi2	0.9859210717648742	False	False						
Pure_hypercholesterolemia	9283	700	8583	-0.22209785994028702	0.8008369906398151	0.9358858520147371	True	lrt_mle	0.004,179.345	lrt_quadratic	two		True	0.003576007618084325	179.3452235206936	False	True	False	mle	mle	lrt_mle	9283	700	8583	ridge_seeded_refit;ridge_seeded_refit;inference=mle;ci=lrt_quadratic	chr4-33098029-INV-7075		0.9358858520147371	0.9358858520147371	True	lrt_mle	lrt_mle	0.9859210717648742	False	True	lrt_quadratic		0.004,179.345	0.003576007618084325	179.3452235206936	
Benign_sarcoma_related_cancers	8689	410	8279	-4.57121837689984	0.010345347503539	0.307872062028944	True	score_chi2	0.006,0.021	profile_penalized	two		True	0.005973939470563	0.021329518698469	True	False	True	firth	firth	score_chi2	8689	410	8279	firth_refit;ridge_seeded_refit;inference=firth;ci=profile_penalized	chr4-33098029-INV-7075			0.307872062028944	True	score_chi2	score_chi2	0.9680330620805497	False	True	profile_penalized		0.006,0.021	0.005973939470563	0.021329518698469	
Melanocytic_nevi	8742	463	8279	-5.886700958048572	0.00277612014313	0.252397750548466	True	score_chi2	0.002,0.004	profile_penalized	two		True	0.0018267661438790001	0.004452242254665	True	False	True	firth	firth	score_chi2	8742	463	8279	firth_refit;ridge_seeded_refit;inference=firth;ci=profile_penalized	chr4-33098029-INV-7075			0.252397750548466	True	score_chi2	score_chi2	0.9680330620805497	False	True	profile_penalized		0.002,0.004	0.0018267661438790001	0.004452242254665	
Migraine	9560	382	9178	1.055792299034261	2.8742515187039412	0.8749392033979371	True	score_chi2	2.270,3.633	profile_penalized	two		True	2.269839639222047	3.632942661187558	True	False	True	firth	firth	score_chi2	9560	382	9178	firth_refit;ridge_seeded_refit;inference=firth;ci=profile_penalized	chr4-33098029-INV-7075			0.8749392033979371	True	score_chi2	score_chi2	0.9859210717648742	False	True	profile_penalized		2.270,3.633	2.269839639222047	3.632942661187558	
Other_follicular_disorders	9019	765	8254	-0.7684076968193511	0.463750912772727	0.7847902732487471	True	lrt_mle	0.002,115.193	lrt_quadratic	two		True	0.0018669944632245348	115.19311563789725	False	True	False	mle	mle	lrt_mle	9019	765	8254	ridge_seeded_refit;ridge_seeded_refit;inference=mle;ci=lrt_quadratic	chr4-33098029-INV-7075		0.7847902732487471	0.7847902732487471	True	lrt_mle	lrt_mle	0.9859210717648742	False	True	lrt_quadratic		0.002,115.193	0.0018669944632245348	115.19311563789725	
Uninodular_goiter_single_thyroid_nodule	8841	258	8583	1.716063311428306	5.562587131326116	0.9750160129730301	True	score_chi2		profile_penalized	two		False			True	False	True	firth	firth	score_chi2	8841	258	8583	firth_refit;ridge_seeded_refit;inference=firth;ci=profile_penalized	chr4-33098029-INV-7075			0.9750160129730301	True	score_chi2	score_chi2	0.9971754678133262	False	False						
Benign_neoplasm_of_the_skin	8992	713	8279	-1.184537668382516	0.30588756830615804	0.48588907806519505	True	score_chi2	0.223,0.418	profile_penalized	two		True	0.22272824827702603	0.41755038296530905	True	False	True	firth	firth	score_chi2	8992	713	8279	firth_refit;ridge_seeded_refit;inference=firth;ci=profile_penalized	chr4-33098029-INV-7075			0.48588907806519505	True	score_chi2	score_chi2	0.9680330620805497	False	True	profile_penalized		0.223,0.418	0.22272824827702603	0.41755038296530905	
Disorder_of_nervous_system	9305	127	9178	1.040026939466388	2.8292932329748632	0.47325376648076906	True	score_chi2	1.546,4.584	profile_penalized	two		True	1.545887568242366	4.583502239244606	True	False	True	firth	firth	score_chi2	9305	127	9178	firth_refit;firth_seeded_refit;inference=firth;ci=profile_penalized	chr4-33098029-INV-7075			0.47325376648076906	True	score_chi2	score_chi2	0.9680330620805497	False	True	profile_penalized		1.546,4.584	1.545887568242366	4.583502239244606	
Pain_in_shoulder	9639	799	8840	-4.706758246696301	0.009034016216527	0.213542537085183	True	score_chi2	0.006,0.013	profile_penalized	two		True	0.006497700008204	0.013038214507133002	True	False	True	firth	firth	score_chi2	9639	799	8840	firth_refit;ridge_seeded_refit;inference=firth;ci=profile_penalized	chr4-33098029-INV-7075			0.213542537085183	True	score_chi2	score_chi2	0.9680330620805497	False	True	profile_penalized		0.006,0.013	0.006497700008204	0.013038214507133002	
Morbid_obesity	8755	172	8583	-8.713364306465504	0.000164374317609	0.269414186240898	True	score_chi2	8.203e-05,3.630e-04	profile_penalized	two		True	8.202970805467041e-05	0.000362982340429	True	False	True	firth	firth	score_chi2	8755	172	8583	firth_refit;firth_seeded_refit;inference=firth;ci=profile_penalized	chr4-33098029-INV-7075			0.269414186240898	True	score_chi2	score_chi2	0.9680330620805497	False	True	profile_penalized		8.203e-05,3.630e-04	8.202970805467041e-05	0.000362982340429	
Skin_changes_due_to_chronic_exposure_to_nonionizing_radiation	8354	100	8254	2.722277173483199	15.214929861054507	0.956023681306537	True	score_chi2		profile_penalized	two		False			True	False	True	firth	firth	score_chi2	8354	100	8254	firth_refit;firth_seeded_refit;inference=firth;ci=profile_penalized	chr4-33098029-INV-7075			0.956023681306537	True	score_chi2	score_chi2	0.9859210717648742	False	False						
Conjunctivitis	9164	455	8709	-0.63821313861668	0.528235464803929	0.5946822913199741	True	score_chi2	0.331,0.825	profile_penalized	two		True	0.330516846958378	0.825058946355893	True	False	True	firth	firth	score_chi2	9164	455	8709	firth_refit;ridge_seeded_refit;inference=firth;ci=profile_penalized	chr4-33098029-INV-7075			0.5946822913199741	True	score_chi2	score_chi2	0.9859210717648742	False	True	profile_penalized		0.331,0.825	0.330516846958378	0.825058946355893	
Skin_changes_due_to_solar_radiation	8382	128	8254	2.6609748401533633	14.310232490519986	0.8729209396502531	True	score_chi2		profile_penalized	two		False			True	False	True	firth	firth	score_chi2	8382	128	8254	firth_refit;firth_seeded_refit;inference=firth;ci=profile_penalized	chr4-33098029-INV-7075			0.8729209396502531	True	score_chi2	score_chi2	0.9859210717648742	False	False						
Sensorineural_hearing_loss	8970	261	8709	1.3390685621094311	3.815487959681753	0.6855570673770871	True	score_chi2	2.884,5.036	profile_penalized	two		True	2.8837176333565733	5.036165310703222	True	False	True	firth	firth	score_chi2	8970	261	8709	firth_refit;ridge_seeded_refit;inference=firth;ci=profile_penalized	chr4-33098029-INV-7075			0.6855570673770871	True	score_chi2	score_chi2	0.9859210717648742	False	True	profile_penalized		2.884,5.036	2.8837176333565733	5.036165310703222	
Goiter	8981	398	8583	1.100713090110672	3.006309029015979	0.8925881002448841	True	score_chi2	2.395,3.771	profile_penalized	two		True	2.394862779008676	3.770502258889759	True	False	True	firth	firth	score_chi2	8981	398	8583	firth_refit;ridge_seeded_refit;inference=firth;ci=profile_penalized	chr4-33098029-INV-7075			0.8925881002448841	True	score_chi2	score_chi2	0.9859210717648742	False	True	profile_penalized		2.395,3.771	2.394862779008676	3.770502258889759	
Urinary_incontinence_and_enuresis	9695	273	9422	1.052500003465329	2.864804193392007	0.923409106697132	True	score_chi2	2.194,3.722	profile_penalized	two		True	2.193920754597199	3.722437816491712	True	False	True	firth	firth	score_chi2	9695	273	9422	firth_refit;ridge_seeded_refit;inference=firth;ci=profile_penalized	chr4-33098029-INV-7075			0.923409106697132	True	score_chi2	score_chi2	0.9859210717648742	False	True	profile_penalized		2.194,3.722	2.193920754597199	3.722437816491712	
Viral_infections	9695	1613	8082	-1.223184907854871	0.294291381811979	0.588437789274708	True	lrt_mle	0.003,29.264	wald_mle	two		True	0.002959539870254	29.263811675345384	False	True	False	mle	mle	lrt_mle	9695	1613	8082	ridge_seeded_refit;ridge_seeded_refit;inference=mle;ci=wald_mle	chr4-33098029-INV-7075		0.588437789274708	0.588437789274708	True	lrt_mle	lrt_mle	0.9859210717648742	False	True	wald_mle		0.003,29.264	0.002959539870254	29.263811675345384	
Scar_conditions_and_fibrosis_of_skin	8404	150	8254	-11.717842177333191	8.14715169287031e-06	0.270733180349967	True	score_chi2	4.007e-06,1.803e-05	profile_penalized	two		True	4.00741558519641e-06	1.8026351360451723e-05	True	False	True	firth	firth	score_chi2	8404	150	8254	firth_refit;firth_seeded_refit;inference=firth;ci=profile_penalized	chr4-33098029-INV-7075			0.270733180349967	True	score_chi2	score_chi2	0.9680330620805497	False	True	profile_penalized		4.007e-06,1.803e-05	4.00741558519641e-06	1.8026351360451723e-05	
Abnormal_mammogram	8635	356	8279	-1.3028063503718221	0.271768045508122	0.40958732855873203	True	score_chi2	0.184,0.390	profile_penalized	two		True	0.184363625567652	0.38969400749458505	True	False	True	firth	firth	score_chi2	5299	356	4943	sex_restricted_to_0;sex_majority_restricted_to_0;firth_refit;ridge_seeded_refit;inference=firth;ci=profile_penalized	chr4-33098029-INV-7075			0.40958732855873203	True	score_chi2	score_chi2	0.9680330620805497	False	True	profile_penalized		0.184,0.390	0.184363625567652	0.38969400749458505	
Lump_or_mass_in_breast_or_nonspecific_abnormal_breast_exam	9065	786	8279	-4.58653957949397	0.01018805239061	0.154590405148871	True	score_chi2	0.007,0.016	profile_penalized	two		True	0.006955908348558	0.015841207148105	True	False	True	firth	firth	score_chi2	9065	786	8279	firth_refit;ridge_seeded_refit;inference=firth;ci=profile_penalized	chr4-33098029-INV-7075			0.154590405148871	True	score_chi2	score_chi2	0.9680330620805497	False	True	profile_penalized		0.007,0.016	0.006955908348558	0.015841207148105	
Aphagia_and_dysphagia	9695	283	9412	-8.59396966273985	0.000185219367934	0.27619333534926704	True	score_chi2	1.116e-04,3.240e-04	profile_penalized	two		True	0.00011159068366800001	0.00032403624095600004	True	False	True	firth	firth	score_chi2	9695	283	9412	firth_refit;ridge_seeded_refit;inference=firth;ci=profile_penalized	chr4-33098029-INV-7075			0.27619333534926704	True	score_chi2	score_chi2	0.9680330620805497	False	True	profile_penalized		1.116e-04,3.240e-04	0.00011159068366800001	0.00032403624095600004	
Hypertrophic_conditions_of_skin	8582	328	8254	-5.848997637509998	0.002882787308224	0.28852939936383	True	score_chi2	0.002,0.005	profile_penalized	two		True	0.001789015814999	0.004950061997651	True	False	True	firth	firth	score_chi2	8582	328	8254	firth_refit;ridge_seeded_refit;inference=firth;ci=profile_penalized	chr4-33098029-INV-7075			0.28852939936383	True	score_chi2	score_chi2	0.9680330620805497	False	True	profile_penalized		0.002,0.005	0.001789015814999	0.004950061997651	
Acne	8688	434	8254	0.195050228081385	1.215372030761925	0.768753695083074	True	lrt_mle	0.331,4.461	lrt_quadratic	two		True	0.3311326016336809	4.460838847853625	False	True	False	mle	mle	lrt_mle	8688	434	8254	ridge_seeded_refit;ridge_seeded_refit;inference=mle;ci=lrt_quadratic	chr12-46897663-INV-16289		0.768753695083074	0.768753695083074	True	lrt_mle	lrt_mle	0.9859210717648742	False	True	lrt_quadratic		0.331,4.461	0.3311326016336809	4.460838847853625	
Other_skin_and_subcutaneous_disorders	8762	508	8254	0.346195787958383	1.4136793701218981	0.6061995296147711	True	lrt_mle	0.379,5.272	lrt_quadratic	two		True	0.37906498725962334	5.272154983122906	False	True	False	mle	mle	lrt_mle	8762	508	8254	ridge_seeded_refit;ridge_seeded_refit;inference=mle;ci=lrt_quadratic	chr12-46897663-INV-16289		0.6061995296147711	0.6061995296147711	True	lrt_mle	lrt_mle	0.9859210717648742	False	True	lrt_quadratic		0.379,5.272	0.37906498725962334	5.272154983122906	
Inflammation_of_the_eye	9375	666	8709	-0.085556148768966	0.9180015969474691	0.893566368824071	True	lrt_mle	0.262,3.215	lrt_quadratic	two		True	0.2621367870044782	3.2148365806578236	False	True	False	mle	mle	lrt_mle	9375	666	8709	ridge_seeded_refit;ridge_seeded_refit;inference=mle;ci=lrt_quadratic	chr12-46897663-INV-16289		0.893566368824071	0.893566368824071	True	lrt_mle	lrt_mle	0.9859210717648742	False	True	lrt_quadratic		0.262,3.215	0.2621367870044782	3.2148365806578236	
Hearing_impairment	9161	452	8709	0.49168838255975106	1.635074522072503	0.53036247905084	True	lrt_mle	0.352,7.596	lrt_quadratic	two		True	0.3519766037126423	7.5955863671929515	False	True	False	mle	mle	lrt_mle	9161	452	8709	ridge_seeded_refit;ridge_seeded_refit;inference=mle;ci=lrt_quadratic	chr12-46897663-INV-16289		0.53036247905084	0.53036247905084	True	lrt_mle	lrt_mle	0.9859210717648742	False	True	lrt_quadratic		0.352,7.596	0.3519766037126423	7.5955863671929515	
Abnormal_Papanicolaou_smear	9609	221	9388	-1.048965709789916	0.350299873537792	0.39588681587108104	True	lrt_mle	0.031,3.946	lrt_quadratic	two		True	0.031098675992476482	3.945827193102364	False	True	False	mle	mle	lrt_mle	5999	219	5780	sex_restricted_to_0;sex_majority_restricted_to_0;ridge_seeded_refit;ridge_seeded_refit;inference=mle;ci=lrt_quadratic	chr12-46897663-INV-16289		0.39588681587108104	0.39588681587108104	True	lrt_mle	lrt_mle	0.9680330620805497	False	True	lrt_quadratic		0.031,3.946	0.031098675992476482	3.945827193102364	
Epidermal_thickening	8587	333	8254	0.30076034785098704	1.350885560114556	0.72116823556163	True	lrt_mle	0.259,7.046	lrt_quadratic	two		True	0.25900318403760597	7.0458276538448	False	True	False	mle	mle	lrt_mle	8587	333	8254	ridge_seeded_refit;ridge_seeded_refit;inference=mle;ci=lrt_quadratic	chr12-46897663-INV-16289		0.72116823556163	0.72116823556163	True	lrt_mle	lrt_mle	0.9859210717648742	False	True	lrt_quadratic		0.259,7.046	0.25900318403760597	7.0458276538448	
Abnormal_cytological_findings_in_specimens_from_genital_organs	9695	307	9388	-1.549687444357517	0.21231432349700902	0.18189607312692302	True	lrt_mle	0.014,3.222	wald_mle	two		True	0.013988693520216	3.222414723494253	False	True	False	mle	mle	lrt_mle	6084	304	5780	sex_restricted_to_0;sex_majority_restricted_to_0;ridge_seeded_refit;ridge_seeded_refit;inference=mle;ci=wald_mle	chr12-46897663-INV-16289		0.18189607312692302	0.18189607312692302	True	lrt_mle	lrt_mle	0.9680330620805497	False	True	wald_mle		0.014,3.222	0.013988693520216	3.222414723494253	
Multinodular_goiter	8750	167	8583	1.235215520269983	3.439119640832548	0.30122162644779404	True	lrt_mle	0.331,35.766	lrt_quadratic	two		True	0.33069136280782074	35.76611074306676	True	True	False	mle	mle	lrt_mle	8750	167	8583	firth_seeded_refit;firth_seeded_refit;inference=mle;ci=lrt_quadratic	chr12-46897663-INV-16289		0.30122162644779404	0.30122162644779404	True	lrt_mle	lrt_mle	0.9680330620805497	False	True	lrt_quadratic		0.331,35.766	0.33069136280782074	35.76611074306676	
Pure_hypercholesterolemia	9283	700	8583	0.41664457355488804	1.516863283787935	0.520798950239573	True	lrt_mle	0.425,5.411	lrt_quadratic	two		True	0.4252387179616437	5.410782519364695	False	True	False	mle	mle	lrt_mle	9283	700	8583	ridge_seeded_refit;ridge_seeded_refit;inference=mle;ci=lrt_quadratic	chr12-46897663-INV-16289		0.520798950239573	0.520798950239573	True	lrt_mle	lrt_mle	0.9859210717648742	False	True	lrt_quadratic		0.425,5.411	0.4252387179616437	5.410782519364695	
Benign_sarcoma_related_cancers	8689	410	8279	0.33688535192012803	1.40057848089991	0.694843544195059	True	lrt_mle	0.260,7.539	lrt_quadratic	two		True	0.2602108793665534	7.538578271343547	False	True	False	mle	mle	lrt_mle	8689	410	8279	ridge_seeded_refit;ridge_seeded_refit;inference=mle;ci=lrt_quadratic	chr12-46897663-INV-16289		0.694843544195059	0.694843544195059	True	lrt_mle	lrt_mle	0.9859210717648742	False	True	lrt_quadratic		0.260,7.539	0.2602108793665534	7.538578271343547	
Melanocytic_nevi	8742	463	8279	0.9040973381031461	2.46970161105918	0.16822730336635303	True	lrt_mle	0.683,8.936	lrt_quadratic	two		True	0.6825663216122976	8.936019628482079	False	True	False	mle	mle	lrt_mle	8742	463	8279	ridge_seeded_refit;ridge_seeded_refit;inference=mle;ci=lrt_quadratic	chr12-46897663-INV-16289		0.16822730336635303	0.16822730336635303	True	lrt_mle	lrt_mle	0.9680330620805497	False	True	lrt_quadratic		0.683,8.936	0.6825663216122976	8.936019628482079	
Migraine	9560	382	9178	1.191223000387732	3.291103768269628	0.038731856368533005	True	lrt_mle	1.167,9.279	wald_mle	two		True	1.167325749795786	9.2787844484827	False	True	False	mle	mle	lrt_mle	9560	382	9178	ridge_seeded_refit;ridge_seeded_refit;inference=mle;ci=wald_mle	chr12-46897663-INV-16289		0.038731856368533005	0.038731856368533005	True	lrt_mle	lrt_mle	0.9680330620805497	False	True	wald_mle		1.167,9.279	1.167325749795786	9.2787844484827	
Other_follicular_disorders	9019	765	8254	-0.08821061607005601	0.9155680230761101	0.879165277658658	True	lrt_mle	0.294,2.855	lrt_quadratic	two		True	0.2936293711604942	2.854839764722693	False	True	False	mle	mle	lrt_mle	9019	765	8254	ridge_seeded_refit;ridge_seeded_refit;inference=mle;ci=lrt_quadratic	chr12-46897663-INV-16289		0.879165277658658	0.879165277658658	True	lrt_mle	lrt_mle	0.9859210717648742	False	True	lrt_quadratic		0.294,2.855	0.2936293711604942	2.854839764722693	
Uninodular_goiter_single_thyroid_nodule	8841	258	8583	-0.394971939774006	0.6736989431282381	0.7651749493805271	True	lrt_mle	0.050,8.996	lrt_quadratic	two		True	0.0504533286771849	8.99584383968202	False	True	False	mle	mle	lrt_mle	8841	258	8583	ridge_seeded_refit;ridge_seeded_refit;inference=mle;ci=lrt_quadratic	chr12-46897663-INV-16289		0.7651749493805271	0.7651749493805271	True	lrt_mle	lrt_mle	0.9859210717648742	False	True	lrt_quadratic		0.050,8.996	0.0504533286771849	8.99584383968202	
Benign_neoplasm_of_the_skin	8992	713	8279	0.513198520697377	1.670626190799088	0.38267587406226106	True	lrt_mle	0.528,5.288	lrt_quadratic	two		True	0.527814926414551	5.287822927523271	False	True	False	mle	mle	lrt_mle	8992	713	8279	ridge_seeded_refit;ridge_seeded_refit;inference=mle;ci=lrt_quadratic	chr12-46897663-INV-16289		0.38267587406226106	0.38267587406226106	True	lrt_mle	lrt_mle	0.9680330620805497	False	True	lrt_quadratic		0.528,5.288	0.527814926414551	5.287822927523271	
Disorder_of_nervous_system	9305	127	9178	-0.43426550400706304	0.64774025501971	0.41701293279335505	True	score_chi2	0.371,1.734	profile_penalized	two		True	0.37061571305975705	1.733961717451224	True	False	True	firth	firth	score_chi2	9305	127	9178	firth_refit;firth_seeded_refit;inference=firth;ci=profile_penalized	chr12-46897663-INV-16289			0.41701293279335505	True	score_chi2	score_chi2	0.9680330620805497	False	True	profile_penalized		0.371,1.734	0.37061571305975705	1.733961717451224	
Pain_in_shoulder	9639	799	8840	0.151592479737571	1.163685914201577	0.803932429094341	True	lrt_mle	0.352,3.851	lrt_quadratic	two		True	0.351623136150622	3.8511826091303774	False	True	False	mle	mle	lrt_mle	9639	799	8840	ridge_seeded_refit;ridge_seeded_refit;inference=mle;ci=lrt_quadratic	chr12-46897663-INV-16289		0.803932429094341	0.803932429094341	True	lrt_mle	lrt_mle	0.9859210717648742	False	True	lrt_quadratic		0.352,3.851	0.351623136150622	3.8511826091303774	
Morbid_obesity	8755	172	8583	-0.38768983096387405	0.678622798403356	0.6868452175203961	True	lrt_mle	0.103,4.469	lrt_quadratic	two		True	0.10305021217629518	4.468975781679559	True	True	False	mle	mle	lrt_mle	8755	172	8583	firth_seeded_refit;firth_seeded_refit;inference=mle;ci=lrt_quadratic	chr12-46897663-INV-16289		0.6868452175203961	0.6868452175203961	True	lrt_mle	lrt_mle	0.9859210717648742	False	True	lrt_quadratic		0.103,4.469	0.10305021217629518	4.468975781679559	
Skin_changes_due_to_chronic_exposure_to_nonionizing_radiation	8354	100	8254	-0.21343071987226603	0.8078081232619381	0.45735442226154605	True	score_chi2	0.438,2.511	profile_penalized	two		True	0.43824202863278905	2.5110836644669963	True	False	True	firth	firth	score_chi2	8354	100	8254	firth_refit;firth_seeded_refit;inference=firth;ci=profile_penalized	chr12-46897663-INV-16289			0.45735442226154605	True	score_chi2	score_chi2	0.9680330620805497	False	True	profile_penalized		0.438,2.511	0.43824202863278905	2.5110836644669963	
Conjunctivitis	9164	455	8709	0.325212426870194	1.384324682508654	0.6281988602957791	True	lrt_mle	0.371,5.163	lrt_quadratic	two		True	0.3711968853312929	5.162637140374548	False	True	False	mle	mle	lrt_mle	9164	455	8709	ridge_seeded_refit;ridge_seeded_refit;inference=mle;ci=lrt_quadratic	chr12-46897663-INV-16289		0.6281988602957791	0.6281988602957791	True	lrt_mle	lrt_mle	0.9859210717648742	False	True	lrt_quadratic		0.371,5.163	0.3711968853312929	5.162637140374548	
Skin_changes_due_to_solar_radiation	8382	128	8254	-0.47477893601374604	0.622022548051253	0.41096442920602605	True	score_chi2	0.357,1.665	profile_penalized	two		True	0.357187706757611	1.66455040781274	True	False	True	firth	firth	score_chi2	8382	128	8254	firth_refit;firth_seeded_refit;inference=firth;ci=profile_penalized	chr12-46897663-INV-16289			0.41096442920602605	True	score_chi2	score_chi2	0.9680330620805497	False	True	profile_penalized		0.357,1.665	0.357187706757611	1.66455040781274	
Sensorineural_hearing_loss	8970	261	8709	0.844211811111904	2.3261436512535862	0.37575325981450103	True	lrt_mle	0.359,15.063	lrt_quadratic	two		True	0.35921237390481403	15.063357165143696	False	True	False	mle	mle	lrt_mle	8970	261	8709	ridge_seeded_refit;ridge_seeded_refit;inference=mle;ci=lrt_quadratic	chr12-46897663-INV-16289		0.37575325981450103	0.37575325981450103	True	lrt_mle	lrt_mle	0.9680330620805497	False	True	lrt_quadratic		0.359,15.063	0.35921237390481403	15.063357165143696	
Goiter	8981	398	8583	0.794688397320616	2.213751078551905	0.31400864938065504	True	lrt_mle	0.471,10.398	lrt_quadratic	two		True	0.4712901952425513	10.398463382561038	False	True	False	mle	mle	lrt_mle	8981	398	8583	ridge_seeded_refit;ridge_seeded_refit;inference=mle;ci=lrt_quadratic	chr12-46897663-INV-16289		0.31400864938065504	0.31400864938065504	True	lrt_mle	lrt_mle	0.9680330620805497	False	True	lrt_quadratic		0.471,10.398	0.4712901952425513	10.398463382561038	
Urinary_incontinence_and_enuresis	9695	273	9422	1.099209141821687	3.001791093917588	0.17672598106922502	True	lrt_mle	0.609,14.791	lrt_quadratic	two		True	0.6092164327876511	14.79072015554731	False	True	False	mle	mle	lrt_mle	9695	273	9422	ridge_seeded_refit;ridge_seeded_refit;inference=mle;ci=lrt_quadratic	chr12-46897663-INV-16289		0.17672598106922502	0.17672598106922502	True	lrt_mle	lrt_mle	0.9680330620805497	False	True	lrt_quadratic		0.609,14.791	0.6092164327876511	14.79072015554731	
Viral_infections	9695	1613	8082	-0.14062730495101802	0.8688130536890021	0.748575707026439	True	lrt_mle	0.368,2.053	lrt_quadratic	two		True	0.36767283529449973	2.0530103118871943	False	True	False	mle	mle	lrt_mle	9695	1613	8082	ridge_seeded_refit;ridge_seeded_refit;inference=mle;ci=lrt_quadratic	chr12-46897663-INV-16289		0.748575707026439	0.748575707026439	True	lrt_mle	lrt_mle	0.9859210717648742	False	True	lrt_quadratic		0.368,2.053	0.36767283529449973	2.0530103118871943	
Scar_conditions_and_fibrosis_of_skin	8404	150	8254	0.7512291106238821	2.1196036435688512	0.48714371439715803	True	lrt_mle	0.255,17.640	lrt_quadratic	two		True	0.254682844854718	17.640448489544653	True	True	False	mle	mle	lrt_mle	8404	150	8254	firth_seeded_refit;firth_seeded_refit;inference=mle;ci=lrt_quadratic	chr12-46897663-INV-16289		0.48714371439715803	0.48714371439715803	True	lrt_mle	lrt_mle	0.9680330620805497	False	True	lrt_quadratic		0.255,17.640	0.254682844854718	17.640448489544653	
Abnormal_mammogram	8635	356	8279	0.9205965265221101	2.510787694752187	0.32661877058982103	True	lrt_mle	0.399,15.799	lrt_quadratic	two		True	0.3990035994923672	15.799493679103007	False	True	False	mle	mle	lrt_mle	5299	356	4943	sex_restricted_to_0;sex_majority_restricted_to_0;ridge_seeded_refit;ridge_seeded_refit;inference=mle;ci=lrt_quadratic	chr12-46897663-INV-16289		0.32661877058982103	0.32661877058982103	True	lrt_mle	lrt_mle	0.9680330620805497	False	True	lrt_quadratic		0.399,15.799	0.3990035994923672	15.799493679103007	
Lump_or_mass_in_breast_or_nonspecific_abnormal_breast_exam	9065	786	8279	0.383129308759648	1.46686769664778	0.5641273703820621	True	lrt_mle	0.399,5.393	lrt_quadratic	two		True	0.39895011553991333	5.393408237410314	False	True	False	mle	mle	lrt_mle	9065	786	8279	ridge_seeded_refit;ridge_seeded_refit;inference=mle;ci=lrt_quadratic	chr12-46897663-INV-16289		0.5641273703820621	0.5641273703820621	True	lrt_mle	lrt_mle	0.9859210717648742	False	True	lrt_quadratic		0.399,5.393	0.39895011553991333	5.393408237410314	
Aphagia_and_dysphagia	9695	283	9412	0.10846260155145901	1.114563224823483	0.9135337954897851	True	lrt_mle	0.157,7.895	lrt_quadratic	two		True	0.1573408735773298	7.895285909407275	False	True	False	mle	mle	lrt_mle	9695	283	9412	ridge_seeded_refit;ridge_seeded_refit;inference=mle;ci=lrt_quadratic	chr12-46897663-INV-16289		0.9135337954897851	0.9135337954897851	True	lrt_mle	lrt_mle	0.9859210717648742	False	True	lrt_quadratic		0.157,7.895	0.1573408735773298	7.895285909407275	
Hypertrophic_conditions_of_skin	8582	328	8254	0.5607691064471331	1.752019471718703	0.46235479476029506	True	lrt_mle	0.393,7.816	lrt_quadratic	two		True	0.39272768761328697	7.8160321415994565	False	True	False	mle	mle	lrt_mle	8582	328	8254	ridge_seeded_refit;ridge_seeded_refit;inference=mle;ci=lrt_quadratic	chr12-46897663-INV-16289		0.46235479476029506	0.46235479476029506	True	lrt_mle	lrt_mle	0.9680330620805497	False	True	lrt_quadratic		0.393,7.816	0.39272768761328697	7.8160321415994565	
Acne	8688	434	8254	-0.00035693290797000004	0.9996431307850011	0.999143360799542	True	lrt_mle	0.521,1.918	lrt_quadratic	two		True	0.5210285758661612	1.9179109077931489	False	True	False	mle	mle	lrt_mle	8688	434	8254	ridge_seeded_refit;ridge_seeded_refit;inference=mle;ci=lrt_quadratic	chr10-79542902-INV-674513		0.999143360799542	0.999143360799542	True	lrt_mle	lrt_mle	0.999143360799542	False	True	lrt_quadratic		0.521,1.918	0.5210285758661612	1.9179109077931489	
Other_skin_and_subcutaneous_disorders	8762	508	8254	0.06534901827212801	1.067531547387855	0.831613704923003	True	lrt_mle	0.584,1.950	lrt_quadratic	two		True	0.5844913967787271	1.9497696817250836	False	True	False	mle	mle	lrt_mle	8762	508	8254	ridge_seeded_refit;ridge_seeded_refit;inference=mle;ci=lrt_quadratic	chr10-79542902-INV-674513		0.831613704923003	0.831613704923003	True	lrt_mle	lrt_mle	0.9859210717648742	False	True	lrt_quadratic		0.584,1.950	0.5844913967787271	1.9497696817250836	
Inflammation_of_the_eye	9375	666	8709	0.047909863341085004	1.049076090848895	0.859012952465349	True	lrt_mle	0.618,1.780	lrt_quadratic	two		True	0.6183356841466168	1.7798756769305897	False	True	False	mle	mle	lrt_mle	9375	666	8709	ridge_seeded_refit;ridge_seeded_refit;inference=mle;ci=lrt_quadratic	chr10-79542902-INV-674513		0.859012952465349	0.859012952465349	True	lrt_mle	lrt_mle	0.9859210717648742	False	True	lrt_quadratic		0.618,1.780	0.6183356841466168	1.7798756769305897	
Hearing_impairment	9161	452	8709	0.34736448952230903	1.415332505235283	0.268801668194586	True	lrt_mle	0.765,2.620	lrt_quadratic	two		True	0.7646756836017818	2.6196283513819205	False	True	False	mle	mle	lrt_mle	9161	452	8709	ridge_seeded_refit;ridge_seeded_refit;inference=mle;ci=lrt_quadratic	chr10-79542902-INV-674513		0.268801668194586	0.268801668194586	True	lrt_mle	lrt_mle	0.9680330620805497	False	True	lrt_quadratic		0.765,2.620	0.7646756836017818	2.6196283513819205	
Abnormal_Papanicolaou_smear	9609	221	9388	-0.5145133755047501	0.597791423800067	0.307585562246849	True	lrt_mle	0.222,1.606	lrt_quadratic	two		True	0.2224893677165802	1.6061647800812278	False	True	False	mle	mle	lrt_mle	5999	219	5780	sex_restricted_to_0;sex_majority_restricted_to_0;ridge_seeded_refit;ridge_seeded_refit;inference=mle;ci=lrt_quadratic	chr10-79542902-INV-674513		0.307585562246849	0.307585562246849	True	lrt_mle	lrt_mle	0.9680330620805497	False	True	lrt_quadratic		0.222,1.606	0.2224893677165802	1.6061647800812278	
Epidermal_thickening	8587	333	8254	-0.07037910028835101	0.9320404161319331	0.8536050235610311	True	lrt_mle	0.441,1.968	lrt_quadratic	two		True	0.44133970286073937	1.9683235649830007	False	True	False	mle	mle	lrt_mle	8587	333	8254	ridge_seeded_refit;ridge_seeded_refit;inference=mle;ci=lrt_quadratic	chr10-79542902-INV-674513		0.8536050235610311	0.8536050235610311	True	lrt_mle	lrt_mle	0.9859210717648742	False	True	lrt_quadratic		0.441,1.968	0.44133970286073937	1.9683235649830007	
Abnormal_cytological_findings_in_specimens_from_genital_organs	9695	307	9388	-0.301736704618409	0.739532754816806	0.46412007978802505	True	lrt_mle	0.330,1.659	lrt_quadratic	two		True	0.3297029877707998	1.6587920514300285	False	True	False	mle	mle	lrt_mle	6084	304	5780	sex_restricted_to_0;sex_majority_restricted_to_0;ridge_seeded_refit;ridge_seeded_refit;inference=mle;ci=lrt_quadratic	chr10-79542902-INV-674513		0.46412007978802505	0.46412007978802505	True	lrt_mle	lrt_mle	0.9680330620805497	False	True	lrt_quadratic		0.330,1.659	0.3297029877707998	1.6587920514300285	
Multinodular_goiter	8750	167	8583	0.20122968632648003	1.222905624268579	0.698062045480743	True	lrt_mle	0.442,3.380	lrt_quadratic	two		True	0.44244653540902334	3.380065264801311	True	True	False	mle	mle	lrt_mle	8750	167	8583	firth_seeded_refit;firth_seeded_refit;inference=mle;ci=lrt_quadratic	chr10-79542902-INV-674513		0.698062045480743	0.698062045480743	True	lrt_mle	lrt_mle	0.9859210717648742	False	True	lrt_quadratic		0.442,3.380	0.44244653540902334	3.380065264801311	
Pure_hypercholesterolemia	9283	700	8583	-0.042701431021695005	0.958197435392074	0.8765320160854381	True	lrt_mle	0.559,1.642	lrt_quadratic	two		True	0.5591247795427948	1.6421063039680146	False	True	False	mle	mle	lrt_mle	9283	700	8583	ridge_seeded_refit;ridge_seeded_refit;inference=mle;ci=lrt_quadratic	chr10-79542902-INV-674513		0.8765320160854381	0.8765320160854381	True	lrt_mle	lrt_mle	0.9859210717648742	False	True	lrt_quadratic		0.559,1.642	0.5591247795427948	1.6421063039680146	
Benign_sarcoma_related_cancers	8689	410	8279	0.9164328368890311	2.500355287780681	0.002662660438113	True	lrt_mle	1.430,4.373	wald_mle	two		True	1.429783414947736	4.372533979463832	False	True	False	mle	mle	lrt_mle	8689	410	8279	ridge_seeded_refit;ridge_seeded_refit;inference=mle;ci=wald_mle	chr10-79542902-INV-674513		0.002662660438113	0.002662660438113	True	lrt_mle	lrt_mle	0.119819719715085	False	True	wald_mle		1.430,4.373	1.429783414947736	4.372533979463832	
Melanocytic_nevi	8742	463	8279	0.14175095423699202	1.152289639946765	0.661646008214616	True	lrt_mle	0.611,2.174	lrt_quadratic	two		True	0.6107448620199399	2.1740197861628436	False	True	False	mle	mle	lrt_mle	8742	463	8279	ridge_seeded_refit;ridge_seeded_refit;inference=mle;ci=lrt_quadratic	chr10-79542902-INV-674513		0.661646008214616	0.661646008214616	True	lrt_mle	lrt_mle	0.9859210717648742	False	True	lrt_quadratic		0.611,2.174	0.6107448620199399	2.1740197861628436	
Migraine	9560	382	9178	-0.33381491194970003	0.7161863274915641	0.36230543057505205	True	lrt_mle	0.349,1.469	lrt_quadratic	two		True	0.34923385856347683	1.4687088411063267	False	True	False	mle	mle	lrt_mle	9560	382	9178	ridge_seeded_refit;ridge_seeded_refit;inference=mle;ci=lrt_quadratic	chr10-79542902-INV-674513		0.36230543057505205	0.36230543057505205	True	lrt_mle	lrt_mle	0.9680330620805497	False	True	lrt_quadratic		0.349,1.469	0.34923385856347683	1.4687088411063267	
Other_follicular_disorders	9019	765	8254	-0.35263630821483405	0.702832761402096	0.19754921312506502	True	lrt_mle	0.404,1.223	wald_mle	two		True	0.40398815599362203	1.222743496737299	False	True	False	mle	mle	lrt_mle	9019	765	8254	ridge_seeded_refit;ridge_seeded_refit;inference=mle;ci=wald_mle	chr10-79542902-INV-674513		0.19754921312506502	0.19754921312506502	True	lrt_mle	lrt_mle	0.9680330620805497	False	True	wald_mle		0.404,1.223	0.40398815599362203	1.222743496737299	
Uninodular_goiter_single_thyroid_nodule	8841	258	8583	0.111342415191437	1.117777585359127	0.789631473355323	True	lrt_mle	0.493,2.533	lrt_quadratic	two		True	0.4933021305543486	2.5327819462835826	False	True	False	mle	mle	lrt_mle	8841	258	8583	ridge_seeded_refit;ridge_seeded_refit;inference=mle;ci=lrt_quadratic	chr10-79542902-INV-674513		0.789631473355323	0.789631473355323	True	lrt_mle	lrt_mle	0.9859210717648742	False	True	lrt_quadratic		0.493,2.533	0.4933021305543486	2.5327819462835826	
Benign_neoplasm_of_the_skin	8992	713	8279	0.32319376899919805	1.3815330232427652	0.20980079025221302	True	lrt_mle	0.844,2.261	wald_mle	two		True	0.8441114017858431	2.261115642167961	False	True	False	mle	mle	lrt_mle	8992	713	8279	ridge_seeded_refit;ridge_seeded_refit;inference=mle;ci=wald_mle	chr10-79542902-INV-674513		0.20980079025221302	0.20980079025221302	True	lrt_mle	lrt_mle	0.9680330620805497	False	True	wald_mle		0.844,2.261	0.8441114017858431	2.261115642167961	
Disorder_of_nervous_system	9305	127	9178	-0.664409646733909	0.5145772203975431	0.33963988784527205	True	lrt_mle	0.132,2.012	lrt_quadratic	two		True	0.13157669907007932	2.012436226349104	True	True	False	mle	mle	lrt_mle	9305	127	9178	firth_seeded_refit;firth_seeded_refit;inference=mle;ci=lrt_quadratic	chr10-79542902-INV-674513		0.33963988784527205	0.33963988784527205	True	lrt_mle	lrt_mle	0.9680330620805497	False	True	lrt_quadratic		0.132,2.012	0.13157669907007932	2.012436226349104	
Pain_in_shoulder	9639	799	8840	0.17828075883475403	1.195160826095498	0.474898623812997	True	lrt_mle	0.733,1.949	lrt_quadratic	two		True	0.7329011642315653	1.9489795758899324	False	True	False	mle	mle	lrt_mle	9639	799	8840	ridge_seeded_refit;ridge_seeded_refit;inference=mle;ci=lrt_quadratic	chr10-79542902-INV-674513		0.474898623812997	0.474898623812997	True	lrt_mle	lrt_mle	0.9680330620805497	False	True	lrt_quadratic		0.733,1.949	0.7329011642315653	1.9489795758899324	
Morbid_obesity	8755	172	8583	0.176704509926214	1.193278439092807	0.720374350193636	True	lrt_mle	0.453,3.140	lrt_quadratic	two		True	0.45347174789518707	3.1400267818512053	True	True	False	mle	mle	lrt_mle	8755	172	8583	firth_seeded_refit;firth_seeded_refit;inference=mle;ci=lrt_quadratic	chr10-79542902-INV-674513		0.720374350193636	0.720374350193636	True	lrt_mle	lrt_mle	0.9859210717648742	False	True	lrt_quadratic		0.453,3.140	0.45347174789518707	3.1400267818512053	
Skin_changes_due_to_chronic_exposure_to_nonionizing_radiation	8354	100	8254	0.509369505324061	1.664241568640255	0.411224469869285	True	lrt_mle	0.494,5.609	lrt_quadratic	two		True	0.49383866955024985	5.608511786475943	True	True	False	mle	mle	lrt_mle	8354	100	8254	firth_seeded_refit;firth_seeded_refit;inference=mle;ci=lrt_quadratic	chr10-79542902-INV-674513		0.411224469869285	0.411224469869285	True	lrt_mle	lrt_mle	0.9680330620805497	False	True	lrt_quadratic		0.494,5.609	0.49383866955024985	5.608511786475943	
Conjunctivitis	9164	455	8709	0.26693018769368804	1.305949271817547	0.383069067976745	True	lrt_mle	0.727,2.347	wald_mle	two		True	0.7267600805570511	2.346721491986103	False	True	False	mle	mle	lrt_mle	9164	455	8709	ridge_seeded_refit;ridge_seeded_refit;inference=mle;ci=wald_mle	chr10-79542902-INV-674513		0.383069067976745	0.383069067976745	True	lrt_mle	lrt_mle	0.9680330620805497	False	True	wald_mle		0.727,2.347	0.7267600805570511	2.346721491986103	
Skin_changes_due_to_solar_radiation	8382	128	8254	0.383989051091258	1.468129367179529	0.500101366384012	True	lrt_mle	0.481,4.482	lrt_quadratic	two		True	0.4809036881606194	4.481986501328446	True	True	False	mle	mle	lrt_mle	8382	128	8254	firth_seeded_refit;firth_seeded_refit;inference=mle;ci=lrt_quadratic	chr10-79542902-INV-674513		0.500101366384012	0.500101366384012	True	lrt_mle	lrt_mle	0.9680330620805497	False	True	lrt_quadratic		0.481,4.482	0.4809036881606194	4.481986501328446	
Sensorineural_hearing_loss	8970	261	8709	0.40807730224606303	1.503923413334535	0.311418315117827	True	lrt_mle	0.682,3.314	lrt_quadratic	two		True	0.6824541264683045	3.3141943838489536	False	True	False	mle	mle	lrt_mle	8970	261	8709	ridge_seeded_refit;ridge_seeded_refit;inference=mle;ci=lrt_quadratic	chr10-79542902-INV-674513		0.311418315117827	0.311418315117827	True	lrt_mle	lrt_mle	0.9680330620805497	False	True	lrt_quadratic		0.682,3.314	0.6824541264683045	3.3141943838489536	
Goiter	8981	398	8583	-0.12618928482375	0.8814479862651061	0.7251963329101	True	lrt_mle	0.436,1.781	lrt_quadratic	two		True	0.43614717877602377	1.7813953415248458	False	True	False	mle	mle	lrt_mle	8981	398	8583	ridge_seeded_refit;ridge_seeded_refit;inference=mle;ci=lrt_quadratic	chr10-79542902-INV-674513		0.7251963329101	0.7251963329101	True	lrt_mle	lrt_mle	0.9859210717648742	False	True	lrt_quadratic		0.436,1.781	0.43614717877602377	1.7813953415248458	
Urinary_incontinence_and_enuresis	9695	273	9422	0.291325728189875	1.338200402561794	0.45731249766410703	True	lrt_mle	0.621,2.885	lrt_quadratic	two		True	0.6207200276152349	2.8850048939078183	False	True	False	mle	mle	lrt_mle	9695	273	9422	ridge_seeded_refit;ridge_seeded_refit;inference=mle;ci=lrt_quadratic	chr10-79542902-INV-674513		0.45731249766410703	0.45731249766410703	True	lrt_mle	lrt_mle	0.9680330620805497	False	True	lrt_quadratic		0.621,2.885	0.6207200276152349	2.8850048939078183	
Viral_infections	9695	1613	8082	-0.155262937359089	0.8561900235405501	0.41770578070555703	True	lrt_mle	0.588,1.246	lrt_quadratic	two		True	0.5881549109650194	1.2463746246844962	False	True	False	mle	mle	lrt_mle	9695	1613	8082	ridge_seeded_refit;ridge_seeded_refit;inference=mle;ci=lrt_quadratic	chr10-79542902-INV-674513		0.41770578070555703	0.41770578070555703	True	lrt_mle	lrt_mle	0.9680330620805497	False	True	lrt_quadratic		0.588,1.246	0.5881549109650194	1.2463746246844962	
Scar_conditions_and_fibrosis_of_skin	8404	150	8254	-0.282112108261384	0.754189128961485	0.6327786197042461	True	lrt_mle	0.237,2.399	lrt_quadratic	two		True	0.23709240951729177	2.399069811647431	True	True	False	mle	mle	lrt_mle	8404	150	8254	firth_seeded_refit;firth_seeded_refit;inference=mle;ci=lrt_quadratic	chr10-79542902-INV-674513		0.6327786197042461	0.6327786197042461	True	lrt_mle	lrt_mle	0.9859210717648742	False	True	lrt_quadratic		0.237,2.399	0.23709240951729177	2.399069811647431	
Abnormal_mammogram	8635	356	8279	0.31501303087556903	1.370277166751913	0.400916093051701	True	lrt_mle	0.657,2.858	lrt_quadratic	two		True	0.6570363759842464	2.8577710190077363	False	True	False	mle	mle	lrt_mle	5299	356	4943	sex_restricted_to_0;sex_majority_restricted_to_0;ridge_seeded_refit;ridge_seeded_refit;inference=mle;ci=lrt_quadratic	chr10-79542902-INV-674513		0.400916093051701	0.400916093051701	True	lrt_mle	lrt_mle	0.9680330620805497	False	True	lrt_quadratic		0.657,2.858	0.6570363759842464	2.8577710190077363	
Lump_or_mass_in_breast_or_nonspecific_abnormal_breast_exam	9065	786	8279	0.39417678462110706	1.483162725860154	0.130219078200177	True	lrt_mle	0.900,2.445	wald_mle	two		True	0.8998294210203801	2.444654086645052	False	True	False	mle	mle	lrt_mle	9065	786	8279	ridge_seeded_refit;ridge_seeded_refit;inference=mle;ci=wald_mle	chr10-79542902-INV-674513		0.130219078200177	0.130219078200177	True	lrt_mle	lrt_mle	0.9680330620805497	False	True	wald_mle		0.900,2.445	0.8998294210203801	2.444654086645052	
Aphagia_and_dysphagia	9695	283	9412	0.222505658621329	1.249202888396762	0.5709679996169681	True	lrt_mle	0.579,2.697	lrt_quadratic	two		True	0.5786007285534996	2.6970374895311284	False	True	False	mle	mle	lrt_mle	9695	283	9412	ridge_seeded_refit;ridge_seeded_refit;inference=mle;ci=lrt_quadratic	chr10-79542902-INV-674513		0.5709679996169681	0.5709679996169681	True	lrt_mle	lrt_mle	0.9859210717648742	False	True	lrt_quadratic		0.579,2.697	0.5786007285534996	2.6970374895311284	
Hypertrophic_conditions_of_skin	8582	328	8254	-0.023860291997399002	0.9764221142125611	0.95058544422554	True	lrt_mle	0.459,2.077	lrt_quadratic	two		True	0.459100960275019	2.076667721522968	False	True	False	mle	mle	lrt_mle	8582	328	8254	ridge_seeded_refit;ridge_seeded_refit;inference=mle;ci=lrt_quadratic	chr10-79542902-INV-674513		0.95058544422554	0.95058544422554	True	lrt_mle	lrt_mle	0.9859210717648742	False	True	lrt_quadratic		0.459,2.077	0.459100960275019	2.076667721522968	
Acne	8688	434	8254	0.065834913463839	1.068050381873114	0.910618738427427	True	lrt_mle	0.338,3.371	lrt_quadratic	two		True	0.33837323826323507	3.3712229255313613	False	True	False	mle	mle	lrt_mle	8688	434	8254	ridge_seeded_refit;ridge_seeded_refit;inference=mle;ci=lrt_quadratic	chr17-45585160-INV-706887		0.910618738427427	0.910618738427427	True	lrt_mle	lrt_mle	0.9859210717648742	False	True	lrt_quadratic		0.338,3.371	0.33837323826323507	3.3712229255313613	
Other_skin_and_subcutaneous_disorders	8762	508	8254	0.09445507737681101	1.099059789375219	0.873087875097541	True	lrt_mle	0.345,3.502	lrt_quadratic	two		True	0.3449002916588444	3.502265581776653	False	True	False	mle	mle	lrt_mle	8762	508	8254	ridge_seeded_refit;ridge_seeded_refit;inference=mle;ci=lrt_quadratic	chr17-45585160-INV-706887		0.873087875097541	0.873087875097541	True	lrt_mle	lrt_mle	0.9859210717648742	False	True	lrt_quadratic		0.345,3.502	0.3449002916588444	3.502265581776653	
Inflammation_of_the_eye	9375	666	8709	-0.447981495967158	0.638916506454553	0.390808600313552	True	lrt_mle	0.230,1.777	lrt_quadratic	two		True	0.2296629310187275	1.7774496755281946	False	True	False	mle	mle	lrt_mle	9375	666	8709	ridge_seeded_refit;ridge_seeded_refit;inference=mle;ci=lrt_quadratic	chr17-45585160-INV-706887		0.390808600313552	0.390808600313552	True	lrt_mle	lrt_mle	0.9680330620805497	False	True	lrt_quadratic		0.230,1.777	0.2296629310187275	1.7774496755281946	
Hearing_impairment	9161	452	8709	-0.218063404675221	0.8040744579704121	0.7405125051915771	True	lrt_mle	0.221,2.923	lrt_quadratic	two		True	0.2212172586425387	2.922627908544605	False	True	False	mle	mle	lrt_mle	9161	452	8709	ridge_seeded_refit;ridge_seeded_refit;inference=mle;ci=lrt_quadratic	chr17-45585160-INV-706887		0.7405125051915771	0.7405125051915771	True	lrt_mle	lrt_mle	0.9859210717648742	False	True	lrt_quadratic		0.221,2.923	0.2212172586425387	2.922627908544605	
Abnormal_Papanicolaou_smear	9609	221	9388	-0.327032801192556	0.7210600910078121	0.7005245866155031	True	lrt_mle	0.136,3.817	lrt_quadratic	two		True	0.13620772709890955	3.8171671014423447	False	True	False	mle	mle	lrt_mle	5999	219	5780	sex_restricted_to_0;sex_majority_restricted_to_0;ridge_seeded_refit;ridge_seeded_refit;inference=mle;ci=lrt_quadratic	chr17-45585160-INV-706887		0.7005245866155031	0.7005245866155031	True	lrt_mle	lrt_mle	0.9859210717648742	False	True	lrt_quadratic		0.136,3.817	0.13620772709890955	3.8171671014423447	
Epidermal_thickening	8587	333	8254	-0.08861786248122701	0.915195237197537	0.907003484713897	True	lrt_mle	0.207,4.048	lrt_quadratic	two		True	0.20691872252628013	4.047880790887246	False	True	False	mle	mle	lrt_mle	8587	333	8254	ridge_seeded_refit;ridge_seeded_refit;inference=mle;ci=lrt_quadratic	chr17-45585160-INV-706887		0.907003484713897	0.907003484713897	True	lrt_mle	lrt_mle	0.9859210717648742	False	True	lrt_quadratic		0.207,4.048	0.20691872252628013	4.047880790887246	
Abnormal_cytological_findings_in_specimens_from_genital_organs	9695	307	9388	-0.544133088223366	0.5803446729593791	0.46973684344092004	True	lrt_mle	0.133,2.537	lrt_quadratic	two		True	0.13273507342502336	2.5373846621072182	False	True	False	mle	mle	lrt_mle	6084	304	5780	sex_restricted_to_0;sex_majority_restricted_to_0;ridge_seeded_refit;ridge_seeded_refit;inference=mle;ci=lrt_quadratic	chr17-45585160-INV-706887		0.46973684344092004	0.46973684344092004	True	lrt_mle	lrt_mle	0.9680330620805497	False	True	lrt_quadratic		0.133,2.537	0.13273507342502336	2.5373846621072182	
Multinodular_goiter	8750	167	8583	-1.803082770569605	0.164790094324157	0.16351231543400901	True	lrt_mle	0.013,2.082	lrt_quadratic	two		True	0.013044486050205974	2.081781917880616	True	True	False	mle	mle	lrt_mle	8750	167	8583	firth_seeded_refit;firth_seeded_refit;inference=mle;ci=lrt_quadratic	chr17-45585160-INV-706887		0.16351231543400901	0.16351231543400901	True	lrt_mle	lrt_mle	0.9680330620805497	False	True	lrt_quadratic		0.013,2.082	0.013044486050205974	2.081781917880616	
Pure_hypercholesterolemia	9283	700	8583	-0.63309369297036	0.5309466715708551	0.24121125722397202	True	lrt_mle	0.184,1.531	lrt_quadratic	two		True	0.18417598064986507	1.5306250416447906	False	True	False	mle	mle	lrt_mle	9283	700	8583	ridge_seeded_refit;ridge_seeded_refit;inference=mle;ci=lrt_quadratic	chr17-45585160-INV-706887		0.24121125722397202	0.24121125722397202	True	lrt_mle	lrt_mle	0.9680330620805497	False	True	lrt_quadratic		0.184,1.531	0.18417598064986507	1.5306250416447906	
Benign_sarcoma_related_cancers	8689	410	8279	0.341756393251115	1.407417399372662	0.6120098336375991	True	lrt_mle	0.376,5.272	lrt_quadratic	two		True	0.3757356318135975	5.271854911645949	False	True	False	mle	mle	lrt_mle	8689	410	8279	ridge_seeded_refit;ridge_seeded_refit;inference=mle;ci=lrt_quadratic	chr17-45585160-INV-706887		0.6120098336375991	0.6120098336375991	True	lrt_mle	lrt_mle	0.9859210717648742	False	True	lrt_quadratic		0.376,5.272	0.3757356318135975	5.271854911645949	
Melanocytic_nevi	8742	463	8279	1.070881839364419	2.917951530274403	0.043562307481154	True	lrt_mle	1.072,7.941	wald_mle	two		True	1.072224868699488	7.940909954231872	False	True	False	mle	mle	lrt_mle	8742	463	8279	ridge_seeded_refit;ridge_seeded_refit;inference=mle;ci=wald_mle	chr17-45585160-INV-706887		0.043562307481154	0.043562307481154	True	lrt_mle	lrt_mle	0.9680330620805497	False	True	wald_mle		1.072,7.941	1.072224868699488	7.940909954231872	
Migraine	9560	382	9178	-0.451738668989186	0.6365204905349421	0.433148184253883	True	lrt_mle	0.206,1.970	lrt_quadratic	two		True	0.20570134503993348	1.9696435859094157	False	True	False	mle	mle	lrt_mle	9560	382	9178	ridge_seeded_refit;ridge_seeded_refit;inference=mle;ci=lrt_quadratic	chr17-45585160-INV-706887		0.433148184253883	0.433148184253883	True	lrt_mle	lrt_mle	0.9680330620805497	False	True	lrt_quadratic		0.206,1.970	0.20570134503993348	1.9696435859094157	
Other_follicular_disorders	9019	765	8254	0.17930024963885502	1.196379902880322	0.6977973158828691	True	lrt_mle	0.484,2.957	lrt_quadratic	two		True	0.48396765627635163	2.9574804296397517	False	True	False	mle	mle	lrt_mle	9019	765	8254	ridge_seeded_refit;ridge_seeded_refit;inference=mle;ci=lrt_quadratic	chr17-45585160-INV-706887		0.6977973158828691	0.6977973158828691	True	lrt_mle	lrt_mle	0.9859210717648742	False	True	lrt_quadratic		0.484,2.957	0.48396765627635163	2.9574804296397517	
Uninodular_goiter_single_thyroid_nodule	8841	258	8583	-1.5678243349009242	0.208498311749466	0.12917184266877002	True	lrt_mle	0.022,1.946	wald_mle	two		True	0.022343892331133	1.945567287835746	False	True	False	mle	mle	lrt_mle	8841	258	8583	ridge_seeded_refit;ridge_seeded_refit;inference=mle;ci=wald_mle	chr17-45585160-INV-706887		0.12917184266877002	0.12917184266877002	True	lrt_mle	lrt_mle	0.9680330620805497	False	True	wald_mle		0.022,1.946	0.022343892331133	1.945567287835746	
Benign_neoplasm_of_the_skin	8992	713	8279	0.506080445193845	1.658776770001929	0.27348288874534704	True	lrt_mle	0.671,4.104	lrt_quadratic	two		True	0.6705211222466109	4.103584930298504	False	True	False	mle	mle	lrt_mle	8992	713	8279	ridge_seeded_refit;ridge_seeded_refit;inference=mle;ci=lrt_quadratic	chr17-45585160-INV-706887		0.27348288874534704	0.27348288874534704	True	lrt_mle	lrt_mle	0.9680330620805497	False	True	lrt_quadratic		0.671,4.104	0.6705211222466109	4.103584930298504	
Disorder_of_nervous_system	9305	127	9178	0.801394198785899	2.22864593895089	0.47284108759882204	True	lrt_mle	0.250,19.874	lrt_quadratic	two		True	0.24991619034837761	19.87411345490899	True	True	False	mle	mle	lrt_mle	9305	127	9178	firth_seeded_refit;firth_seeded_refit;inference=mle;ci=lrt_quadratic	chr17-45585160-INV-706887		0.47284108759882204	0.47284108759882204	True	lrt_mle	lrt_mle	0.9680330620805497	False	True	lrt_quadratic		0.250,19.874	0.24991619034837761	19.87411345490899	
Pain_in_shoulder	9639	799	8840	0.050928301491708	1.052247446006275	0.9143793159359551	True	lrt_mle	0.416,2.663	lrt_quadratic	two		True	0.4158352106226063	2.662652558856053	False	True	False	mle	mle	lrt_mle	9639	799	8840	ridge_seeded_refit;ridge_seeded_refit;inference=mle;ci=lrt_quadratic	chr17-45585160-INV-706887		0.9143793159359551	0.9143793159359551	True	lrt_mle	lrt_mle	0.9859210717648742	False	True	lrt_quadratic		0.416,2.663	0.4158352106226063	2.662652558856053	
Morbid_obesity	8755	172	8583	-0.056986068771641	0.944607228813873	0.932881108972698	True	lrt_mle	0.251,3.558	lrt_quadratic	two		True	0.25078603044381087	3.557944655642786	True	True	False	mle	mle	lrt_mle	8755	172	8583	firth_seeded_refit;firth_seeded_refit;inference=mle;ci=lrt_quadratic	chr17-45585160-INV-706887		0.932881108972698	0.932881108972698	True	lrt_mle	lrt_mle	0.9859210717648742	False	True	lrt_quadratic		0.251,3.558	0.25078603044381087	3.557944655642786	
Skin_changes_due_to_chronic_exposure_to_nonionizing_radiation	8354	100	8254	0.8834156995962	2.419148695585303	0.49265905508051605	True	lrt_mle	0.194,30.178	lrt_quadratic	two		True	0.1939281740540511	30.17756671973273	True	True	False	mle	mle	lrt_mle	8354	100	8254	firth_seeded_refit;firth_seeded_refit;inference=mle;ci=lrt_quadratic	chr17-45585160-INV-706887		0.49265905508051605	0.49265905508051605	True	lrt_mle	lrt_mle	0.9680330620805497	False	True	lrt_quadratic		0.194,30.178	0.1939281740540511	30.17756671973273	
Conjunctivitis	9164	455	8709	-0.31230507018951603	0.7317582565432721	0.6018188066137421	True	lrt_mle	0.226,2.365	lrt_quadratic	two		True	0.22641120118993618	2.3650338110703504	False	True	False	mle	mle	lrt_mle	9164	455	8709	ridge_seeded_refit;ridge_seeded_refit;inference=mle;ci=lrt_quadratic	chr17-45585160-INV-706887		0.6018188066137421	0.6018188066137421	True	lrt_mle	lrt_mle	0.9859210717648742	False	True	lrt_quadratic		0.226,2.365	0.22641120118993618	2.3650338110703504	
Skin_changes_due_to_solar_radiation	8382	128	8254	0.657247958186429	1.9294750250819641	0.592040932109224	True	lrt_mle	0.174,21.351	lrt_quadratic	two		True	0.17436371401051853	21.351196225325054	True	True	False	mle	mle	lrt_mle	8382	128	8254	firth_seeded_refit;firth_seeded_refit;inference=mle;ci=lrt_quadratic	chr17-45585160-INV-706887		0.592040932109224	0.592040932109224	True	lrt_mle	lrt_mle	0.9859210717648742	False	True	lrt_quadratic		0.174,21.351	0.17436371401051853	21.351196225325054	
Sensorineural_hearing_loss	8970	261	8709	0.26830680909724003	1.307748307548521	0.7149513092393001	True	lrt_mle	0.310,5.519	lrt_quadratic	two		True	0.309873411906783	5.519046069078329	False	True	False	mle	mle	lrt_mle	8970	261	8709	ridge_seeded_refit;ridge_seeded_refit;inference=mle;ci=lrt_quadratic	chr17-45585160-INV-706887		0.7149513092393001	0.7149513092393001	True	lrt_mle	lrt_mle	0.9859210717648742	False	True	lrt_quadratic		0.310,5.519	0.309873411906783	5.519046069078329	
Goiter	8981	398	8583	-1.325651848806116	0.26562975220586504	0.10823317456634501	True	lrt_mle	0.046,1.530	wald_mle	two		True	0.046104904729935	1.530404751300481	False	True	False	mle	mle	lrt_mle	8981	398	8583	ridge_seeded_refit;ridge_seeded_refit;inference=mle;ci=wald_mle	chr17-45585160-INV-706887		0.10823317456634501	0.10823317456634501	True	lrt_mle	lrt_mle	0.9680330620805497	False	True	wald_mle		0.046,1.530	0.046104904729935	1.530404751300481	
Urinary_incontinence_and_enuresis	9695	273	9422	-0.37819284303034	0.6850983714801451	0.6255511442661921	True	lrt_mle	0.150,3.129	lrt_quadratic	two		True	0.14999671080760368	3.129133806185805	False	True	False	mle	mle	lrt_mle	9695	273	9422	ridge_seeded_refit;ridge_seeded_refit;inference=mle;ci=lrt_quadratic	chr17-45585160-INV-706887		0.6255511442661921	0.6255511442661921	True	lrt_mle	lrt_mle	0.9859210717648742	False	True	lrt_quadratic		0.150,3.129	0.14999671080760368	3.129133806185805	
Viral_infections	9695	1613	8082	-0.213744110570837	0.807555003374658	0.5442013899233711	True	lrt_mle	0.402,1.621	wald_mle	two		True	0.402391867626164	1.620671628685373	False	True	False	mle	mle	lrt_mle	9695	1613	8082	ridge_seeded_refit;ridge_seeded_refit;inference=mle;ci=wald_mle	chr17-45585160-INV-706887		0.5442013899233711	0.5442013899233711	True	lrt_mle	lrt_mle	0.9859210717648742	False	True	wald_mle		0.402,1.621	0.402391867626164	1.620671628685373	
Scar_conditions_and_fibrosis_of_skin	8404	150	8254	-0.831029789142369	0.43560047862925005	0.47076518295697706	True	lrt_mle	0.046,4.167	lrt_quadratic	two		True	0.04553092367882574	4.167448442744299	True	True	False	mle	mle	lrt_mle	8404	150	8254	firth_seeded_refit;firth_seeded_refit;inference=mle;ci=lrt_quadratic	chr17-45585160-INV-706887		0.47076518295697706	0.47076518295697706	True	lrt_mle	lrt_mle	0.9680330620805497	False	True	lrt_quadratic		0.046,4.167	0.04553092367882574	4.167448442744299	
Abnormal_mammogram	8635	356	8279	0.48716987650548005	1.6277030944074031	0.494568811963054	True	lrt_mle	0.402,6.587	lrt_quadratic	two		True	0.40223893178527353	6.586675615372224	False	True	False	mle	mle	lrt_mle	5299	356	4943	sex_restricted_to_0;sex_majority_restricted_to_0;ridge_seeded_refit;ridge_seeded_refit;inference=mle;ci=lrt_quadratic	chr17-45585160-INV-706887		0.494568811963054	0.494568811963054	True	lrt_mle	lrt_mle	0.9680330620805497	False	True	lrt_quadratic		0.402,6.587	0.40223893178527353	6.586675615372224	
Lump_or_mass_in_breast_or_nonspecific_abnormal_breast_exam	9065	786	8279	0.6214089893025131	1.8615490976576252	0.21671301703900903	True	lrt_mle	0.695,4.990	lrt_quadratic	two		True	0.6945267759145656	4.9895341161277145	False	True	False	mle	mle	lrt_mle	9065	786	8279	ridge_seeded_refit;ridge_seeded_refit;inference=mle;ci=lrt_quadratic	chr17-45585160-INV-706887		0.21671301703900903	0.21671301703900903	True	lrt_mle	lrt_mle	0.9680330620805497	False	True	lrt_quadratic		0.695,4.990	0.6945267759145656	4.9895341161277145	
Aphagia_and_dysphagia	9695	283	9412	-1.82652695855842	0.16097165932040403	0.057493067534548005	True	lrt_mle	0.020,1.315	wald_mle	two		True	0.019709467361450003	1.314691799081521	False	True	False	mle	mle	lrt_mle	9695	283	9412	ridge_seeded_refit;ridge_seeded_refit;inference=mle;ci=wald_mle	chr17-45585160-INV-706887		0.057493067534548005	0.057493067534548005	True	lrt_mle	lrt_mle	0.9680330620805497	False	True	wald_mle		0.020,1.315	0.019709467361450003	1.314691799081521	
Hypertrophic_conditions_of_skin	8582	328	8254	0.216330777949152	1.241512976204793	0.7560667427399971	True	lrt_mle	0.317,4.861	lrt_quadratic	two		True	0.31709584276082	4.860847296719366	False	True	False	mle	mle	lrt_mle	8582	328	8254	ridge_seeded_refit;ridge_seeded_refit;inference=mle;ci=lrt_quadratic	chr17-45585160-INV-706887		0.7560667427399971	0.7560667427399971	True	lrt_mle	lrt_mle	0.9859210717648742	False	True	lrt_quadratic		0.317,4.861	0.31709584276082	4.860847296719366	
Acne	8688	434	8254	-1.248895988445569	0.28682127613256503	0.458614455005078	True	lrt_mle	0.011,7.798	lrt_quadratic	two		True	0.010549495743657905	7.798139971928985	False	True	False	mle	mle	lrt_mle	8688	434	8254	ridge_seeded_refit;ridge_seeded_refit;inference=mle;ci=lrt_quadratic	chr6-167181003-INV-209976		0.458614455005078	0.458614455005078	True	lrt_mle	lrt_mle	0.9680330620805497	False	True	lrt_quadratic		0.011,7.798	0.010549495743657905	7.798139971928985	
Other_skin_and_subcutaneous_disorders	8762	508	8254	-0.281947295321868	0.7543134393324781	0.859426551838054	True	lrt_mle	0.033,17.086	lrt_quadratic	two		True	0.03330054608399284	17.08646949279605	False	True	False	mle	mle	lrt_mle	8762	508	8254	ridge_seeded_refit;ridge_seeded_refit;inference=mle;ci=lrt_quadratic	chr6-167181003-INV-209976		0.859426551838054	0.859426551838054	True	lrt_mle	lrt_mle	0.9859210717648742	False	True	lrt_quadratic		0.033,17.086	0.03330054608399284	17.08646949279605	
Inflammation_of_the_eye	9375	666	8709	1.801634449773338	6.059543394337124	0.15075030108773302	True	lrt_mle	0.545,67.368	wald_mle	two		True	0.5450381490102271	67.36788280698069	False	True	False	mle	mle	lrt_mle	9375	666	8709	ridge_seeded_refit;ridge_seeded_refit;inference=mle;ci=wald_mle	chr6-167181003-INV-209976		0.15075030108773302	0.15075030108773302	True	lrt_mle	lrt_mle	0.9680330620805497	False	True	wald_mle		0.545,67.368	0.5450381490102271	67.36788280698069	
Hearing_impairment	9161	452	8709	-0.32478200439895405	0.722684878596051	0.8490417611169351	True	lrt_mle	0.025,20.482	lrt_quadratic	two		True	0.02549947746403926	20.481730831070067	False	True	False	mle	mle	lrt_mle	9161	452	8709	ridge_seeded_refit;ridge_seeded_refit;inference=mle;ci=lrt_quadratic	chr6-167181003-INV-209976		0.8490417611169351	0.8490417611169351	True	lrt_mle	lrt_mle	0.9859210717648742	False	True	lrt_quadratic		0.025,20.482	0.02549947746403926	20.481730831070067	
Abnormal_Papanicolaou_smear	9609	221	9388	-0.35615579772244504	0.7003634966972041	0.8712486031209681	True	lrt_mle	0.009,51.981	lrt_quadratic	two		True	0.009436320160635737	51.98096494776935	False	True	False	mle	mle	lrt_mle	5999	219	5780	sex_restricted_to_0;sex_majority_restricted_to_0;ridge_seeded_refit;ridge_seeded_refit;inference=mle;ci=lrt_quadratic	chr6-167181003-INV-209976		0.8712486031209681	0.8712486031209681	True	lrt_mle	lrt_mle	0.9859210717648742	False	True	lrt_quadratic		0.009,51.981	0.009436320160635737	51.98096494776935	
Epidermal_thickening	8587	333	8254	-0.6765824412241841	0.508351347656334	0.7272069885014211	True	lrt_mle	0.011,22.755	lrt_quadratic	two		True	0.011356807630216808	22.75473012120383	False	True	False	mle	mle	lrt_mle	8587	333	8254	ridge_seeded_refit;ridge_seeded_refit;inference=mle;ci=lrt_quadratic	chr6-167181003-INV-209976		0.7272069885014211	0.7272069885014211	True	lrt_mle	lrt_mle	0.9859210717648742	False	True	lrt_quadratic		0.011,22.755	0.011356807630216808	22.75473012120383	
Abnormal_cytological_findings_in_specimens_from_genital_organs	9695	307	9388	0.562323070721071	1.7547441638738301	0.7652820237180881	True	lrt_mle	0.044,70.381	lrt_quadratic	two		True	0.0437495619957912	70.3807521763415	False	True	False	mle	mle	lrt_mle	6084	304	5780	sex_restricted_to_0;sex_majority_restricted_to_0;ridge_seeded_refit;ridge_seeded_refit;inference=mle;ci=lrt_quadratic	chr6-167181003-INV-209976		0.7652820237180881	0.7652820237180881	True	lrt_mle	lrt_mle	0.9859210717648742	False	True	lrt_quadratic		0.044,70.381	0.0437495619957912	70.3807521763415	
Multinodular_goiter	8750	167	8583	1.113882166260828	3.046161173569768	0.676149860208322	True	lrt_mle	0.016,566.933	lrt_quadratic	two		True	0.016367183862262377	566.9330761755946	True	True	False	mle	mle	lrt_mle	8750	167	8583	firth_seeded_refit;firth_seeded_refit;inference=mle;ci=lrt_quadratic	chr6-167181003-INV-209976		0.676149860208322	0.676149860208322	True	lrt_mle	lrt_mle	0.9859210717648742	False	True	lrt_quadratic		0.016,566.933	0.016367183862262377	566.9330761755946	
Pure_hypercholesterolemia	9283	700	8583	0.079814729202643	1.083086384807076	0.9536040157962781	True	lrt_mle	0.074,15.935	lrt_quadratic	two		True	0.07361496906931553	15.935293212578776	False	True	False	mle	mle	lrt_mle	9283	700	8583	ridge_seeded_refit;ridge_seeded_refit;inference=mle;ci=lrt_quadratic	chr6-167181003-INV-209976		0.9536040157962781	0.9536040157962781	True	lrt_mle	lrt_mle	0.9859210717648742	False	True	lrt_quadratic		0.074,15.935	0.07361496906931553	15.935293212578776	
Benign_sarcoma_related_cancers	8689	410	8279	2.131244588746005	8.425346379996585	0.172472738034657	True	lrt_mle	0.394,180.009	lrt_quadratic	two		True	0.3943506065216784	180.00850118895204	False	True	False	mle	mle	lrt_mle	8689	410	8279	ridge_seeded_refit;ridge_seeded_refit;inference=mle;ci=lrt_quadratic	chr6-167181003-INV-209976		0.172472738034657	0.172472738034657	True	lrt_mle	lrt_mle	0.9680330620805497	False	True	lrt_quadratic		0.394,180.009	0.3943506065216784	180.00850118895204	
Melanocytic_nevi	8742	463	8279	-1.5333661457618222	0.215808002097876	0.36633959022107704	True	lrt_mle	0.008,6.201	wald_mle	two		True	0.007511017457589001	6.200637135041828	False	True	False	mle	mle	lrt_mle	8742	463	8279	ridge_seeded_refit;ridge_seeded_refit;inference=mle;ci=wald_mle	chr6-167181003-INV-209976		0.36633959022107704	0.36633959022107704	True	lrt_mle	lrt_mle	0.9680330620805497	False	True	wald_mle		0.008,6.201	0.007511017457589001	6.200637135041828	
Migraine	9560	382	9178	-2.115884004956235	0.12052669624875201	0.245476181614272	True	lrt_mle	0.003,4.284	lrt_quadratic	two		True	0.0033911038204571965	4.283762832917505	False	True	False	mle	mle	lrt_mle	9560	382	9178	ridge_seeded_refit;ridge_seeded_refit;inference=mle;ci=lrt_quadratic	chr6-167181003-INV-209976		0.245476181614272	0.245476181614272	True	lrt_mle	lrt_mle	0.9680330620805497	False	True	lrt_quadratic		0.003,4.284	0.0033911038204571965	4.283762832917505	
Other_follicular_disorders	9019	765	8254	-1.166782252418152	0.31136723221905005	0.36921818853341604	True	lrt_mle	0.024,3.975	lrt_quadratic	two		True	0.02439051949219652	3.9748867723284813	False	True	False	mle	mle	lrt_mle	9019	765	8254	ridge_seeded_refit;ridge_seeded_refit;inference=mle;ci=lrt_quadratic	chr6-167181003-INV-209976		0.36921818853341604	0.36921818853341604	True	lrt_mle	lrt_mle	0.9680330620805497	False	True	lrt_quadratic		0.024,3.975	0.02439051949219652	3.9748867723284813	
Uninodular_goiter_single_thyroid_nodule	8841	258	8583	3.477619485161159	32.38254312506316	0.07257244357628401	True	lrt_mle	0.875,1.198e+03	wald_mle	two		True	0.875383111438488	1197.9087619401255	False	True	False	mle	mle	lrt_mle	8841	258	8583	ridge_seeded_refit;ridge_seeded_refit;inference=mle;ci=wald_mle	chr6-167181003-INV-209976		0.07257244357628401	0.07257244357628401	True	lrt_mle	lrt_mle	0.9680330620805497	False	True	wald_mle		0.875,1.198e+03	0.875383111438488	1197.9087619401255	
Benign_neoplasm_of_the_skin	8992	713	8279	-2.446705336479735	0.08657836369576201	0.078785129011747	True	lrt_mle	0.005,1.378	wald_mle	two		True	0.005439700513596	1.377982674138162	False	True	False	mle	mle	lrt_mle	8992	713	8279	ridge_seeded_refit;ridge_seeded_refit;inference=mle;ci=wald_mle	chr6-167181003-INV-209976		0.078785129011747	0.078785129011747	True	lrt_mle	lrt_mle	0.9680330620805497	False	True	wald_mle		0.005,1.378	0.005439700513596	1.377982674138162	
Disorder_of_nervous_system	9305	127	9178	0.769390887901768	2.1584511146046372	0.7812534876601761	True	lrt_mle	0.009,492.704	lrt_quadratic	two		True	0.009455792891878461	492.70444767667345	True	True	False	mle	mle	lrt_mle	9305	127	9178	firth_seeded_refit;firth_seeded_refit;inference=mle;ci=lrt_quadratic	chr6-167181003-INV-209976		0.7812534876601761	0.7812534876601761	True	lrt_mle	lrt_mle	0.9859210717648742	False	True	lrt_quadratic		0.009,492.704	0.009455792891878461	492.70444767667345	
Pain_in_shoulder	9639	799	8840	0.7459005268443081	2.1083391964031932	0.555507141151108	True	lrt_mle	0.179,24.767	wald_mle	two		True	0.17947714555844202	24.76690919759817	False	True	False	mle	mle	lrt_mle	9639	799	8840	ridge_seeded_refit;ridge_seeded_refit;inference=mle;ci=wald_mle	chr6-167181003-INV-209976		0.555507141151108	0.555507141151108	True	lrt_mle	lrt_mle	0.9859210717648742	False	True	wald_mle		0.179,24.767	0.17947714555844202	24.76690919759817	
Morbid_obesity	8755	172	8583	-0.032607951069936005	0.967917956412313	0.9896608128347221	True	lrt_mle	0.007,134.193	lrt_quadratic	two		True	0.0069814762993526455	134.19298872822372	True	True	False	mle	mle	lrt_mle	8755	172	8583	firth_seeded_refit;firth_seeded_refit;inference=mle;ci=lrt_quadratic	chr6-167181003-INV-209976		0.9896608128347221	0.9896608128347221	True	lrt_mle	lrt_mle	0.999143360799542	False	True	lrt_quadratic		0.007,134.193	0.0069814762993526455	134.19298872822372	
Skin_changes_due_to_chronic_exposure_to_nonionizing_radiation	8354	100	8254	3.148317670263863	23.296838630316916	0.426267760674415	True	score_chi2		profile_penalized	two		False			True	False	True	firth	firth	score_chi2	8354	100	8254	firth_refit;firth_seeded_refit;inference=firth;ci=profile_penalized	chr6-167181003-INV-209976			0.426267760674415	True	score_chi2	score_chi2	0.9680330620805497	False	False						
Conjunctivitis	9164	455	8709	1.67387078249221	5.332769890674227	0.24508123140221102	True	lrt_mle	0.339,84.002	wald_mle	two		True	0.338545822667673	84.00172975933481	False	True	False	mle	mle	lrt_mle	9164	455	8709	ridge_seeded_refit;ridge_seeded_refit;inference=mle;ci=wald_mle	chr6-167181003-INV-209976		0.24508123140221102	0.24508123140221102	True	lrt_mle	lrt_mle	0.9680330620805497	False	True	wald_mle		0.339,84.002	0.338545822667673	84.00172975933481	
Skin_changes_due_to_solar_radiation	8382	128	8254	0.639486485460532	1.895507258805142	0.9350628785111271	True	score_chi2	1.140,3.401	profile_penalized	two		True	1.139840432067561	3.401460797868998	True	False	True	firth	firth	score_chi2	8382	128	8254	firth_refit;firth_seeded_refit;inference=firth;ci=profile_penalized	chr6-167181003-INV-209976			0.9350628785111271	True	score_chi2	score_chi2	0.9859210717648742	False	True	profile_penalized		1.140,3.401	1.139840432067561	3.401460797868998	
Sensorineural_hearing_loss	8970	261	8709	-4.014192684397059	0.018057526790889	0.08994369142469201	True	score_chi2	0.013,0.026	profile_penalized	two		True	0.013073113484382	0.025804648512156	False	False	True	firth	firth	score_chi2	8970	261	8709	ridge_exception:UnboundLocalError;ridge_seeded_refit;inference=firth;ci=profile_penalized	chr6-167181003-INV-209976			0.08994369142469201	True	score_chi2	score_chi2	0.9680330620805497	False	True	profile_penalized		0.013,0.026	0.013073113484382	0.025804648512156	
Goiter	8981	398	8583	1.771434763579293	5.87928269356828	0.29008741734181204	True	lrt_mle	0.238,145.341	wald_mle	two		True	0.23782713797078	145.34070958352214	False	True	False	mle	mle	lrt_mle	8981	398	8583	ridge_seeded_refit;ridge_seeded_refit;inference=mle;ci=wald_mle	chr6-167181003-INV-209976		0.29008741734181204	0.29008741734181204	True	lrt_mle	lrt_mle	0.9680330620805497	False	True	wald_mle		0.238,145.341	0.23782713797078	145.34070958352214	
Urinary_incontinence_and_enuresis	9695	273	9422	-2.171023731631151	0.114060789483005	0.30589298644510804	True	lrt_mle	0.002,7.278	lrt_quadratic	two		True	0.0017875338600506262	7.278107558263524	False	True	False	mle	mle	lrt_mle	9695	273	9422	ridge_seeded_refit;ridge_seeded_refit;inference=mle;ci=lrt_quadratic	chr6-167181003-INV-209976		0.30589298644510804	0.30589298644510804	True	lrt_mle	lrt_mle	0.9680330620805497	False	True	lrt_quadratic		0.002,7.278	0.0017875338600506262	7.278107558263524	
Viral_infections	9695	1613	8082	0.35335956553250303	1.4238430162745201	0.701599580924388	True	lrt_mle	0.235,8.639	wald_mle	two		True	0.234675560165955	8.638858403321002	False	True	False	mle	mle	lrt_mle	9695	1613	8082	ridge_seeded_refit;ridge_seeded_refit;inference=mle;ci=wald_mle	chr6-167181003-INV-209976		0.701599580924388	0.701599580924388	True	lrt_mle	lrt_mle	0.9859210717648742	False	True	wald_mle		0.235,8.639	0.234675560165955	8.638858403321002	
Scar_conditions_and_fibrosis_of_skin	8404	150	8254	-2.954415979683974	0.052109084454990004	0.31495284953718	True	lrt_mle	1.514e-04,17.931	wald_mle	two		True	0.00015142977316800002	17.931458430638838	True	True	False	mle	mle	lrt_mle	8404	150	8254	firth_seeded_refit;firth_seeded_refit;inference=mle;ci=wald_mle	chr6-167181003-INV-209976		0.31495284953718	0.31495284953718	True	lrt_mle	lrt_mle	0.9680330620805497	False	True	wald_mle		1.514e-04,17.931	0.00015142977316800002	17.931458430638838	
Abnormal_mammogram	8635	356	8279	0.007214593229488001	1.007240681107293	0.9971126950172721	True	lrt_mle	0.020,50.138	lrt_quadratic	two		True	0.020234786425977473	50.1381021929158	False	True	False	mle	mle	lrt_mle	5299	356	4943	sex_restricted_to_0;sex_majority_restricted_to_0;ridge_seeded_refit;ridge_seeded_refit;inference=mle;ci=lrt_quadratic	chr6-167181003-INV-209976		0.9971126950172721	0.9971126950172721	True	lrt_mle	lrt_mle	0.999143360799542	False	True	lrt_quadratic		0.020,50.138	0.020234786425977473	50.1381021929158	
Lump_or_mass_in_breast_or_nonspecific_abnormal_breast_exam	9065	786	8279	0.500626740834308	1.6497549155247442	0.716296129277009	True	lrt_mle	0.111,24.548	lrt_quadratic	two		True	0.11087435431336749	24.547527678092766	False	True	False	mle	mle	lrt_mle	9065	786	8279	ridge_seeded_refit;ridge_seeded_refit;inference=mle;ci=lrt_quadratic	chr6-167181003-INV-209976		0.716296129277009	0.716296129277009	True	lrt_mle	lrt_mle	0.9859210717648742	False	True	lrt_quadratic		0.111,24.548	0.11087435431336749	24.547527678092766	
Aphagia_and_dysphagia	9695	283	9412	1.7400895645331231	5.697853725427857	0.382929105302503	True	lrt_mle	0.114,283.988	lrt_quadratic	two		True	0.11431999423156966	283.98826727203164	False	True	False	mle	mle	lrt_mle	9695	283	9412	ridge_seeded_refit;ridge_seeded_refit;inference=mle;ci=lrt_quadratic	chr6-167181003-INV-209976		0.382929105302503	0.382929105302503	True	lrt_mle	lrt_mle	0.9680330620805497	False	True	lrt_quadratic		0.114,283.988	0.11431999423156966	283.98826727203164	
Hypertrophic_conditions_of_skin	8582	328	8254	0.398573242799486	1.489697743696243	0.818878236028266	True	lrt_mle	0.049,45.153	lrt_quadratic	two		True	0.04914835278423362	45.15307720110567	False	True	False	mle	mle	lrt_mle	8582	328	8254	ridge_seeded_refit;ridge_seeded_refit;inference=mle;ci=lrt_quadratic	chr6-167181003-INV-209976		0.818878236028266	0.818878236028266	True	lrt_mle	lrt_mle	0.9859210717648742	False	True	lrt_quadratic		0.049,45.153	0.04914835278423362	45.15307720110567	
