Phenotype	N_Total	N_Cases	N_Controls	Beta	OR	P_Value	P_Valid	P_Source	OR_CI95	CI_Method	CI_Sided	CI_Label	CI_Valid	CI_LO_OR	CI_HI_OR	Used_Ridge	Final_Is_MLE	Used_Firth	Inference_Type	Coef_Source	P_Value_Method	N_Total_Used	N_Cases_Used	N_Controls_Used	Model_Notes	Inversion	P_LRT_Overall	P_Value_lrt	P_Overall_Valid	P_Source_lrt	P_Method	Q_GLOBAL	Sig_Global	CI_Valid_DISPLAY	CI_Method_DISPLAY	CI_Label_DISPLAY	OR_CI95_DISPLAY	CI_LO_OR_DISPLAY	CI_HI_OR_DISPLAY	FINAL_INTERPRETATION
Other_skin_and_subcutaneous_disorders	1256	123	1133	-0.256509393538048	0.773747726296628	0.873593903255775	True	lrt_mle	0.033,18.239	lrt_quadratic	two		True	0.032825072097311454	18.238666534360426	True	True	False	mle	mle	lrt_mle	1256	123	1133	firth_seeded_refit;firth_seeded_refit;inference=mle;ci=profile	chr6-141867315-INV-29159	0.873593903255775	0.873593903255775	True	lrt_mle	lrt_mle	0.9316954206991913	False	True	lrt_quadratic		0.033,18.239	0.032825072097311454	18.238666534360426	
Inflammation_of_the_eye	1356	114	1242	-1.119555983351861	0.326424700451723	0.557268541569778	True	lrt_mle	0.008,13.725	lrt_quadratic	two		True	0.007763570616237303	13.724752479502682	True	True	False	mle	mle	lrt_mle	1356	114	1242	firth_seeded_refit;firth_seeded_refit;inference=mle;ci=profile	chr6-141867315-INV-29159	0.557268541569778	0.557268541569778	True	lrt_mle	lrt_mle	0.9274613272219532	False	True	lrt_quadratic		0.008,13.725	0.007763570616237303	13.724752479502682	
Hearing_impairment	1380	138	1242	0.827877411616561	2.288456131031171	0.589294391366748	True	lrt_mle	0.113,46.224	lrt_quadratic	two		True	0.11329712380833981	46.22386948245415	True	True	False	mle	mle	lrt_mle	1380	138	1242	firth_seeded_refit;firth_seeded_refit;inference=mle;ci=profile	chr6-141867315-INV-29159	0.589294391366748	0.589294391366748	True	lrt_mle	lrt_mle	0.9274613272219532	False	True	lrt_quadratic		0.113,46.224	0.11329712380833981	46.22386948245415	
Pure_hypercholesterolemia	1343	158	1185	-1.473213505995549	0.22918780416754803	0.41559791444013006	True	lrt_mle	0.005,10.318	wald_mle	two		True	0.005090862435688	10.31790786781327	True	True	False	mle	mle	lrt_mle	1343	158	1185	firth_seeded_refit;firth_seeded_refit;inference=mle;ci=wald_mle	chr6-141867315-INV-29159	0.41559791444013006	0.41559791444013006	True	lrt_mle	lrt_mle	0.9274613272219532	False	True	wald_mle		0.005,10.318	0.005090862435688	10.31790786781327	
Benign_sarcoma_related_cancers	1281	121	1160	1.229818489548901	3.420608603727808	0.408479599867042	True	lrt_mle	0.185,63.178	lrt_quadratic	two		True	0.18519957288307634	63.178132852842595	True	True	False	mle	mle	lrt_mle	1281	121	1160	firth_seeded_refit;firth_seeded_refit;inference=mle;ci=profile	chr6-141867315-INV-29159	0.408479599867042	0.408479599867042	True	lrt_mle	lrt_mle	0.9274613272219532	False	True	lrt_quadratic		0.185,63.178	0.18519957288307634	63.178132852842595	
Melanocytic_nevi	1265	105	1160	1.729259534246986	5.636478743358668	0.29332297007482705	True	lrt_mle	0.224,141.813	lrt_quadratic	two		True	0.2240264492945468	141.81313288844515	True	True	False	mle	mle	lrt_mle	1265	105	1160	firth_seeded_refit;firth_seeded_refit;inference=mle;ci=profile	chr6-141867315-INV-29159	0.29332297007482705	0.29332297007482705	True	lrt_mle	lrt_mle	0.9274613272219532	False	True	lrt_quadratic		0.224,141.813	0.2240264492945468	141.81313288844515	
Migraine	1435	108	1327	-0.308888212332801	0.7342628469693561	0.866542539248187	True	lrt_mle	0.020,26.941	lrt_quadratic	two		True	0.02001231721700334	26.94050481977499	True	True	False	mle	mle	lrt_mle	1435	108	1327	firth_seeded_refit;firth_seeded_refit;inference=mle;ci=profile	chr6-141867315-INV-29159	0.866542539248187	0.866542539248187	True	lrt_mle	lrt_mle	0.9316954206991913	False	True	lrt_quadratic		0.020,26.941	0.02001231721700334	26.94050481977499	
Other_follicular_disorders	1339	206	1133	0.796333823705192	2.217396641415589	0.511893228863989	True	lrt_mle	0.205,23.950	lrt_quadratic	two		True	0.20529606409104106	23.950034732184136	False	True	False	mle	mle	lrt_mle	1339	206	1133	ridge_seeded_refit;ridge_seeded_refit;inference=mle;ci=profile	chr6-141867315-INV-29159	0.511893228863989	0.511893228863989	True	lrt_mle	lrt_mle	0.9274613272219532	False	True	lrt_quadratic		0.205,23.950	0.20529606409104106	23.950034732184136	
Benign_neoplasm_of_the_skin	1311	151	1160	1.022357232030462	2.77973953823387	0.48278784631661104	True	lrt_mle	0.160,48.301	lrt_quadratic	two		True	0.15997403549747108	48.301287620782595	True	True	False	mle	mle	lrt_mle	1311	151	1160	firth_seeded_refit;firth_seeded_refit;inference=mle;ci=profile	chr6-141867315-INV-29159	0.48278784631661104	0.48278784631661104	True	lrt_mle	lrt_mle	0.9274613272219532	False	True	lrt_quadratic		0.160,48.301	0.15997403549747108	48.301287620782595	
Pain_in_shoulder	1448	233	1215	-1.398717577622145	0.246913408270751	0.330944151782796	True	lrt_mle	0.012,5.202	wald_mle	two		True	0.011719596856503001	5.20207579922413	False	True	False	mle	mle	lrt_mle	1448	233	1215	ridge_seeded_refit;ridge_seeded_refit;inference=mle;ci=wald_mle	chr6-141867315-INV-29159	0.330944151782796	0.330944151782796	True	lrt_mle	lrt_mle	0.9274613272219532	False	True	wald_mle		0.012,5.202	0.011719596856503001	5.20207579922413	
Goiter	1286	101	1185	0.6761161026033781	1.9662262620259081	0.66864531617649	True	lrt_mle	0.089,43.477	lrt_quadratic	two		True	0.08892144388063947	43.47709106781736	True	True	False	mle	mle	lrt_mle	1286	101	1185	firth_seeded_refit;firth_seeded_refit;inference=mle;ci=profile	chr6-141867315-INV-29159	0.66864531617649	0.66864531617649	True	lrt_mle	lrt_mle	0.9274613272219532	False	True	lrt_quadratic		0.089,43.477	0.08892144388063947	43.47709106781736	
Viral_infections	1462	337	1125	-0.32750655967408904	0.720718563581147	0.764394387577352	True	lrt_mle	0.085,6.136	lrt_quadratic	two		True	0.0846517237435928	6.136144958652288	False	True	False	mle	mle	lrt_mle	1462	337	1125	ridge_seeded_refit;ridge_seeded_refit;inference=mle;ci=profile	chr6-141867315-INV-29159	0.764394387577352	0.764394387577352	True	lrt_mle	lrt_mle	0.9274613272219532	False	True	lrt_quadratic		0.085,6.136	0.0846517237435928	6.136144958652288	
Lump_or_mass_in_breast_or_nonspecific_abnormal_breast_exam	1309	149	1160	-3.265687003125378	0.038170702681800006	0.185775374419301	True	lrt_mle	1.144e-04,12.732	wald_mle	two		True	0.00011443733269200001	12.7318813620324	True	True	False	mle	mle	lrt_mle	1309	149	1160	firth_seeded_refit;firth_seeded_refit;inference=mle;ci=wald_mle	chr6-141867315-INV-29159	0.185775374419301	0.185775374419301	True	lrt_mle	lrt_mle	0.9274613272219532	False	True	wald_mle		1.144e-04,12.732	0.00011443733269200001	12.7318813620324	
Other_skin_and_subcutaneous_disorders	1256	123	1133	-0.356769379364662	0.6999338983230671	0.40801912680280905	True	lrt_mle	0.301,1.629	wald_mle	two		True	0.300805831571516	1.6286501477124822	True	True	False	mle	mle	lrt_mle	1256	123	1133	firth_seeded_refit;firth_seeded_refit;inference=mle;ci=wald_mle	chr8-7301025-INV-5297356	0.40801912680280905	0.40801912680280905	True	lrt_mle	lrt_mle	0.9274613272219532	False	True	wald_mle		0.301,1.629	0.300805831571516	1.6286501477124822	
Inflammation_of_the_eye	1356	114	1242	0.195545695853812	1.215974357639132	0.6541872646456931	True	lrt_mle	0.516,2.864	wald_mle	two		True	0.516287430294319	2.8638962556051393	True	True	False	mle	mle	lrt_mle	1356	114	1242	firth_seeded_refit;firth_seeded_refit;inference=mle;ci=wald_mle	chr8-7301025-INV-5297356	0.6541872646456931	0.6541872646456931	True	lrt_mle	lrt_mle	0.9274613272219532	False	True	wald_mle		0.516,2.864	0.516287430294319	2.8638962556051393	
Hearing_impairment	1380	138	1242	0.07422388659572701	1.077047915095755	0.863988230219014	True	lrt_mle	0.461,2.518	lrt_quadratic	two		True	0.46069175788859457	2.518022498880115	True	True	False	mle	mle	lrt_mle	1380	138	1242	firth_seeded_refit;firth_seeded_refit;inference=mle;ci=profile	chr8-7301025-INV-5297356	0.863988230219014	0.863988230219014	True	lrt_mle	lrt_mle	0.9316954206991913	False	True	lrt_quadratic		0.461,2.518	0.46069175788859457	2.518022498880115	
Pure_hypercholesterolemia	1343	158	1185	0.464860872302896	1.591792711026454	0.260068933228828	True	lrt_mle	0.709,3.575	lrt_quadratic	two		True	0.708835375628591	3.5746015534707	True	True	False	mle	mle	lrt_mle	1343	158	1185	firth_seeded_refit;firth_seeded_refit;inference=mle;ci=profile	chr8-7301025-INV-5297356	0.260068933228828	0.260068933228828	True	lrt_mle	lrt_mle	0.9274613272219532	False	True	lrt_quadratic		0.709,3.575	0.708835375628591	3.5746015534707	
Benign_sarcoma_related_cancers	1281	121	1160	-0.045804713058504004	0.955228487626908	0.9187526772240651	True	lrt_mle	0.396,2.303	lrt_quadratic	two		True	0.3961691246678666	2.303211953579084	True	True	False	mle	mle	lrt_mle	1281	121	1160	firth_seeded_refit;firth_seeded_refit;inference=mle;ci=profile	chr8-7301025-INV-5297356	0.9187526772240651	0.9187526772240651	True	lrt_mle	lrt_mle	0.9609941796251714	False	True	lrt_quadratic		0.396,2.303	0.3961691246678666	2.303211953579084	
Melanocytic_nevi	1265	105	1160	0.46674242589025305	1.594790573747463	0.30823973809314403	True	lrt_mle	0.650,3.914	lrt_quadratic	two		True	0.6498153226578484	3.9139689161391664	True	True	False	mle	mle	lrt_mle	1265	105	1160	firth_seeded_refit;firth_seeded_refit;inference=mle;ci=profile	chr8-7301025-INV-5297356	0.30823973809314403	0.30823973809314403	True	lrt_mle	lrt_mle	0.9274613272219532	False	True	lrt_quadratic		0.650,3.914	0.6498153226578484	3.9139689161391664	
Migraine	1435	108	1327	-0.8953429766427831	0.408467479808567	0.03962998698726	True	lrt_mle	0.174,0.958	wald_mle	two		True	0.174166231213415	0.9579680337499971	True	True	False	mle	mle	lrt_mle	1435	108	1327	firth_seeded_refit;firth_seeded_refit;inference=mle;ci=wald_mle	chr8-7301025-INV-5297356	0.03962998698726	0.03962998698726	True	lrt_mle	lrt_mle	0.9274613272219532	False	True	wald_mle		0.174,0.958	0.174166231213415	0.9579680337499971	
Other_follicular_disorders	1339	206	1133	0.22634235282998103	1.254004903926131	0.49611294572519704	True	lrt_mle	0.653,2.409	wald_mle	two		True	0.6529032938153191	2.408516412716383	False	True	False	mle	mle	lrt_mle	1339	206	1133	ridge_seeded_refit;ridge_seeded_refit;inference=mle;ci=wald_mle	chr8-7301025-INV-5297356	0.49611294572519704	0.49611294572519704	True	lrt_mle	lrt_mle	0.9274613272219532	False	True	wald_mle		0.653,2.409	0.6529032938153191	2.408516412716383	
Benign_neoplasm_of_the_skin	1311	151	1160	0.231210247242691	1.2601241492278041	0.5537572586278381	True	lrt_mle	0.586,2.712	wald_mle	two		True	0.585604010669427	2.71158127768266	True	True	False	mle	mle	lrt_mle	1311	151	1160	firth_seeded_refit;firth_seeded_refit;inference=mle;ci=wald_mle	chr8-7301025-INV-5297356	0.5537572586278381	0.5537572586278381	True	lrt_mle	lrt_mle	0.9274613272219532	False	True	wald_mle		0.586,2.712	0.585604010669427	2.71158127768266	
Pain_in_shoulder	1448	233	1215	0.179171594960833	1.1962259929099561	0.585914945437912	True	lrt_mle	0.627,2.281	wald_mle	two		True	0.6274560391409321	2.2805687360545193	False	True	False	mle	mle	lrt_mle	1448	233	1215	ridge_seeded_refit;ridge_seeded_refit;inference=mle;ci=wald_mle	chr8-7301025-INV-5297356	0.585914945437912	0.585914945437912	True	lrt_mle	lrt_mle	0.9274613272219532	False	True	wald_mle		0.627,2.281	0.6274560391409321	2.2805687360545193	
Goiter	1286	101	1185	0.16897061937020602	1.184085349239611	0.7257076708955421	True	lrt_mle	0.461,3.043	lrt_quadratic	two		True	0.4607132674700597	3.0432336407047456	True	True	False	mle	mle	lrt_mle	1286	101	1185	firth_seeded_refit;firth_seeded_refit;inference=mle;ci=profile	chr8-7301025-INV-5297356	0.7257076708955421	0.7257076708955421	True	lrt_mle	lrt_mle	0.9274613272219532	False	True	lrt_quadratic		0.461,3.043	0.4607132674700597	3.0432336407047456	
Viral_infections	1462	337	1125	0.594464429238268	1.812060198570816	0.033709599243065005	True	lrt_mle	1.044,3.144	wald_mle	two		True	1.04432533860371	3.144194669866683	False	True	False	mle	mle	lrt_mle	1462	337	1125	ridge_seeded_refit;ridge_seeded_refit;inference=mle;ci=wald_mle	chr8-7301025-INV-5297356	0.033709599243065005	0.033709599243065005	True	lrt_mle	lrt_mle	0.9274613272219532	False	True	wald_mle		1.044,3.144	1.04432533860371	3.144194669866683	
Lump_or_mass_in_breast_or_nonspecific_abnormal_breast_exam	1309	149	1160	0.35858435555536505	1.431301765291124	0.40286746062785805	True	lrt_mle	0.618,3.316	lrt_quadratic	two		True	0.6178023120496983	3.315987498539319	True	True	False	mle	mle	lrt_mle	1309	149	1160	firth_seeded_refit;firth_seeded_refit;inference=mle;ci=profile	chr8-7301025-INV-5297356	0.40286746062785805	0.40286746062785805	True	lrt_mle	lrt_mle	0.9274613272219532	False	True	lrt_quadratic		0.618,3.316	0.6178023120496983	3.315987498539319	
Other_skin_and_subcutaneous_disorders	1256	123	1133	-0.13960974662310002	0.869697571595147	0.6897734730682821	True	lrt_mle	0.438,1.726	lrt_quadratic	two		True	0.438182309432722	1.7261624893476664	True	True	False	mle	mle	lrt_mle	1256	123	1133	firth_seeded_refit;firth_seeded_refit;inference=mle;ci=profile	chr10-79542902-INV-674513	0.6897734730682821	0.6897734730682821	True	lrt_mle	lrt_mle	0.9274613272219532	False	True	lrt_quadratic		0.438,1.726	0.438182309432722	1.7261624893476664	
Inflammation_of_the_eye	1356	114	1242	-0.665342266716448	0.514097539114184	0.08734377791855401	True	lrt_mle	0.240,1.102	lrt_quadratic	two		True	0.23975669460890106	1.1023520329823917	True	True	False	mle	mle	lrt_mle	1356	114	1242	firth_seeded_refit;firth_seeded_refit;inference=mle;ci=profile	chr10-79542902-INV-674513	0.08734377791855401	0.08734377791855401	True	lrt_mle	lrt_mle	0.9274613272219532	False	True	lrt_quadratic		0.240,1.102	0.23975669460890106	1.1023520329823917	
Hearing_impairment	1380	138	1242	-0.579573504101886	0.560137211851749	0.10200905299602901	True	lrt_mle	0.280,1.122	lrt_quadratic	two		True	0.2796381285871019	1.1219989837806539	True	True	False	mle	mle	lrt_mle	1380	138	1242	firth_seeded_refit;firth_seeded_refit;inference=mle;ci=profile	chr10-79542902-INV-674513	0.10200905299602901	0.10200905299602901	True	lrt_mle	lrt_mle	0.9274613272219532	False	True	lrt_quadratic		0.280,1.122	0.2796381285871019	1.1219989837806539	
Pure_hypercholesterolemia	1343	158	1185	-0.534701580595364	0.585844091306404	0.10616368833606701	True	lrt_mle	0.306,1.121	lrt_quadratic	two		True	0.3062533374986899	1.1206842744043402	True	True	False	mle	mle	lrt_mle	1343	158	1185	firth_seeded_refit;firth_seeded_refit;inference=mle;ci=profile	chr10-79542902-INV-674513	0.10616368833606701	0.10616368833606701	True	lrt_mle	lrt_mle	0.9274613272219532	False	True	lrt_quadratic		0.306,1.121	0.3062533374986899	1.1206842744043402	
Benign_sarcoma_related_cancers	1281	121	1160	-0.5074789945571371	0.6020113412547681	0.160317110729362	True	lrt_mle	0.296,1.223	lrt_quadratic	two		True	0.29644028220964586	1.2225654769248266	True	True	False	mle	mle	lrt_mle	1281	121	1160	firth_seeded_refit;firth_seeded_refit;inference=mle;ci=profile	chr10-79542902-INV-674513	0.160317110729362	0.160317110729362	True	lrt_mle	lrt_mle	0.9274613272219532	False	True	lrt_quadratic		0.296,1.223	0.29644028220964586	1.2225654769248266	
Melanocytic_nevi	1265	105	1160	0.12797350154508	1.136522886197576	0.719009738428518	True	lrt_mle	0.566,2.282	lrt_quadratic	two		True	0.5659897132459873	2.2821691642467785	True	True	False	mle	mle	lrt_mle	1265	105	1160	firth_seeded_refit;firth_seeded_refit;inference=mle;ci=profile	chr10-79542902-INV-674513	0.719009738428518	0.719009738428518	True	lrt_mle	lrt_mle	0.9274613272219532	False	True	lrt_quadratic		0.566,2.282	0.5659897132459873	2.2821691642467785	
Migraine	1435	108	1327	-1.127958282546089	0.32369347281840405	0.007463019358961	True	lrt_mle	0.131,0.803	wald_mle	two		True	0.13050183989702302	0.8028811274072261	True	True	False	mle	mle	lrt_mle	1435	108	1327	firth_seeded_refit;firth_seeded_refit;inference=mle;ci=wald_mle	chr10-79542902-INV-674513	0.007463019358961	0.007463019358961	True	lrt_mle	lrt_mle	0.679134761665451	False	True	wald_mle		0.131,0.803	0.13050183989702302	0.8028811274072261	
Other_follicular_disorders	1339	206	1133	-0.259060761877693	0.7717761270523351	0.35223930070651005	True	lrt_mle	0.447,1.332	lrt_quadratic	two		True	0.4471420947052021	1.332100907834685	False	True	False	mle	mle	lrt_mle	1339	206	1133	ridge_seeded_refit;ridge_seeded_refit;inference=mle;ci=profile	chr10-79542902-INV-674513	0.35223930070651005	0.35223930070651005	True	lrt_mle	lrt_mle	0.9274613272219532	False	True	lrt_quadratic		0.447,1.332	0.4471420947052021	1.332100907834685	
Benign_neoplasm_of_the_skin	1311	151	1160	0.002721385597576	1.002725091928718	0.9929607309774121	True	lrt_mle	0.548,1.835	lrt_quadratic	two		True	0.5477992182682271	1.835449150807546	True	True	False	mle	mle	lrt_mle	1311	151	1160	firth_seeded_refit;firth_seeded_refit;inference=mle;ci=profile	chr10-79542902-INV-674513	0.9929607309774121	0.9929607309774121	True	lrt_mle	lrt_mle	0.9929607309774121	False	True	lrt_quadratic		0.548,1.835	0.5477992182682271	1.835449150807546	
Pain_in_shoulder	1448	233	1215	-0.260283648970769	0.7708329088300581	0.33356691448021103	True	lrt_mle	0.455,1.306	lrt_quadratic	two		True	0.45481499677374176	1.3064287183806296	False	True	False	mle	mle	lrt_mle	1448	233	1215	ridge_seeded_refit;ridge_seeded_refit;inference=mle;ci=profile	chr10-79542902-INV-674513	0.33356691448021103	0.33356691448021103	True	lrt_mle	lrt_mle	0.9274613272219532	False	True	lrt_quadratic		0.455,1.306	0.45481499677374176	1.3064287183806296	
Goiter	1286	101	1185	-0.239077364905207	0.787353966451362	0.5367826041195011	True	lrt_mle	0.369,1.681	lrt_quadratic	two		True	0.3687308685635727	1.6812432083640745	True	True	False	mle	mle	lrt_mle	1286	101	1185	firth_seeded_refit;firth_seeded_refit;inference=mle;ci=profile	chr10-79542902-INV-674513	0.5367826041195011	0.5367826041195011	True	lrt_mle	lrt_mle	0.9274613272219532	False	True	lrt_quadratic		0.369,1.681	0.3687308685635727	1.6812432083640745	
Viral_infections	1462	337	1125	-0.137166793325771	0.8718247994465561	0.5384645196544391	True	lrt_mle	0.563,1.350	lrt_quadratic	two		True	0.563148934087187	1.3496935445008824	False	True	False	mle	mle	lrt_mle	1462	337	1125	ridge_seeded_refit;ridge_seeded_refit;inference=mle;ci=profile	chr10-79542902-INV-674513	0.5384645196544391	0.5384645196544391	True	lrt_mle	lrt_mle	0.9274613272219532	False	True	lrt_quadratic		0.563,1.350	0.563148934087187	1.3496935445008824	
Lump_or_mass_in_breast_or_nonspecific_abnormal_breast_exam	1309	149	1160	-0.264857372388285	0.7673153825320601	0.46330845707593205	True	lrt_mle	0.378,1.557	lrt_quadratic	two		True	0.37807526972894245	1.5572901573076654	True	True	False	mle	mle	lrt_mle	1309	149	1160	firth_seeded_refit;firth_seeded_refit;inference=mle;ci=profile	chr10-79542902-INV-674513	0.46330845707593205	0.46330845707593205	True	lrt_mle	lrt_mle	0.9274613272219532	False	True	lrt_quadratic		0.378,1.557	0.37807526972894245	1.5572901573076654	
Other_skin_and_subcutaneous_disorders	1256	123	1133	-0.40676268520630904	0.6658021762606751	0.185870916306821	True	lrt_mle	0.364,1.216	lrt_quadratic	two		True	0.364433322397068	1.216388597501692	True	True	False	mle	mle	lrt_mle	1256	123	1133	firth_seeded_refit;firth_seeded_refit;inference=mle;ci=profile	chr12-46897663-INV-16289	0.185870916306821	0.185870916306821	True	lrt_mle	lrt_mle	0.9274613272219532	False	True	lrt_quadratic		0.364,1.216	0.364433322397068	1.216388597501692	
Inflammation_of_the_eye	1356	114	1242	-0.079857035162396	0.923248328999397	0.790514041091627	True	lrt_mle	0.512,1.664	lrt_quadratic	two		True	0.5121914021384781	1.664197160361013	True	True	False	mle	mle	lrt_mle	1356	114	1242	firth_seeded_refit;firth_seeded_refit;inference=mle;ci=profile	chr12-46897663-INV-16289	0.790514041091627	0.790514041091627	True	lrt_mle	lrt_mle	0.9274613272219532	False	True	lrt_quadratic		0.512,1.664	0.5121914021384781	1.664197160361013	
Hearing_impairment	1380	138	1242	-0.12635306328159301	0.88130363589431	0.657142081880823	True	lrt_mle	0.504,1.540	lrt_quadratic	two		True	0.5044479942998867	1.5396950873369886	True	True	False	mle	mle	lrt_mle	1380	138	1242	firth_seeded_refit;firth_seeded_refit;inference=mle;ci=profile	chr12-46897663-INV-16289	0.657142081880823	0.657142081880823	True	lrt_mle	lrt_mle	0.9274613272219532	False	True	lrt_quadratic		0.504,1.540	0.5044479942998867	1.5396950873369886	
Pure_hypercholesterolemia	1343	158	1185	-0.363869757740711	0.694981704836065	0.203545664822773	True	lrt_mle	0.397,1.218	lrt_quadratic	two		True	0.39662923934039895	1.2177608762785126	True	True	False	mle	mle	lrt_mle	1343	158	1185	firth_seeded_refit;firth_seeded_refit;inference=mle;ci=profile	chr12-46897663-INV-16289	0.203545664822773	0.203545664822773	True	lrt_mle	lrt_mle	0.9274613272219532	False	True	lrt_quadratic		0.397,1.218	0.39662923934039895	1.2177608762785126	
Benign_sarcoma_related_cancers	1281	121	1160	-0.594125984351997	0.552044850912887	0.060108628304582	True	lrt_mle	0.297,1.026	lrt_quadratic	two		True	0.2971483190081657	1.0255939472807767	True	True	False	mle	mle	lrt_mle	1281	121	1160	firth_seeded_refit;firth_seeded_refit;inference=mle;ci=profile	chr12-46897663-INV-16289	0.060108628304582	0.060108628304582	True	lrt_mle	lrt_mle	0.9274613272219532	False	True	lrt_quadratic		0.297,1.026	0.2971483190081657	1.0255939472807767	
Melanocytic_nevi	1265	105	1160	-0.326466334313379	0.7214686633776961	0.297583878607294	True	lrt_mle	0.390,1.334	lrt_quadratic	two		True	0.39033243001775203	1.3335223829911538	True	True	False	mle	mle	lrt_mle	1265	105	1160	firth_seeded_refit;firth_seeded_refit;inference=mle;ci=profile	chr12-46897663-INV-16289	0.297583878607294	0.297583878607294	True	lrt_mle	lrt_mle	0.9274613272219532	False	True	lrt_quadratic		0.390,1.334	0.39033243001775203	1.3335223829911538	
Migraine	1435	108	1327	-0.120357425280653	0.8866034855776951	0.70176299820523	True	lrt_mle	0.479,1.642	lrt_quadratic	two		True	0.47884983443157086	1.641570455112795	True	True	False	mle	mle	lrt_mle	1435	108	1327	firth_seeded_refit;firth_seeded_refit;inference=mle;ci=profile	chr12-46897663-INV-16289	0.70176299820523	0.70176299820523	True	lrt_mle	lrt_mle	0.9274613272219532	False	True	lrt_quadratic		0.479,1.642	0.47884983443157086	1.641570455112795	
Other_follicular_disorders	1339	206	1133	-0.06476832582601	0.9372845828574701	0.779490568607839	True	lrt_mle	0.596,1.475	lrt_quadratic	two		True	0.5956119897335067	1.4749575300782145	False	True	False	mle	mle	lrt_mle	1339	206	1133	ridge_seeded_refit;ridge_seeded_refit;inference=mle;ci=profile	chr12-46897663-INV-16289	0.779490568607839	0.779490568607839	True	lrt_mle	lrt_mle	0.9274613272219532	False	True	lrt_quadratic		0.596,1.475	0.5956119897335067	1.4749575300782145	
Benign_neoplasm_of_the_skin	1311	151	1160	-0.24490294480547503	0.782780507469627	0.360126550042681	True	lrt_mle	0.463,1.323	lrt_quadratic	two		True	0.46328026663090677	1.3226234031733075	True	True	False	mle	mle	lrt_mle	1311	151	1160	firth_seeded_refit;firth_seeded_refit;inference=mle;ci=profile	chr12-46897663-INV-16289	0.360126550042681	0.360126550042681	True	lrt_mle	lrt_mle	0.9274613272219532	False	True	lrt_quadratic		0.463,1.323	0.46328026663090677	1.3226234031733075	
Pain_in_shoulder	1448	233	1215	0.14531660666999802	1.156405638053443	0.506799795128638	True	lrt_mle	0.753,1.776	lrt_quadratic	two		True	0.7529679257285417	1.776003935928478	False	True	False	mle	mle	lrt_mle	1448	233	1215	ridge_seeded_refit;ridge_seeded_refit;inference=mle;ci=profile	chr12-46897663-INV-16289	0.506799795128638	0.506799795128638	True	lrt_mle	lrt_mle	0.9274613272219532	False	True	lrt_quadratic		0.753,1.776	0.7529679257285417	1.776003935928478	
Goiter	1286	101	1185	0.24411749135719701	1.276494298726909	0.43184222648747606	True	lrt_mle	0.694,2.346	lrt_quadratic	two		True	0.6944891435014424	2.346239260799786	True	True	False	mle	mle	lrt_mle	1286	101	1185	firth_seeded_refit;firth_seeded_refit;inference=mle;ci=profile	chr12-46897663-INV-16289	0.43184222648747606	0.43184222648747606	True	lrt_mle	lrt_mle	0.9274613272219532	False	True	lrt_quadratic		0.694,2.346	0.6944891435014424	2.346239260799786	
Viral_infections	1462	337	1125	0.064096287055729	1.066195054601852	0.738425382933494	True	lrt_mle	0.732,1.553	lrt_quadratic	two		True	0.731908992979331	1.5531601679466571	False	True	False	mle	mle	lrt_mle	1462	337	1125	ridge_seeded_refit;ridge_seeded_refit;inference=mle;ci=profile	chr12-46897663-INV-16289	0.738425382933494	0.738425382933494	True	lrt_mle	lrt_mle	0.9274613272219532	False	True	lrt_quadratic		0.732,1.553	0.731908992979331	1.5531601679466571	
Lump_or_mass_in_breast_or_nonspecific_abnormal_breast_exam	1309	149	1160	-0.041879233288603004	0.9589855871151881	0.8805033646168181	True	lrt_mle	0.556,1.656	lrt_quadratic	two		True	0.5555004892163462	1.6555401374930099	True	True	False	mle	mle	lrt_mle	1309	149	1160	firth_seeded_refit;firth_seeded_refit;inference=mle;ci=profile	chr12-46897663-INV-16289	0.8805033646168181	0.8805033646168181	True	lrt_mle	lrt_mle	0.9316954206991913	False	True	lrt_quadratic		0.556,1.656	0.5555004892163462	1.6555401374930099	
Other_skin_and_subcutaneous_disorders	1256	123	1133	-0.836946814651192	0.43303062991353203	0.6914528646250271	True	lrt_mle	0.007,27.010	lrt_quadratic	two		True	0.006942410604432915	27.010146349392926	True	True	False	mle	mle	lrt_mle	1256	123	1133	firth_seeded_refit;firth_seeded_refit;inference=mle;ci=profile	chr4-33098029-INV-7075	0.6914528646250271	0.6914528646250271	True	lrt_mle	lrt_mle	0.9274613272219532	False	True	lrt_quadratic		0.007,27.010	0.006942410604432915	27.010146349392926	
Inflammation_of_the_eye	1356	114	1242	1.2750183723154551	3.578767159736791	0.43288959007034306	True	lrt_mle	0.148,86.614	lrt_quadratic	two		True	0.14786933218648818	86.61413556299844	True	True	False	mle	mle	lrt_mle	1356	114	1242	firth_seeded_refit;firth_seeded_refit;inference=mle;ci=profile	chr4-33098029-INV-7075	0.43288959007034306	0.43288959007034306	True	lrt_mle	lrt_mle	0.9274613272219532	False	True	lrt_quadratic		0.148,86.614	0.14786933218648818	86.61413556299844	
Hearing_impairment	1380	138	1242	-0.105221451328825	0.9001251665990041	0.9570055323476411	True	lrt_mle	0.020,41.269	lrt_quadratic	two		True	0.019632735554812486	41.26909942238169	True	True	False	mle	mle	lrt_mle	1380	138	1242	firth_seeded_refit;firth_seeded_refit;inference=mle;ci=profile	chr4-33098029-INV-7075	0.9570055323476411	0.9570055323476411	True	lrt_mle	lrt_mle	0.9743750172562214	False	True	lrt_quadratic		0.020,41.269	0.019632735554812486	41.26909942238169	
Pure_hypercholesterolemia	1343	158	1185	-3.436214597103039	0.032186293102589005	0.169648376590691	True	lrt_mle	1.258e-04,8.232	wald_mle	two		True	0.000125839891739	8.232345477763404	True	True	False	mle	mle	lrt_mle	1343	158	1185	firth_seeded_refit;firth_seeded_refit;inference=mle;ci=wald_mle	chr4-33098029-INV-7075	0.169648376590691	0.169648376590691	True	lrt_mle	lrt_mle	0.9274613272219532	False	True	wald_mle		1.258e-04,8.232	0.000125839891739	8.232345477763404	
Benign_sarcoma_related_cancers	1281	121	1160	1.684159077432311	5.3879182047689085	0.323500703457236	True	lrt_mle	0.190,152.558	lrt_quadratic	two		True	0.19028583296832016	152.55819168688834	True	True	False	mle	mle	lrt_mle	1281	121	1160	firth_seeded_refit;firth_seeded_refit;inference=mle;ci=profile	chr4-33098029-INV-7075	0.323500703457236	0.323500703457236	True	lrt_mle	lrt_mle	0.9274613272219532	False	True	lrt_quadratic		0.190,152.558	0.19028583296832016	152.55819168688834	
Melanocytic_nevi	1265	105	1160	1.760927072365793	5.817828443048839	0.43701137027761805	True	lrt_mle	0.069,493.437	lrt_quadratic	two		True	0.06859459207476203	493.4372633320374	True	True	False	mle	mle	lrt_mle	1265	105	1160	firth_seeded_refit;firth_seeded_refit;inference=mle;ci=profile	chr4-33098029-INV-7075	0.43701137027761805	0.43701137027761805	True	lrt_mle	lrt_mle	0.9274613272219532	False	True	lrt_quadratic		0.069,493.437	0.06859459207476203	493.4372633320374	
Migraine	1435	108	1327	-3.4814105736620062	0.030763985544778	0.16187219570643002	True	lrt_mle	1.098e-04,8.619	wald_mle	two		True	0.000109801612498	8.619388960370536	True	True	False	mle	mle	lrt_mle	1435	108	1327	firth_seeded_refit;firth_seeded_refit;inference=mle;ci=wald_mle	chr4-33098029-INV-7075	0.16187219570643002	0.16187219570643002	True	lrt_mle	lrt_mle	0.9274613272219532	False	True	wald_mle		1.098e-04,8.619	0.000109801612498	8.619388960370536	
Other_follicular_disorders	1339	206	1133	-0.27672307287625403	0.758264452031799	0.853330104321892	True	lrt_mle	0.040,14.254	lrt_quadratic	two		True	0.04033719084322071	14.253966803236578	False	True	False	mle	mle	lrt_mle	1339	206	1133	ridge_seeded_refit;ridge_seeded_refit;inference=mle;ci=profile	chr4-33098029-INV-7075	0.853330104321892	0.853330104321892	True	lrt_mle	lrt_mle	0.9316954206991913	False	True	lrt_quadratic		0.040,14.254	0.04033719084322071	14.253966803236578	
Benign_neoplasm_of_the_skin	1311	151	1160	1.5946335990641671	4.926523658507825	0.38864584435805904	True	lrt_mle	0.131,184.952	lrt_quadratic	two		True	0.13122652227988316	184.95221039289834	True	True	False	mle	mle	lrt_mle	1311	151	1160	firth_seeded_refit;firth_seeded_refit;inference=mle;ci=profile	chr4-33098029-INV-7075	0.38864584435805904	0.38864584435805904	True	lrt_mle	lrt_mle	0.9274613272219532	False	True	lrt_quadratic		0.131,184.952	0.13122652227988316	184.95221039289834	
Pain_in_shoulder	1448	233	1215	1.3954664315928191	4.036857051238719	0.256468368434469	True	lrt_mle	0.362,44.956	lrt_quadratic	two		True	0.3624919259207361	44.956076775346325	False	True	False	mle	mle	lrt_mle	1448	233	1215	ridge_seeded_refit;ridge_seeded_refit;inference=mle;ci=profile	chr4-33098029-INV-7075	0.256468368434469	0.256468368434469	True	lrt_mle	lrt_mle	0.9274613272219532	False	True	lrt_quadratic		0.362,44.956	0.3624919259207361	44.956076775346325	
Goiter	1286	101	1185	1.110868250748747	3.036994122454444	0.557081801241275	True	lrt_mle	0.074,123.823	lrt_quadratic	two		True	0.07448784777316696	123.82332924841725	True	True	False	mle	mle	lrt_mle	1286	101	1185	firth_seeded_refit;firth_seeded_refit;inference=mle;ci=profile	chr4-33098029-INV-7075	0.557081801241275	0.557081801241275	True	lrt_mle	lrt_mle	0.9274613272219532	False	True	lrt_quadratic		0.074,123.823	0.07448784777316696	123.82332924841725	
Viral_infections	1462	337	1125	-0.478328576016312	0.619818506024298	0.6862758224669281	True	lrt_mle	0.061,6.314	lrt_quadratic	two		True	0.06084759882864293	6.313724580851502	False	True	False	mle	mle	lrt_mle	1462	337	1125	ridge_seeded_refit;ridge_seeded_refit;inference=mle;ci=profile	chr4-33098029-INV-7075	0.6862758224669281	0.6862758224669281	True	lrt_mle	lrt_mle	0.9274613272219532	False	True	lrt_quadratic		0.061,6.314	0.06084759882864293	6.313724580851502	
Lump_or_mass_in_breast_or_nonspecific_abnormal_breast_exam	1309	149	1160	1.69752558750222	5.460419331791583	0.33002171462066504	True	lrt_mle	0.179,166.198	lrt_quadratic	two		True	0.17940114924794107	166.19837388999	True	True	False	mle	mle	lrt_mle	1309	149	1160	firth_seeded_refit;firth_seeded_refit;inference=mle;ci=profile	chr4-33098029-INV-7075	0.33002171462066504	0.33002171462066504	True	lrt_mle	lrt_mle	0.9274613272219532	False	True	lrt_quadratic		0.179,166.198	0.17940114924794107	166.19837388999	
Other_skin_and_subcutaneous_disorders	1256	123	1133	0.9857180989259481	2.6797355088528	0.5288281106203181	True	lrt_mle	0.125,57.589	lrt_quadratic	two		True	0.12469334980699184	57.58913693891255	True	True	False	mle	mle	lrt_mle	1256	123	1133	firth_seeded_refit;firth_seeded_refit;inference=mle;ci=profile	chr6-167181003-INV-209976	0.5288281106203181	0.5288281106203181	True	lrt_mle	lrt_mle	0.9274613272219532	False	True	lrt_quadratic		0.125,57.589	0.12469334980699184	57.58913693891255	
Inflammation_of_the_eye	1356	114	1242	-1.928577949997352	0.14535475331049902	0.29970348725766804	True	score_chi2	0.075,0.308	profile_penalized	two		True	0.075481153816989	0.30848955672336403	True	False	True	firth	firth	score_chi2	1356	114	1242	firth_refit;firth_seeded_refit;inference=firth;ci=profile_penalized	chr6-167181003-INV-209976		0.29970348725766804	True	score_chi2	score_chi2	0.9274613272219532	False	True	profile_penalized		0.075,0.308	0.075481153816989	0.30848955672336403	
Hearing_impairment	1380	138	1242	1.06021106141689	2.8869802551126202	0.538715390060962	True	lrt_mle	0.098,84.806	lrt_quadratic	two		True	0.09827870059774826	84.80632062407501	True	True	False	mle	mle	lrt_mle	1380	138	1242	firth_seeded_refit;firth_seeded_refit;inference=mle;ci=profile	chr6-167181003-INV-209976	0.538715390060962	0.538715390060962	True	lrt_mle	lrt_mle	0.9274613272219532	False	True	lrt_quadratic		0.098,84.806	0.09827870059774826	84.80632062407501	
Pure_hypercholesterolemia	1343	158	1185	-1.5012429360640311	0.222852995909804	0.48779739578995907	True	lrt_mle	0.002,22.925	wald_mle	two		True	0.002166331475212	22.925142506685688	True	True	False	mle	mle	lrt_mle	1343	158	1185	firth_seeded_refit;firth_seeded_refit;inference=mle;ci=wald_mle	chr6-167181003-INV-209976	0.48779739578995907	0.48779739578995907	True	lrt_mle	lrt_mle	0.9274613272219532	False	True	wald_mle		0.002,22.925	0.002166331475212	22.925142506685688	
Benign_sarcoma_related_cancers	1281	121	1160	1.035592548752381	2.816774817621072	0.53338489201461	True	lrt_mle	0.108,73.286	lrt_quadratic	two		True	0.1082631482410025	73.2864368170968	True	True	False	mle	mle	lrt_mle	1281	121	1160	firth_seeded_refit;firth_seeded_refit;inference=mle;ci=profile	chr6-167181003-INV-209976	0.53338489201461	0.53338489201461	True	lrt_mle	lrt_mle	0.9274613272219532	False	True	lrt_quadratic		0.108,73.286	0.1082631482410025	73.2864368170968	
Melanocytic_nevi	1265	105	1160	0.421362119381246	1.524036061492634	0.8183419831299701	True	lrt_mle	0.042,55.538	lrt_quadratic	two		True	0.041821539089370155	55.5380305771755	True	True	False	mle	mle	lrt_mle	1265	105	1160	firth_seeded_refit;firth_seeded_refit;inference=mle;ci=profile	chr6-167181003-INV-209976	0.8183419831299701	0.8183419831299701	True	lrt_mle	lrt_mle	0.930864005810341	False	True	lrt_quadratic		0.042,55.538	0.041821539089370155	55.5380305771755	
Migraine	1435	108	1327	-0.9801952968430401	0.375237808935513	0.642434351073059	True	lrt_mle	0.006,23.513	lrt_quadratic	two		True	0.005988327688592776	23.512977341394116	True	True	False	mle	mle	lrt_mle	1435	108	1327	firth_seeded_refit;firth_seeded_refit;inference=mle;ci=profile	chr6-167181003-INV-209976	0.642434351073059	0.642434351073059	True	lrt_mle	lrt_mle	0.9274613272219532	False	True	lrt_quadratic		0.006,23.513	0.005988327688592776	23.512977341394116	
Other_follicular_disorders	1339	206	1133	-0.065688628010639	0.9364223946059661	0.9636675994841751	True	lrt_mle	0.055,15.811	lrt_quadratic	two		True	0.055460090831172676	15.811133519217005	False	True	False	mle	mle	lrt_mle	1339	206	1133	ridge_seeded_refit;ridge_seeded_refit;inference=mle;ci=profile	chr6-167181003-INV-209976	0.9636675994841751	0.9636675994841751	True	lrt_mle	lrt_mle	0.9743750172562214	False	True	lrt_quadratic		0.055,15.811	0.055460090831172676	15.811133519217005	
Benign_neoplasm_of_the_skin	1311	151	1160	0.38616736643064603	1.4713309016100862	0.8051587346212561	True	lrt_mle	0.068,31.641	lrt_quadratic	two		True	0.06841787227648448	31.641069065762277	True	True	False	mle	mle	lrt_mle	1311	151	1160	firth_seeded_refit;firth_seeded_refit;inference=mle;ci=profile	chr6-167181003-INV-209976	0.8051587346212561	0.8051587346212561	True	lrt_mle	lrt_mle	0.9274613272219532	False	True	lrt_quadratic		0.068,31.641	0.06841787227648448	31.641069065762277	
Pain_in_shoulder	1448	233	1215	-0.381440322825705	0.682877137020059	0.7927658393968181	True	lrt_mle	0.040,11.754	lrt_quadratic	two		True	0.03967305951008413	11.75410190248079	False	True	False	mle	mle	lrt_mle	1448	233	1215	ridge_seeded_refit;ridge_seeded_refit;inference=mle;ci=profile	chr6-167181003-INV-209976	0.7927658393968181	0.7927658393968181	True	lrt_mle	lrt_mle	0.9274613272219532	False	True	lrt_quadratic		0.040,11.754	0.03967305951008413	11.75410190248079	
Goiter	1286	101	1185	-0.623232150534862	0.5362085270662731	0.49732631516747705	True	score_chi2	0.340,0.975	profile_penalized	two		True	0.34002338540383403	0.974636865192791	True	False	True	firth	firth	score_chi2	1286	101	1185	firth_refit;firth_seeded_refit;inference=firth;ci=profile_penalized	chr6-167181003-INV-209976		0.49732631516747705	True	score_chi2	score_chi2	0.9274613272219532	False	True	profile_penalized		0.340,0.975	0.34002338540383403	0.974636865192791	
Viral_infections	1462	337	1125	-2.548022917339808	0.078236192614691	0.10306523902195601	True	lrt_mle	0.002,2.808	wald_mle	two		True	0.002179793986784	2.808018497138553	False	True	False	mle	mle	lrt_mle	1462	337	1125	ridge_seeded_refit;ridge_seeded_refit;inference=mle;ci=wald_mle	chr6-167181003-INV-209976	0.10306523902195601	0.10306523902195601	True	lrt_mle	lrt_mle	0.9274613272219532	False	True	wald_mle		0.002,2.808	0.002179793986784	2.808018497138553	
Lump_or_mass_in_breast_or_nonspecific_abnormal_breast_exam	1309	149	1160	-2.660251300334472	0.06993064594163001	0.264755620334638	True	lrt_mle	2.590e-04,18.878	wald_mle	two		True	0.000259048814793	18.87789081652431	True	True	False	mle	mle	lrt_mle	1309	149	1160	firth_seeded_refit;firth_seeded_refit;inference=mle;ci=wald_mle	chr6-167181003-INV-209976	0.264755620334638	0.264755620334638	True	lrt_mle	lrt_mle	0.9274613272219532	False	True	wald_mle		2.590e-04,18.878	0.000259048814793	18.87789081652431	
Other_skin_and_subcutaneous_disorders	1256	123	1133	-0.13963510550851202	0.8696755173137231	0.601971844327828	True	lrt_mle	0.515,1.470	lrt_quadratic	two		True	0.5146021876373517	1.469747940418579	True	True	False	mle	mle	lrt_mle	1256	123	1133	firth_seeded_refit;firth_seeded_refit;inference=mle;ci=profile	chr17-45585160-INV-706887	0.601971844327828	0.601971844327828	True	lrt_mle	lrt_mle	0.9274613272219532	False	True	lrt_quadratic		0.515,1.470	0.5146021876373517	1.469747940418579	
Inflammation_of_the_eye	1356	114	1242	0.07628399261506401	1.079269035074534	0.7796399578843181	True	lrt_mle	0.632,1.842	lrt_quadratic	two		True	0.6324853330453951	1.8416579629793774	True	True	False	mle	mle	lrt_mle	1356	114	1242	firth_seeded_refit;firth_seeded_refit;inference=mle;ci=profile	chr17-45585160-INV-706887	0.7796399578843181	0.7796399578843181	True	lrt_mle	lrt_mle	0.9274613272219532	False	True	lrt_quadratic		0.632,1.842	0.6324853330453951	1.8416579629793774	
Hearing_impairment	1380	138	1242	-0.018800121094329002	0.9813754989011351	0.942252486971455	True	lrt_mle	0.590,1.632	lrt_quadratic	two		True	0.5900961610540434	1.6321032628362548	True	True	False	mle	mle	lrt_mle	1380	138	1242	firth_seeded_refit;firth_seeded_refit;inference=mle;ci=profile	chr17-45585160-INV-706887	0.942252486971455	0.942252486971455	True	lrt_mle	lrt_mle	0.9743747308454819	False	True	lrt_quadratic		0.590,1.632	0.5900961610540434	1.6321032628362548	
Pure_hypercholesterolemia	1343	158	1185	0.180097790912772	1.197334445825255	0.459581591213359	True	lrt_mle	0.743,1.930	lrt_quadratic	two		True	0.742889102508488	1.9297762887069554	True	True	False	mle	mle	lrt_mle	1343	158	1185	firth_seeded_refit;firth_seeded_refit;inference=mle;ci=profile	chr17-45585160-INV-706887	0.459581591213359	0.459581591213359	True	lrt_mle	lrt_mle	0.9274613272219532	False	True	lrt_quadratic		0.743,1.930	0.742889102508488	1.9297762887069554	
Benign_sarcoma_related_cancers	1281	121	1160	0.044513202393367	1.045518779969544	0.870938907900985	True	lrt_mle	0.611,1.789	lrt_quadratic	two		True	0.6111046717473312	1.7887435161368912	True	True	False	mle	mle	lrt_mle	1281	121	1160	firth_seeded_refit;firth_seeded_refit;inference=mle;ci=profile	chr17-45585160-INV-706887	0.870938907900985	0.870938907900985	True	lrt_mle	lrt_mle	0.9316954206991913	False	True	lrt_quadratic		0.611,1.789	0.6111046717473312	1.7887435161368912	
Melanocytic_nevi	1265	105	1160	0.150492898784719	1.162407050571116	0.5862390400987251	True	lrt_mle	0.676,1.999	lrt_quadratic	two		True	0.6760953710345072	1.9985200448125522	True	True	False	mle	mle	lrt_mle	1265	105	1160	firth_seeded_refit;firth_seeded_refit;inference=mle;ci=profile	chr17-45585160-INV-706887	0.5862390400987251	0.5862390400987251	True	lrt_mle	lrt_mle	0.9274613272219532	False	True	lrt_quadratic		0.676,1.999	0.6760953710345072	1.9985200448125522	
Migraine	1435	108	1327	-0.11828358174343201	0.8884440703691061	0.6746994412158971	True	lrt_mle	0.511,1.544	lrt_quadratic	two		True	0.5113767389893653	1.543544721517811	True	True	False	mle	mle	lrt_mle	1435	108	1327	firth_seeded_refit;firth_seeded_refit;inference=mle;ci=profile	chr17-45585160-INV-706887	0.6746994412158971	0.6746994412158971	True	lrt_mle	lrt_mle	0.9274613272219532	False	True	lrt_quadratic		0.511,1.544	0.5113767389893653	1.543544721517811	
Other_follicular_disorders	1339	206	1133	0.07062894229942601	1.073182939185547	0.730137306335054	True	lrt_mle	0.718,1.603	lrt_quadratic	two		True	0.7184318714980591	1.6031048546849467	False	True	False	mle	mle	lrt_mle	1339	206	1133	ridge_seeded_refit;ridge_seeded_refit;inference=mle;ci=profile	chr17-45585160-INV-706887	0.730137306335054	0.730137306335054	True	lrt_mle	lrt_mle	0.9274613272219532	False	True	lrt_quadratic		0.718,1.603	0.7184318714980591	1.6031048546849467	
Benign_neoplasm_of_the_skin	1311	151	1160	0.069670248427438	1.072154578298632	0.769871760363917	True	lrt_mle	0.672,1.710	lrt_quadratic	two		True	0.6722645541978197	1.7099152894330076	True	True	False	mle	mle	lrt_mle	1311	151	1160	firth_seeded_refit;firth_seeded_refit;inference=mle;ci=profile	chr17-45585160-INV-706887	0.769871760363917	0.769871760363917	True	lrt_mle	lrt_mle	0.9274613272219532	False	True	lrt_quadratic		0.672,1.710	0.6722645541978197	1.7099152894330076	
Pain_in_shoulder	1448	233	1215	-0.093169661354909	0.9110389190858951	0.648217246160385	True	lrt_mle	0.611,1.359	lrt_quadratic	two		True	0.6105362919152775	1.3594472975316148	False	True	False	mle	mle	lrt_mle	1448	233	1215	ridge_seeded_refit;ridge_seeded_refit;inference=mle;ci=profile	chr17-45585160-INV-706887	0.648217246160385	0.648217246160385	True	lrt_mle	lrt_mle	0.9274613272219532	False	True	lrt_quadratic		0.611,1.359	0.6105362919152775	1.3594472975316148	
Goiter	1286	101	1185	-0.32173523833502504	0.7248900880318351	0.291109659761189	True	lrt_mle	0.399,1.317	lrt_quadratic	two		True	0.3988940401903591	1.3173063189313157	True	True	False	mle	mle	lrt_mle	1286	101	1185	firth_seeded_refit;firth_seeded_refit;inference=mle;ci=profile	chr17-45585160-INV-706887	0.291109659761189	0.291109659761189	True	lrt_mle	lrt_mle	0.9274613272219532	False	True	lrt_quadratic		0.399,1.317	0.3988940401903591	1.3173063189313157	
Viral_infections	1462	337	1125	0.13047983253654202	1.1393749613589539	0.45060159246281106	True	lrt_mle	0.812,1.599	lrt_quadratic	two		True	0.8117954785986476	1.5991408387894417	False	True	False	mle	mle	lrt_mle	1462	337	1125	ridge_seeded_refit;ridge_seeded_refit;inference=mle;ci=profile	chr17-45585160-INV-706887	0.45060159246281106	0.45060159246281106	True	lrt_mle	lrt_mle	0.9274613272219532	False	True	lrt_quadratic		0.812,1.599	0.8117954785986476	1.5991408387894417	
Lump_or_mass_in_breast_or_nonspecific_abnormal_breast_exam	1309	149	1160	0.06403380130243401	1.066128434682126	0.804979014681084	True	lrt_mle	0.641,1.772	lrt_quadratic	two		True	0.6412938070071789	1.7724010848354181	True	True	False	mle	mle	lrt_mle	1309	149	1160	firth_seeded_refit;firth_seeded_refit;inference=mle;ci=profile	chr17-45585160-INV-706887	0.804979014681084	0.804979014681084	True	lrt_mle	lrt_mle	0.9274613272219532	False	True	lrt_quadratic		0.641,1.772	0.6412938070071789	1.7724010848354181	
