inv_id	chrom	start	end	size_bp	af	disease_genes	t2t_cov_win_pct	panTro6_cov_win_pct	t2t_cov_inv_pct	panTro6_cov_inv_pct	t2t_n_segments	panTro6_n_segments	t2t_n_gaps	panTro6_n_gaps	t2t_largest_gap	panTro6_largest_gap	t2t_longest_block	panTro6_longest_block	t2t_identity	panTro6_identity	t2t_frac_rev_inv	panTro6_frac_rev_inv	note
chr1-13084312-INV-62181	chr1	13104252	13122521	18269	0.31000000000000005	NA	35.3	0.0	0.0	0.0	2	0	2	1	64365	118269	37143	0	0.5142	None	None	None	panTro6 had NO alignment here; T2T covers 35.3% of the window
chr1-145160435-INV-994087	chr1	145160434	146154520	994086	0.98	NA	36.9	31.5	75.6	70.7	9	9	6	5	728323	1030685	660243	509474	0.8297	0.8721	0.823	0.111	T2T vs panTro6: window coverage 31.5%→36.9% (+5.4 pp); gaps 5→6; largest gap 1030kb→728kb; longest contiguous block 509kb→660kb; aln identity 0.872→0.830 (-0.042); chimp orientation frac_rev 0.111→0.823
chr1-146298110-INV-2374764	chr1	146298109	148672872	2374763	0.020000000000000018	NA	60.2	55.7	58.0	58.1	16	15	9	10	728323	540585	986591	986591	0.8284	0.9015	0.216	0.707	T2T vs panTro6: window coverage 55.7%→60.2% (+4.5 pp); gaps 10→9; largest gap 540kb→728kb; aln identity 0.901→0.828 (-0.073); chimp orientation frac_rev 0.707→0.216
chr1-248128774-INV-300084	chr1	248128773	248428856	300083	0.01	NA	95.3	95.7	100.0	100.0	2	3	1	1	42507	38310	689381	652265	0.8395	0.8457	1.0	0.0	T2T vs panTro6: largest gap 38kb→42kb; longest contiguous block 652kb→689kb; aln identity 0.846→0.840 (-0.006); chimp orientation frac_rev 0.0→1.0
chr1-25338356-INV-24067	chr1	25324280	25369060	44780	0.99	NA	100.0	100.0	100.0	100.0	1	3	0	0	0	0	144780	144780	0.9411	0.8841	1.0	0.768	T2T vs panTro6: aln identity 0.884→0.941 (+0.057); chimp orientation frac_rev 0.768→1.0
chr1-81642914-INV-66617	chr1	81650508	81707447	56939	0.99	NA	100.0	100.0	100.0	100.0	1	1	0	0	0	0	170817	170817	0.9658	0.9661	1.0	0.0	T2T vs panTro6: chimp orientation frac_rev 0.0→1.0
chr10-15742645-INV-17942	chr10	15742803	15760427	17624	0.01	NA	100.0	100.0	100.0	100.0	1	1	0	0	0	0	117624	117624	0.9628	0.9652	0.0	0.0	T2T vs panTro6: aln identity 0.965→0.963 (-0.002)
chr10-46983452-INV-484782	chr10	46983451	47468232	484781	0.09	NA	66.8	63.6	100.0	98.3	3	6	2	3	371909	254552	710897	590005	0.9675	0.9514	1.0	1.0	T2T vs panTro6: window coverage 63.6%→66.8% (+3.2 pp); gaps 3→2; largest gap 254kb→371kb; longest contiguous block 590kb→710kb; aln identity 0.951→0.968 (+0.016)
chr10-79542902-INV-674513	chr10	79542901	80217413	674512	0.97	NA	99.7	97.8	100.0	93.7	4	6	2	2	3142	42196	818819	971380	0.9613	0.9585	0.989	0.989	T2T vs panTro6: window coverage 97.8%→99.7% (+1.9 pp); largest gap 42kb→3kb; longest contiguous block 971kb→818kb; aln identity 0.959→0.961 (+0.003)
chr11-18246600-INV-21672	chr11	18249084	18265819	16735	0.99	NA	100.0	100.0	100.0	100.0	1	1	0	0	0	0	116735	116735	0.9507	0.9525	0.0	0.0	T2T and panTro6 agree closely at this locus (no material change)
chr11-50136371-INV-206505	chr11	50154999	50324102	169103	0.4	NA	94.9	87.9	86.3	86.6	3	3	2	2	23149	36799	187200	187589	0.9119	0.8382	1.0	1.0	T2T vs panTro6: window coverage 87.9%→94.9% (+7.0 pp); largest gap 36kb→23kb; aln identity 0.838→0.912 (+0.074)
chr12-131312082-INV-332759	chr12	131312081	131644839	332758	0.03	NA	97.7	97.4	98.0	99.5	7	8	4	3	10641	17581	242394	389184	0.917	0.9174	0.0	0.0	T2T vs panTro6: gaps 3→4; largest gap 17kb→10kb; longest contiguous block 389kb→242kb
chr12-131333944-INV-289865	chr12	131333943	131623807	289864	0.03	NA	98.0	97.6	97.8	99.6	6	7	3	2	10641	17581	242394	389184	0.9193	0.9178	0.0	0.0	T2T vs panTro6: gaps 2→3; largest gap 17kb→10kb; longest contiguous block 389kb→242kb
chr12-46897663-INV-16289	chr12	46896694	46915975	19281	0.06	NA	100.0	100.0	100.0	100.0	2	2	0	0	0	0	90725	90725	0.9595	0.9599	1.0	1.0	T2T and panTro6 agree closely at this locus (no material change)
chr12-75713181-INV-18615	chr12	75713180	75731794	18614	0.01	NA	100.0	100.0	100.0	100.0	1	1	0	0	0	0	118614	118614	0.9638	0.9639	0.0	0.0	T2T and panTro6 agree closely at this locus (no material change)
chr13-52344011-INV-158247	chr13	52344010	52502256	158246	0.03	NA	48.7	48.7	15.8	15.8	2	2	1	1	243452	243452	183235	183235	0.9599	0.956	0.0	0.0	T2T vs panTro6: aln identity 0.956→0.960 (+0.004)
chr13-53902574-INV-190801	chr13	53902573	54093373	190800	0.01	NA	100.0	100.0	100.0	100.0	1	1	0	0	0	0	572400	572400	0.9523	0.9486	0.0	0.0	T2T vs panTro6: aln identity 0.949→0.952 (+0.004)
chr13-64598738-INV-17482	chr13	64598737	64616218	17481	0.01	NA	100.0	100.0	100.0	100.0	1	1	0	0	0	0	117481	117481	0.9345	0.9529	0.0	0.0	T2T vs panTro6: aln identity 0.953→0.934 (-0.018)
chr13-79822252-INV-17591	chr13	79823210	79839670	16460	0.07	NA	85.1	100.0	0.0	100.0	2	1	1	0	17374	0	49550	116460	0.9646	0.9644	None	0.0	T2T vs panTro6: window coverage 100.0%→85.1% (-14.9 pp); gaps 0→1; largest gap 0kb→17kb; longest contiguous block 116kb→49kb
chr14-85872201-INV-17070	chr14	85872200	85889269	17069	0.01	NA	100.0	100.0	100.0	100.0	1	1	0	0	0	0	117069	117069	0.9624	0.9628	0.0	0.0	T2T and panTro6 agree closely at this locus (no material change)
chr15-22701128-INV-512754	chr15	22701127	23213881	512754	0.99	NA	54.1	54.1	75.7	75.7	4	4	4	4	361671	361695	432329	432305	0.9311	0.9289	0.0	0.0	T2T vs panTro6: aln identity 0.929→0.931 (+0.002)
chr15-30618104-INV-1535102	chr15	30618103	32153204	1535101	0.11	NA	81.4	79.8	88.7	88.7	7	8	2	4	645122	236467	1118711	1118713	0.9452	0.9566	0.0	0.0	T2T vs panTro6: window coverage 79.8%→81.4% (+1.6 pp); gaps 4→2; largest gap 236kb→645kb; aln identity 0.957→0.945 (-0.011)
chr15-84373376-INV-43322	chr15	84373375	84416696	43321	0.43999999999999995	NA	29.0	0.0	0.0	0.0	1	0	1	1	101727	143321	41594	0	0.9504	None	None	None	panTro6 had NO alignment here; T2T covers 29.0% of the window
chr16-15384483-INV-891665	chr16	15384482	16276146	891664	0.01	NA	91.8	75.5	100.0	90.8	31	24	4	5	108884	278353	1210478	580439	0.9061	0.9388	0.272	0.147	T2T vs panTro6: window coverage 75.5%→91.8% (+16.3 pp); gaps 5→4; largest gap 278kb→108kb; longest contiguous block 580kb→1210kb; aln identity 0.939→0.906 (-0.033); chimp orientation frac_rev 0.147→0.272
chr16-16721274-INV-1352270	chr16	16721273	18073542	1352269	0.08	NA	90.3	75.6	100.0	100.0	23	19	3	5	280139	382694	1682234	1636877	0.882	0.9371	0.0	0.0	T2T vs panTro6: window coverage 75.6%→90.3% (+14.7 pp); gaps 5→3; largest gap 382kb→280kb; longest contiguous block 1636kb→1682kb; aln identity 0.937→0.882 (-0.055)
chr16-21583512-INV-848871	chr16	21583511	22432381	848870	0.94	NA	97.3	87.7	100.0	86.4	10	8	2	5	67384	116072	1747211	726011	0.9404	0.9522	0.282	0.202	T2T vs panTro6: window coverage 87.7%→97.3% (+9.6 pp); gaps 5→2; largest gap 116kb→67kb; longest contiguous block 726kb→1747kb; aln identity 0.952→0.940 (-0.012)
chr16-21864965-INV-567418	chr16	21864964	22432381	567417	0.94	NA	95.9	81.7	100.0	93.1	10	8	2	5	67384	116072	1465758	532724	0.9404	0.9522	0.0	0.0	T2T vs panTro6: window coverage 81.7%→95.9% (+14.2 pp); gaps 5→2; largest gap 116kb→67kb; longest contiguous block 532kb→1465kb; aln identity 0.952→0.940 (-0.012)
chr16-28471894-INV-165758	chr16	28471892	28637651	165759	0.36	NA	87.4	68.5	100.0	82.8	9	6	2	3	41288	102210	230302	157692	0.9212	0.9577	0.858	0.0	T2T vs panTro6: window coverage 68.5%→87.4% (+18.9 pp); gaps 3→2; largest gap 102kb→41kb; longest contiguous block 157kb→230kb; aln identity 0.958→0.921 (-0.036); chimp orientation frac_rev 0.0→0.858
chr16-75204855-INV-19244	chr16	75206214	75222748	16534	0.16000000000000003	NA	85.7	85.7	0.0	0.0	2	2	1	1	16651	16651	49975	49975	0.9649	0.9598	None	None	T2T vs panTro6: aln identity 0.960→0.965 (+0.005)
chr17-45585160-INV-706887	chr17	45585159	46292045	706886	0.11	NA	90.0	88.7	99.8	99.8	5	6	2	4	210418	210418	666547	666547	0.9553	0.9582	0.001	0.999	T2T vs panTro6: window coverage 88.7%→90.0% (+1.3 pp); gaps 4→2; aln identity 0.958→0.955 (-0.003); chimp orientation frac_rev 0.999→0.001
chr17-60019740-INV-107140	chr17	60035640	60110888	75248	0.09	NA	100.0	99.1	100.0	100.0	3	2	0	1	0	2080	225744	177534	0.9498	0.9381	1.0	0.0	T2T vs panTro6: gaps 1→0; largest gap 2kb→0kb; longest contiguous block 177kb→225kb; aln identity 0.938→0.950 (+0.012); chimp orientation frac_rev 0.0→1.0
chr19-47959661-INV-2131536	chr19	47959660	50091195	2131535	0.02	NA	97.6	95.1	98.3	98.2	9	13	5	8	77072	77072	1196009	869872	0.928	0.9299	0.0	0.0	T2T vs panTro6: window coverage 95.1%→97.6% (+2.5 pp); gaps 8→5; longest contiguous block 869kb→1196kb
chr2-108527822-INV-1205216	chr2	108527821	109733036	1205215	0.02	NA	79.8	77.6	99.4	99.4	11	14	8	8	216167	230473	1259443	1259443	0.9289	0.9305	0.5	0.826	T2T vs panTro6: window coverage 77.6%→79.8% (+2.2 pp); largest gap 230kb→216kb; chimp orientation frac_rev 0.826→0.5
chr2-130138213-INV-1062391	chr2	130138212	131200602	1062390	0.02	NA	89.0	89.0	84.9	84.9	11	18	3	5	160018	160018	1421703	863488	0.9003	0.9125	0.916	0.984	T2T vs panTro6: gaps 5→3; longest contiguous block 863kb→1421kb; aln identity 0.912→0.900 (-0.012)
chr2-130138213-INV-1392323	chr2	130138212	131530534	1392322	0.02	NA	89.1	87.7	80.9	81.1	12	19	4	5	160018	160018	1421703	863488	0.9097	0.9206	0.826	0.817	T2T vs panTro6: window coverage 87.7%→89.1% (+1.4 pp); gaps 5→4; longest contiguous block 863kb→1421kb; aln identity 0.921→0.910 (-0.011)
chr2-45062769-INV-12977	chr2	45065588	45081777	16189	0.97	NA	100.0	100.0	100.0	100.0	1	1	0	0	0	0	116189	116189	0.9595	0.9601	1.0	0.0	T2T vs panTro6: chimp orientation frac_rev 0.0→1.0
chr2-87995842-INV-184695	chr2	87995841	88180536	184695	0.99	NA	74.1	71.8	100.0	100.0	2	1	1	1	143712	155987	398098	398098	0.8987	0.8964	1.0	0.0	T2T vs panTro6: window coverage 71.8%→74.1% (+2.3 pp); largest gap 155kb→143kb; aln identity 0.896→0.899 (+0.002); chimp orientation frac_rev 0.0→1.0
chr2-91832041-INV-180624	chr2	91832040	92012663	180623	0.41	NA	34.8	46.0	4.3	4.3	1	2	1	2	353469	178755	188400	188400	0.9345	0.9147	1.0	0.0	T2T vs panTro6: window coverage 46.0%→34.8% (-11.2 pp); gaps 2→1; largest gap 178kb→353kb; aln identity 0.915→0.934 (+0.020); chimp orientation frac_rev 0.0→1.0
chr2-95496991-INV-82806	chr2	95496989	95579796	82807	0.19	NA	100.0	71.4	100.0	100.0	1	3	0	1	0	71140	248421	177143	0.9564	0.9557	1.0	0.0	T2T vs panTro6: window coverage 71.4%→100.0% (+28.6 pp); gaps 1→0; largest gap 71kb→0kb; longest contiguous block 177kb→248kb; chimp orientation frac_rev 0.0→1.0
chr2-95800192-INV-224213	chr2	95800191	96024403	224212	0.08	NA	100.0	89.4	100.0	100.0	1	5	0	1	0	71140	672636	586150	0.9564	0.9556	1.0	0.0	T2T vs panTro6: window coverage 89.4%→100.0% (+10.6 pp); gaps 1→0; largest gap 71kb→0kb; longest contiguous block 586kb→672kb; chimp orientation frac_rev 0.0→1.0
chr20-25846149-INV-163496	chr20	25846148	26009643	163495	0.83	NA	100.0	81.9	100.0	97.3	3	4	0	2	0	84101	490485	141151	0.8463	0.9414	1.0	1.0	T2T vs panTro6: window coverage 81.9%→100.0% (+18.1 pp); gaps 2→0; largest gap 84kb→0kb; longest contiguous block 141kb→490kb; aln identity 0.941→0.846 (-0.095)
chr20-47827034-INV-77611	chr20	47841016	47888238	47222	0.01	NA	100.0	100.0	100.0	100.0	2	2	0	0	0	0	147222	147222	0.959	0.9626	0.0	0.0	T2T vs panTro6: aln identity 0.963→0.959 (-0.004)
chr21-13992018-INV-65632	chr21	13987773	14056796	69023	0.03	NA	96.4	96.4	100.0	100.0	3	3	1	1	7443	7443	166441	166441	0.8592	0.8852	0.0	0.0	T2T vs panTro6: aln identity 0.885→0.859 (-0.026)
chr21-19877735-INV-192437	chr21	19877734	20070170	192436	0.01	NA	98.6	98.6	100.0	100.0	3	3	2	2	4197	4197	392420	392420	0.95	0.9488	0.0	0.0	T2T and panTro6 agree closely at this locus (no material change)
chr21-43821743-INV-13374	chr21	43821742	43835116	13374	0.01	NA	100.0	100.0	100.0	100.0	1	1	0	0	0	0	113374	113374	0.9109	0.905	0.0	0.0	T2T vs panTro6: aln identity 0.905→0.911 (+0.006)
chr22-21442678-INV-15944	chr22	21443089	21491761	48672	0.67	NA	99.5	84.3	100.0	100.0	3	3	0	2	0	12710	114407	68255	0.9237	0.9225	0.0	1.0	T2T vs panTro6: window coverage 84.3%→99.5% (+15.2 pp); gaps 2→0; largest gap 12kb→0kb; longest contiguous block 68kb→114kb; chimp orientation frac_rev 1.0→0.0
chr3-195680867-INV-272256	chr3	195692124	195956606	264482	0.26	NA	90.0	89.7	86.7	86.5	5	5	4	4	55886	55886	322637	263043	0.9147	0.898	0.0	0.0	T2T vs panTro6: longest contiguous block 263kb→322kb; aln identity 0.898→0.915 (+0.017)
chr3-195749464-INV-230745	chr3	195749463	195980207	230744	0.26	NA	88.5	88.2	74.6	75.0	5	5	4	4	55886	55886	231560	209945	0.9147	0.898	0.0	0.0	T2T vs panTro6: longest contiguous block 209kb→231kb; aln identity 0.898→0.915 (+0.017)
chr4-87925789-INV-11799	chr4	87926011	87937547	11536	0.18999999999999995	NA	89.5	89.5	0.0	0.0	2	2	1	1	11673	11673	49986	49986	0.9582	0.9573	None	None	T2T and panTro6 agree closely at this locus (no material change)
chr5-112179912-INV-56689	chr5	112179911	112236600	56689	0.01	NA	100.0	100.0	100.0	100.0	1	1	0	0	0	0	170067	170067	0.9634	0.9459	0.0	0.0	T2T vs panTro6: aln identity 0.946→0.963 (+0.018)
chr5-124425561-INV-121098	chr5	124425560	124546657	121097	0.01	NA	100.0	100.0	100.0	100.0	1	1	0	0	0	0	363291	363291	0.9589	0.959	0.0	0.0	T2T and panTro6 agree closely at this locus (no material change)
chr5-177946130-INV-57824	chr5	177946129	178003952	57823	0.99	NA	47.1	40.5	46.7	46.7	2	2	2	2	88650	88650	71266	59909	0.8905	0.9168	0.0	1.0	T2T vs panTro6: window coverage 40.5%→47.1% (+6.6 pp); longest contiguous block 59kb→71kb; aln identity 0.917→0.890 (-0.026); chimp orientation frac_rev 1.0→0.0
chr6-141867315-INV-29159	chr6	141866310	141898728	32418	0.05	NA	100.0	100.0	100.0	100.0	1	1	0	0	0	0	132418	132418	0.9713	0.9714	0.0	0.0	T2T and panTro6 agree closely at this locus (no material change)
chr6-167181003-INV-209976	chr6	167209001	167357782	148781	0.03	NA	92.8	92.9	78.6	78.6	3	3	1	1	31874	31874	240532	240532	0.9351	0.9372	0.0	0.0	T2T vs panTro6: aln identity 0.937→0.935 (-0.002)
chr6-76111919-INV-44661	chr6	76109081	76158474	49393	0.03	NA	100.0	100.0	100.0	100.0	1	1	0	0	0	0	149393	149393	0.957	0.9539	0.0	0.0	T2T vs panTro6: aln identity 0.954→0.957 (+0.003)
chr7-143716563-INV-34437	chr7	143716562	143750998	34436	0.6699999999999999	NA	71.8	71.8	100.0	100.0	1	1	1	1	37878	37878	96558	96558	0.7195	0.7196	1.0	1.0	T2T and panTro6 agree closely at this locus (no material change)
chr7-33990522-INV-19762	chr7	33990735	34010143	19408	0.99	NA	100.0	100.0	100.0	100.0	1	1	0	0	0	0	119408	119408	0.958	0.9566	0.0	0.0	T2T and panTro6 agree closely at this locus (no material change)
chr7-54220528-INV-101153	chr7	54234014	54308393	74379	0.38	NA	98.3	98.3	100.0	100.0	2	2	1	1	3802	3802	200971	200971	0.948	0.9481	0.0	0.0	T2T and panTro6 agree closely at this locus (no material change)
chr7-57641573-INV-197400	chr7	57641572	57838971	197399	0.9	NA	59.4	61.7	70.3	77.1	5	5	2	2	181703	181703	286577	300236	0.9074	0.8985	0.914	0.208	T2T vs panTro6: window coverage 61.7%→59.4% (-2.3 pp); longest contiguous block 300kb→286kb; aln identity 0.898→0.907 (+0.009); chimp orientation frac_rev 0.208→0.914
chr7-57835189-INV-284465	chr7	57835188	58119653	284465	0.02	NA	28.7	37.3	6.8	27.7	3	5	2	3	549451	294825	180258	193686	0.8938	0.8466	1.0	0.247	T2T vs panTro6: window coverage 37.3%→28.7% (-8.6 pp); gaps 3→2; largest gap 294kb→549kb; longest contiguous block 193kb→180kb; aln identity 0.847→0.894 (+0.047); chimp orientation frac_rev 0.247→1.0
chr7-5989047-INV-746598	chr7	5989046	6735643	746597	0.9	NA	98.0	98.0	99.9	99.9	7	8	2	3	41302	41302	1204207	1044588	0.9413	0.9422	1.0	1.0	T2T vs panTro6: gaps 3→2; longest contiguous block 1044kb→1204kb
chr7-60911892-INV-666133	chr7	60911891	61578023	666132	0.52	NA	25.1	25.7	9.0	0.0	9	6	6	5	681604	1397102	119994	157621	0.7136	0.7141	0.54	None	T2T vs panTro6: gaps 5→6; largest gap 1397kb→681kb; longest contiguous block 157kb→119kb
chr7-65219158-INV-312667	chr7	65219157	65531823	312666	0.6699999999999999	NA	90.1	75.8	85.7	85.6	5	5	2	3	90539	157553	351555	242983	0.8825	0.8972	1.0	1.0	T2T vs panTro6: window coverage 75.8%→90.1% (+14.3 pp); gaps 3→2; largest gap 157kb→90kb; longest contiguous block 242kb→351kb; aln identity 0.897→0.882 (-0.015)
chr7-70955928-INV-18020	chr7	70961198	70973901	12703	0.64	NA	100.0	100.0	100.0	100.0	1	1	0	0	0	0	112703	112703	0.9704	0.9686	0.0	0.0	T2T and panTro6 agree closely at this locus (no material change)
chr7-73113990-INV-1685041	chr7	73113989	74799029	1685040	0.05	NA	89.8	86.1	89.6	89.7	10	10	5	4	314803	314803	869985	1476372	0.9122	0.9408	1.0	0.0	T2T vs panTro6: window coverage 86.1%→89.8% (+3.7 pp); gaps 4→5; longest contiguous block 1476kb→869kb; aln identity 0.941→0.912 (-0.029); chimp orientation frac_rev 0.0→1.0
chr7-74799031-INV-480422	chr7	74869950	75058098	188148	0.9	NA	95.4	84.1	86.3	67.4	3	2	1	2	25775	61267	322110	286618	0.8517	0.9603	0.0	1.0	T2T vs panTro6: window coverage 84.1%→95.4% (+11.3 pp); gaps 2→1; largest gap 61kb→25kb; longest contiguous block 286kb→322kb; aln identity 0.960→0.852 (-0.109); chimp orientation frac_rev 1.0→0.0
chr7-97445827-INV-13775	chr7	97445822	97459601	13779	0.98	NA	100.0	100.0	100.0	100.0	1	1	0	0	0	0	113779	113779	0.9457	0.9389	0.0	0.0	T2T vs panTro6: aln identity 0.939→0.946 (+0.007)
chr8-2340295-INV-42058	chr8	2343351	2378385	35034	0.49	NA	99.9	77.2	99.5	73.8	2	2	0	2	0	21654	81892	52984	0.8732	0.8419	1.0	0.0	T2T vs panTro6: window coverage 77.2%→99.9% (+22.7 pp); gaps 2→0; largest gap 21kb→0kb; longest contiguous block 52kb→81kb; aln identity 0.842→0.873 (+0.031); chimp orientation frac_rev 0.0→1.0
chr8-7301025-INV-5297356	chr8	7301024	12598379	5297355	0.5	NA	93.7	86.9	91.3	84.9	25	18	5	7	366104	485058	2068702	2031281	0.9209	0.9161	0.212	0.105	T2T vs panTro6: window coverage 86.9%→93.7% (+6.8 pp); gaps 7→5; largest gap 485kb→366kb; longest contiguous block 2031kb→2068kb; aln identity 0.916→0.921 (+0.005); chimp orientation frac_rev 0.105→0.212
chr9-123976301-INV-18001	chr9	123979106	123991038	11932	0.48	NA	86.7	86.7	0.0	0.0	2	2	1	1	14845	14845	49987	49987	0.9657	0.9658	None	None	T2T and panTro6 agree closely at this locus (no material change)
chr9-87942698-INV-167577	chr9	87942696	88110274	167578	0.01	NA	70.9	70.9	53.0	53.0	4	4	3	3	78460	78460	133971	133971	0.9463	0.9464	1.0	0.0	T2T vs panTro6: chimp orientation frac_rev 0.0→1.0
chrX-101597550-INV-18696	chrX	101602193	101611599	9406	0.41000000000000003	NA	91.4	91.4	0.0	0.0	2	2	1	1	9406	9406	50000	50000	0.9504	0.976	None	None	T2T vs panTro6: aln identity 0.976→0.950 (-0.026)
chrX-103954976-INV-128112	chrX	103989434	104049428	59994	0.37	NA	31.7	31.7	0.0	0.0	2	2	2	2	120008	120008	29685	29685	0.9526	0.9528	None	None	T2T and panTro6 agree closely at this locus (no material change)
chrX-120080219-INV-75364	chrX	120087101	120149199	62098	0.25	NA	100.0	100.0	100.0	100.0	3	3	0	0	0	0	186294	186294	0.8953	0.9246	0.936	0.957	T2T vs panTro6: aln identity 0.925→0.895 (-0.029)
chrX-135116507-INV-139642	chrX	135165183	135207322	42139	0.4	NA	100.0	57.6	100.0	13.2	1	2	0	1	0	60319	142139	55546	0.9438	0.9609	0.0	0.0	T2T vs panTro6: window coverage 57.6%→100.0% (+42.4 pp); gaps 1→0; largest gap 60kb→0kb; longest contiguous block 55kb→142kb; aln identity 0.961→0.944 (-0.017)
chrX-135619381-INV-52316	chrX	135623647	135665679	42032	0.94	NA	100.0	100.0	100.0	100.0	1	1	0	0	0	0	142032	142032	0.9438	0.9202	0.0	0.0	T2T vs panTro6: aln identity 0.920→0.944 (+0.024)
chrX-141110161-INV-122718	chrX	141110160	141232877	122717	0.11	NA	100.0	98.6	100.0	100.0	1	2	0	1	0	4994	368151	345200	0.9245	0.8721	0.0	0.0	T2T vs panTro6: window coverage 98.6%→100.0% (+1.4 pp); gaps 1→0; largest gap 4kb→0kb; longest contiguous block 345kb→368kb; aln identity 0.872→0.924 (+0.052)
chrX-149599491-INV-56477	chrX	149599490	149655967	56477	0.92	NA	18.5	77.7	0.0	100.0	1	2	1	2	138121	30118	31310	100280	0.9704	0.9785	None	1.0	T2T vs panTro6: window coverage 77.7%→18.5% (-59.2 pp); gaps 2→1; largest gap 30kb→138kb; longest contiguous block 100kb→31kb; aln identity 0.979→0.970 (-0.008)
chrX-149654273-INV-94882	chrX	149681035	149722249	41214	0.61	NA	52.5	68.4	99.8	99.8	2	3	2	2	50099	36859	68972	49136	0.9721	0.9817	0.0	1.0	T2T vs panTro6: window coverage 68.4%→52.5% (-15.9 pp); largest gap 36kb→50kb; longest contiguous block 49kb→68kb; aln identity 0.982→0.972 (-0.010); chimp orientation frac_rev 1.0→0.0
chrX-149747303-INV-21480	chrX	149747302	149768782	21480	0.92	NA	86.0	69.7	20.7	7.7	2	2	1	1	17023	36859	52804	51653	0.9721	0.9845	0.0	0.0	T2T vs panTro6: window coverage 69.7%→86.0% (+16.3 pp); largest gap 36kb→17kb; longest contiguous block 51kb→52kb; aln identity 0.985→0.972 (-0.012)
chrX-153067814-INV-226118	chrX	153149748	153250226	100478	0.6	NA	89.5	80.3	100.0	100.0	2	3	1	2	31598	30760	244688	150961	0.9491	0.9149	0.0	0.0	T2T vs panTro6: window coverage 80.3%→89.5% (+9.2 pp); gaps 2→1; longest contiguous block 150kb→244kb; aln identity 0.915→0.949 (+0.034)
chrX-154339398-INV-53354	chrX	154347246	154384867	37621	0.56	NA	100.0	100.0	100.0	100.0	3	3	0	0	0	0	137621	137621	0.9633	0.7482	1.0	1.0	T2T vs panTro6: aln identity 0.748→0.963 (+0.215)
chrX-154555919-INV-93915	chrX	154591327	154613096	21769	0.5700000000000001	NA	100.0	64.8	100.0	100.0	1	2	0	1	0	42880	121769	78889	0.9613	0.9428	0.0	1.0	T2T vs panTro6: window coverage 64.8%→100.0% (+35.2 pp); gaps 1→0; largest gap 42kb→0kb; longest contiguous block 78kb→121kb; aln identity 0.943→0.961 (+0.018); chimp orientation frac_rev 1.0→0.0
chrX-155366835-INV-100636	chrX	155386727	155453982	67255	0.85	NA	100.0	100.0	100.0	100.0	3	1	0	0	0	0	201765	201765	0.9452	0.9421	1.0	1.0	T2T vs panTro6: aln identity 0.942→0.945 (+0.003)
chrX-51667498-INV-58316	chrX	51692963	51700363	7400	0.68	NA	100.0	100.0	100.0	100.0	3	3	0	0	0	0	107400	107400	0.9512	0.9697	1.0	1.0	T2T vs panTro6: aln identity 0.970→0.951 (-0.018)
chrX-52040360-INV-173922	chrX	52077120	52176974	99854	0.64	NA	100.0	100.0	100.0	100.0	3	3	0	0	0	0	299562	299562	0.9656	0.9251	0.913	0.927	T2T vs panTro6: aln identity 0.925→0.966 (+0.041)
chrX-71702807-INV-75580	chrX	71702806	71778386	75580	0.41	NA	99.7	87.7	99.0	63.1	2	2	0	1	0	27905	113197	99648	0.9645	0.9657	0.0	0.0	T2T vs panTro6: window coverage 87.7%→99.7% (+12.0 pp); gaps 1→0; largest gap 27kb→0kb; longest contiguous block 99kb→113kb
chrX-72996081-INV-91407	chrX	72997772	73077479	79707	0.2	NA	100.0	90.9	100.0	100.0	3	1	0	1	0	21745	239121	217376	0.9501	0.9397	0.912	0.0	T2T vs panTro6: window coverage 90.9%→100.0% (+9.1 pp); gaps 1→0; largest gap 21kb→0kb; longest contiguous block 217kb→239kb; aln identity 0.940→0.950 (+0.010); chimp orientation frac_rev 0.0→0.912
chrX-76141867-INV-11379	chrX	76146153	76148949	2796	0.48	NA	97.3	97.3	0.0	0.0	2	2	1	1	2821	2821	50000	50000	0.9263	0.9177	None	None	T2T vs panTro6: aln identity 0.918→0.926 (+0.009)
chr1-21203898-INV-862	chr1	21203917	21204602	685	0.94	NA	100.0	100.0	100.0	100.0	1	1	0	0	0	0	100685	100685	0.9613	0.9612	1.0	0.0	T2T vs panTro6: chimp orientation frac_rev 0.0→1.0
chr1-26639853-INV-8324	chr1	26641622	26646431	4809	0.010000000000000009	NA	90.3	90.3	0.0	0.0	2	2	1	1	10184	10184	49999	49999	0.9433	0.9008	None	None	T2T vs panTro6: aln identity 0.901→0.943 (+0.043)
chr1-60775308-INV-5023	chr1	60776841	60778677	1836	0.08	NA	100.0	100.0	100.0	100.0	1	1	0	0	0	0	101836	101836	0.9671	0.9672	1.0	0.0	T2T vs panTro6: chimp orientation frac_rev 0.0→1.0
chr1-91666258-INV-840	chr1	91666232	91667085	853	0.9	NA	95.6	95.6	100.0	100.0	2	2	1	1	4414	4414	58057	58057	0.9639	0.9643	1.0	0.0	T2T vs panTro6: chimp orientation frac_rev 0.0→1.0
chr1-120299059-INV-301908	chr1	120299058	120600965	301907	0.84	NA	52.4	20.9	27.4	31.8	7	3	4	3	223402	371001	228616	95938	0.8789	0.8178	1.0	0.0	T2T vs panTro6: window coverage 20.9%→52.4% (+31.5 pp); gaps 3→4; largest gap 371kb→223kb; longest contiguous block 95kb→228kb; aln identity 0.818→0.879 (+0.061); chimp orientation frac_rev 0.0→1.0
chr1-149842162-INV-9508	chr1	149843518	149850293	6775	0.61	NA	77.6	100.0	100.0	100.0	2	1	1	0	23967	0	82808	106775	0.9682	0.953	0.001	0.0	T2T vs panTro6: window coverage 100.0%→77.6% (-22.4 pp); gaps 0→1; largest gap 0kb→23kb; longest contiguous block 106kb→82kb; aln identity 0.953→0.968 (+0.015)
chr1-197787661-INV-1197	chr1	197787659	197788856	1197	0.91	NA	98.8	98.8	0.2	0.2	2	2	1	1	1200	1200	50002	50002	0.966	0.9657	1.0	0.0	T2T vs panTro6: chimp orientation frac_rev 0.0→1.0
chr10-4961364-INV-47135	chr10	4983056	4984361	1305	0.08	NA	100.0	100.0	100.0	100.0	1	1	0	0	0	0	101305	101305	0.9445	0.9414	0.0	0.0	T2T vs panTro6: aln identity 0.941→0.945 (+0.003)
chr10-37102555-INV-11157	chr10	37105149	37111121	5972	0.52	NA	94.4	94.4	0.0	0.0	2	2	1	1	5972	5972	50000	50000	0.9025	0.944	None	None	T2T vs panTro6: aln identity 0.944→0.902 (-0.042)
chr10-71065991-INV-2615	chr10	71066858	71067726	868	0.95	NA	100.0	100.0	100.0	100.0	1	1	0	0	0	0	100868	100868	0.9754	0.9758	0.0	0.0	T2T and panTro6 agree closely at this locus (no material change)
chr10-73657970-INV-2177	chr10	73657969	73660146	2177	0.9	NA	78.0	78.0	100.0	100.0	2	2	1	1	22432	22432	73989	73989	0.9695	0.9626	0.0	0.0	T2T vs panTro6: aln identity 0.963→0.970 (+0.007)
chr10-87308006-INV-117026	chr10	87308005	87425030	117025	0.02	NA	100.0	45.4	100.0	67.8	2	4	0	2	0	154760	351075	84213	0.9635	0.9691	0.0	0.0	T2T vs panTro6: window coverage 45.4%→100.0% (+54.6 pp); gaps 2→0; largest gap 154kb→0kb; longest contiguous block 84kb→351kb; aln identity 0.969→0.964 (-0.006)
chr10-91440445-INV-8733	chr10	91443587	91446029	2442	0.15000000000000002	NA	97.3	97.3	0.0	0.0	3	3	1	1	2442	2442	50000	50000	0.9673	0.9714	None	None	T2T vs panTro6: aln identity 0.971→0.967 (-0.004)
chr10-103197205-INV-9055	chr10	103205557	103205994	437	0.06	NA	100.0	100.0	100.0	100.0	1	1	0	0	0	0	100437	100437	0.9635	0.9631	0.0	0.0	T2T and panTro6 agree closely at this locus (no material change)
chr11-310146-INV-10302	chr11	311836	317944	6108	0.73	NA	96.7	93.4	73.6	100.0	3	3	2	2	1876	5082	50708	71653	0.8653	0.8754	0.0	0.0	T2T vs panTro6: window coverage 93.4%→96.7% (+3.3 pp); largest gap 5kb→1kb; longest contiguous block 71kb→50kb; aln identity 0.875→0.865 (-0.010)
chr11-738460-INV-2650	chr11	738649	740185	1536	0.03	NA	100.0	100.0	100.0	100.0	1	1	0	0	0	0	101536	101536	0.8502	0.8986	0.0	0.0	T2T vs panTro6: aln identity 0.899→0.850 (-0.048)
chr11-48880392-INV-19590	chr11	48888300	48892127	3827	0.34	NA	77.2	77.2	100.0	100.0	2	2	1	1	23657	23657	76748	76748	0.8465	0.7791	0.0	0.0	T2T vs panTro6: aln identity 0.779→0.847 (+0.067)
chr11-71571191-INV-6980	chr11	71571819	71576724	4905	0.03	NA	99.1	99.1	100.0	100.0	2	3	0	0	0	0	87206	87206	0.936	0.9542	0.0	0.0	T2T vs panTro6: aln identity 0.954→0.936 (-0.018)
chr12-37705669-INV-31994	chr12	37705668	37737662	31994	0.02	NA	38.5	76.3	2.4	2.4	1	2	1	1	81235	31329	50759	50759	0.8352	0.8308	1.0	1.0	T2T vs panTro6: window coverage 76.3%→38.5% (-37.8 pp); largest gap 31kb→81kb; aln identity 0.831→0.835 (+0.004)
chr12-71546144-INV-1652	chr12	71546200	71547738	1538	0.09	NA	100.0	100.0	100.0	100.0	1	1	0	0	0	0	101538	101538	0.9615	0.9611	0.0	0.0	T2T and panTro6 agree closely at this locus (no material change)
chr13-37314466-INV-4035	chr13	37315207	37317760	2553	0.11	NA	96.8	96.8	0.0	0.0	2	2	1	1	3302	3302	50000	50000	0.9619	0.959	None	None	T2T vs panTro6: aln identity 0.959→0.962 (+0.003)
chr13-48199211-INV-7451	chr13	48199250	48206639	7389	0.02	NA	100.0	100.0	100.0	100.0	1	1	0	0	0	0	107389	107389	0.9629	0.959	0.0	0.0	T2T vs panTro6: aln identity 0.959→0.963 (+0.004)
chr14-34540582-INV-21874	chr14	34547864	34555230	7366	0.55	NA	100.0	99.5	100.0	100.0	1	1	0	0	0	0	107366	106806	0.9533	0.9636	0.0	0.0	T2T vs panTro6: aln identity 0.964→0.953 (-0.010)
chr14-60604531-INV-8718	chr14	60606118	60611659	5541	0.18	NA	100.0	100.0	100.0	100.0	1	1	0	0	0	0	105541	105541	0.9613	0.9737	0.0	0.0	T2T vs panTro6: aln identity 0.974→0.961 (-0.012)
chr14-65375818-INV-880	chr14	65375818	65376683	865	0.29	NA	100.0	100.0	100.0	100.0	1	1	0	0	0	0	100865	100865	0.9703	0.9714	0.0	0.0	T2T and panTro6 agree closely at this locus (no material change)
chr14-105692001-INV-7875	chr14	105693931	105698385	4454	0.32999999999999996	NA	66.2	66.2	0.0	0.0	2	2	1	1	35290	35290	43321	43321	0.8206	0.7294	None	None	T2T vs panTro6: aln identity 0.729→0.821 (+0.091)
chr15-23345460-INV-5044410	chr15	23345459	28389868	5044409	0.99	NA	83.7	83.7	91.7	92.0	13	13	8	7	376620	365254	1162186	1166225	0.9423	0.9373	0.974	0.975	T2T vs panTro6: gaps 7→8; largest gap 365kb→376kb; longest contiguous block 1166kb→1162kb; aln identity 0.937→0.942 (+0.005)
chr16-1226779-INV-28828	chr16	1245200	1247503	2303	0.06999999999999995	NA	79.5	98.9	100.0	100.0	2	2	2	1	17442	1125	55449	74825	0.9272	0.9261	0.0	0.0	T2T vs panTro6: window coverage 98.9%→79.5% (-19.4 pp); gaps 1→2; largest gap 1kb→17kb; longest contiguous block 74kb→55kb
chr16-35945424-INV-12423	chr16	35946683	35952382	5699	0.97	NA	95.6	95.6	100.0	100.0	2	2	1	1	4693	4693	93718	93718	0.8692	0.8661	1.0	1.0	T2T vs panTro6: aln identity 0.866→0.869 (+0.003)
chr16-48616946-INV-494	chr16	48616945	48617439	494	0.6599999999999999	NA	99.5	99.5	5.5	5.5	2	2	0	0	0	0	50027	50027	0.9653	0.962	0.0	0.0	T2T vs panTro6: aln identity 0.962→0.965 (+0.003)
chr16-85155144-INV-1053	chr16	85155339	85156001	662	0.42000000000000004	NA	99.1	99.1	0.0	0.0	2	2	0	0	0	0	50000	50000	0.961	0.9617	None	None	T2T and panTro6 agree closely at this locus (no material change)
chr17-30616357-INV-14733	chr17	30621881	30625589	3708	0.5	NA	51.8	51.8	99.1	99.1	1	1	1	1	50032	50032	53676	53676	0.8591	0.8592	1.0	1.0	T2T and panTro6 agree closely at this locus (no material change)
chr17-76181651-INV-1551	chr17	76181937	76182932	995	0.1	NA	100.0	100.0	100.0	100.0	1	1	0	0	0	0	100995	100995	0.9598	0.9566	0.0	0.0	T2T vs panTro6: aln identity 0.957→0.960 (+0.003)
chr18-12141485-INV-8631	chr18	12145103	12146503	1400	0.25	NA	100.0	100.0	100.0	100.0	1	1	0	0	0	0	101400	101400	0.9584	0.9521	1.0	1.0	T2T vs panTro6: aln identity 0.952→0.958 (+0.006)
chr19-43355096-INV-25294	chr19	43365871	43369065	3194	0.99	NA	100.0	100.0	100.0	100.0	1	1	0	0	0	0	103194	103194	0.9407	0.9239	0.0	0.0	T2T vs panTro6: aln identity 0.924→0.941 (+0.017)
chr2-87987172-INV-23268233	chr2	87987171	111255403	23268232	0.01	NA	73.5	72.5	74.9	74.4	36	60	19	22	2348436	2103921	6790679	6790679	0.9375	0.9345	0.826	0.296	T2T vs panTro6: window coverage 72.5%→73.5% (+1.0 pp); gaps 22→19; largest gap 2103kb→2348kb; aln identity 0.934→0.938 (+0.003); chimp orientation frac_rev 0.296→0.826
chr2-97168745-INV-1492	chr2	97168744	97170236	1492	0.08	NA	100.0	100.0	100.0	100.0	1	1	0	0	0	0	101492	101492	0.833	0.8139	1.0	0.0	T2T vs panTro6: aln identity 0.814→0.833 (+0.019); chimp orientation frac_rev 0.0→1.0
chr2-138246733-INV-5010	chr2	138247429	138251774	4345	0.27	NA	96.6	96.6	17.4	17.4	2	2	1	1	3589	3589	50756	50756	0.968	0.9673	0.0	0.0	T2T and panTro6 agree closely at this locus (no material change)
chr2-215962719-INV-722	chr2	215962718	215963440	722	0.11	NA	100.0	100.0	100.0	100.0	1	1	0	0	0	0	100722	100722	0.9681	0.9705	0.0	0.0	T2T vs panTro6: aln identity 0.971→0.968 (-0.002)
chr2-222147677-INV-3251	chr2	222149224	222149582	358	0.01	NA	100.0	100.0	100.0	100.0	1	1	0	0	0	0	100358	100358	0.9508	0.951	0.0	0.0	T2T and panTro6 agree closely at this locus (no material change)
chr20-10807400-INV-1454	chr20	10807797	10808434	637	0.5900000000000001	NA	99.4	99.4	3.0	3.0	2	2	0	0	0	0	50019	50019	0.9311	0.93	0.0	0.0	T2T and panTro6 agree closely at this locus (no material change)
chr20-24397727-INV-8419	chr20	24397726	24406144	8418	0.01	NA	99.9	99.9	100.0	100.0	2	2	0	0	0	0	60735	60735	0.9601	0.9505	0.0	0.0	T2T vs panTro6: aln identity 0.951→0.960 (+0.010)
chr20-28495292-INV-12996	chr20	28495291	28508286	12995	0.87	NA	1.1	0.0	0.0	0.0	1	0	1	1	111762	112995	1233	0	0.9555	None	None	None	panTro6 had NO alignment here; T2T covers 1.1% of the window
chr21-26001839-INV-547	chr21	26001836	26002391	555	0.19999999999999996	NA	99.5	99.5	2.3	2.3	2	2	0	0	0	0	50007	50007	0.9707	0.9707	0.0	0.0	T2T and panTro6 agree closely at this locus (no material change)
chr21-26648370-INV-1039	chr21	26648368	26649407	1039	0.57	NA	100.0	100.0	100.0	100.0	1	1	0	0	0	0	101039	101039	0.9634	0.966	0.0	0.0	T2T vs panTro6: aln identity 0.966→0.963 (-0.003)
chr22-23968095-INV-5062	chr22	23969582	23971740	2158	0.17	NA	100.0	100.0	100.0	100.0	1	3	0	0	0	0	102158	102158	0.8852	0.8791	0.0	1.0	T2T vs panTro6: aln identity 0.879→0.885 (+0.006); chimp orientation frac_rev 1.0→0.0
chr3-26315757-INV-2108	chr3	26316193	26317447	1254	0.97	NA	100.0	100.0	100.0	100.0	1	1	0	0	0	0	101254	101254	0.9615	0.9599	0.0	0.0	T2T and panTro6 agree closely at this locus (no material change)
chr3-75454478-INV-1238	chr3	75454477	75455715	1238	0.03	NA	99.8	99.6	100.0	100.0	2	4	0	0	0	0	91260	52699	0.9613	0.9359	0.0	0.0	T2T vs panTro6: longest contiguous block 52kb→91kb; aln identity 0.936→0.961 (+0.025)
chr3-131969892-INV-7927	chr3	131969227	131977820	8593	0.11	NA	100.0	100.0	100.0	100.0	1	1	0	0	0	0	108593	108593	0.9608	0.9559	0.0	0.0	T2T vs panTro6: aln identity 0.956→0.961 (+0.005)
chr4-33098029-INV-7075	chr4	33098066	33104924	6858	0.03	NA	100.0	100.0	100.0	100.0	1	1	0	0	0	0	106858	106858	0.9614	0.932	0.0	0.0	T2T vs panTro6: aln identity 0.932→0.961 (+0.029)
chr4-145693640-INV-908	chr4	145693552	145694748	1196	0.66	NA	100.0	100.0	100.0	100.0	1	1	0	0	0	0	101196	101196	0.9514	0.9316	0.0	0.0	T2T vs panTro6: aln identity 0.932→0.951 (+0.020)
chr5-16979045-INV-519	chr5	16978658	16979397	739	0.94	NA	100.0	100.0	100.0	100.0	1	1	0	0	0	0	100739	100739	0.9635	0.8787	0.0	0.0	T2T vs panTro6: aln identity 0.879→0.964 (+0.085)
chr5-46896907-INV-18922	chr5	46896906	46915828	18922	0.77	NA	0.0	0.0	0.0	0.0	0	0	1	1	118922	118922	0	0	None	None	None	None	no chimp alignment in either assembly at this locus
chr5-64466170-INV-15635	chr5	64470920	64477089	6169	0.27	NA	100.0	94.1	100.0	0.0	1	2	0	1	0	6252	106169	49962	0.9566	0.9559	1.0	None	T2T vs panTro6: window coverage 94.1%→100.0% (+5.9 pp); gaps 1→0; largest gap 6kb→0kb; longest contiguous block 49kb→106kb
chr5-64470929-INV-4190	chr5	64470928	64475118	4190	0.26	NA	100.0	94.0	100.0	0.0	1	2	0	1	0	6252	104190	49954	0.9566	0.9559	1.0	None	T2T vs panTro6: window coverage 94.0%→100.0% (+6.0 pp); gaps 1→0; largest gap 6kb→0kb; longest contiguous block 49kb→104kb
chr5-179633880-INV-24659	chr5	179643529	179651253	7724	0.99	NA	98.9	98.6	100.0	100.0	2	2	1	1	1199	1524	60122	60122	0.9215	0.9182	0.0	0.0	T2T vs panTro6: aln identity 0.918→0.921 (+0.003)
chr6-26736773-INV-2849	chr6	26736772	26739621	2849	0.5700000000000001	NA	100.0	100.0	100.0	100.0	4	2	0	0	0	0	102849	102849	0.9411	0.9521	0.667	0.0	T2T vs panTro6: aln identity 0.952→0.941 (-0.011); chimp orientation frac_rev 0.0→0.667
chr6-89213913-INV-300	chr6	89213914	89214230	316	0.55	NA	99.7	99.7	0.3	0.3	2	2	0	0	0	0	50001	50001	0.9631	0.9635	0.0	0.0	T2T and panTro6 agree closely at this locus (no material change)
chr6-123106042-INV-3793	chr6	123106049	123109821	3772	0.03	NA	100.0	100.0	100.0	100.0	1	1	0	0	0	0	103772	103772	0.9652	0.9643	0.0	0.0	T2T and panTro6 agree closely at this locus (no material change)
chr6-130527042-INV-4267	chr6	130527041	130531150	4109	0.16	NA	100.0	100.0	100.0	100.0	1	1	0	0	0	0	104109	104109	0.9737	0.9738	0.0	0.0	T2T and panTro6 agree closely at this locus (no material change)
chr7-40839738-INV-1134	chr7	40839776	40840871	1095	0.51	NA	98.9	98.9	0.1	0.1	2	2	1	1	1094	1094	50001	50001	0.975	0.9751	1.0	1.0	T2T and panTro6 agree closely at this locus (no material change)
chr7-47614229-INV-1139	chr7	47614508	47615262	754	0.81	NA	100.0	100.0	100.0	100.0	1	1	0	0	0	0	100754	100754	0.9624	0.9605	0.0	0.0	T2T and panTro6 agree closely at this locus (no material change)
chr7-60898865-INV-10087	chr7	60898864	60908951	10087	0.27	NA	28.7	0.0	0.0	0.0	2	0	1	1	78499	110087	31588	0	0.7176	None	None	None	panTro6 had NO alignment here; T2T covers 28.7% of the window
chr7-63356276-INV-31891	chr7	63356275	63388165	31890	0.6	NA	100.0	38.7	100.0	3.1	2	1	0	1	0	80914	131890	50976	0.8761	0.9032	0.0	0.0	T2T vs panTro6: window coverage 38.7%→100.0% (+61.3 pp); gaps 1→0; largest gap 80kb→0kb; longest contiguous block 50kb→131kb; aln identity 0.903→0.876 (-0.027)
chr7-67019304-INV-851	chr7	67019303	67020338	1035	0.1	NA	100.0	100.0	100.0	100.0	1	2	0	0	0	0	101035	101035	0.9364	0.9033	0.0	0.0	T2T vs panTro6: aln identity 0.903→0.936 (+0.033)
chr7-143808753-INV-9661	chr7	143808752	143818413	9661	0.6799999999999999	NA	49.6	49.6	0.0	0.0	2	2	1	1	55294	55294	49999	49999	0.8499	0.8509	None	None	T2T and panTro6 agree closely at this locus (no material change)
chr8-102423262-INV-520	chr8	102423403	102423638	235	0.31	NA	99.6	99.6	0.0	0.0	2	2	0	0	0	0	49958	49958	0.9624	0.9634	None	None	T2T and panTro6 agree closely at this locus (no material change)
chr8-102880338-INV-757	chr8	102880337	102881094	757	0.03	NA	100.0	100.0	100.0	100.0	1	1	0	0	0	0	100757	100757	0.9634	0.9655	0.0	0.0	T2T vs panTro6: aln identity 0.966→0.963 (-0.002)
chr9-30951702-INV-5595	chr9	30952354	30956484	4130	0.98	NA	100.0	100.0	100.0	100.0	1	1	0	0	0	0	104130	104130	0.9557	0.9559	1.0	0.0	T2T vs panTro6: chimp orientation frac_rev 0.0→1.0
chr9-64028786-INV-39671	chr9	64028785	64068456	39671	0.98	NA	100.0	91.3	100.0	100.0	1	2	0	1	0	12129	139671	127542	0.9519	0.9386	1.0	0.0	T2T vs panTro6: window coverage 91.3%→100.0% (+8.7 pp); gaps 1→0; largest gap 12kb→0kb; longest contiguous block 127kb→139kb; aln identity 0.939→0.952 (+0.013); chimp orientation frac_rev 0.0→1.0
chr9-85796067-INV-6026	chr9	85797070	85801040	3970	0.99	NA	92.6	92.6	100.0	100.0	1	1	1	1	7732	7732	96238	96238	0.9763	0.9765	0.0	1.0	T2T vs panTro6: chimp orientation frac_rev 1.0→0.0
chr9-91958952-INV-763	chr9	91958957	91959591	634	0.91	NA	100.0	100.0	100.0	100.0	1	1	0	0	0	0	100634	100634	0.9665	0.9689	1.0	0.0	T2T vs panTro6: aln identity 0.969→0.967 (-0.002); chimp orientation frac_rev 0.0→1.0
chr9-102565835-INV-4446	chr9	102565838	102570277	4439	0.07	NA	100.0	100.0	100.0	100.0	1	1	0	0	0	0	104439	104439	0.9485	0.9426	1.0	0.0	T2T vs panTro6: aln identity 0.943→0.949 (+0.006); chimp orientation frac_rev 0.0→1.0
chr9-113105213-INV-14149	chr9	113111686	113112886	1200	0.6	NA	98.8	97.2	0.0	100.0	2	2	1	1	1210	2878	49995	85137	0.9404	0.9362	None	0.0	T2T vs panTro6: window coverage 97.2%→98.8% (+1.6 pp); largest gap 2kb→1kb; longest contiguous block 85kb→49kb; aln identity 0.936→0.940 (+0.004)
chrX-6219014-INV-1337	chrX	6219005	6220343	1338	0.49	NA	73.2	73.2	0.0	0.0	2	2	1	1	27209	27209	49994	49994	0.9408	0.9416	None	None	T2T and panTro6 agree closely at this locus (no material change)
chrX-14711418-INV-1780	chrX	14711416	14713197	1781	0.03	NA	100.0	100.0	100.0	100.0	1	1	0	0	0	0	101781	101781	0.9743	0.9735	0.0	0.0	T2T and panTro6 agree closely at this locus (no material change)
chrX-45687777-INV-4877	chrX	45689038	45691227	2189	0.02	NA	98.1	98.1	9.6	9.6	2	2	1	1	1979	1979	50210	50210	0.953	0.9528	0.0	0.0	T2T and panTro6 agree closely at this locus (no material change)
chrX-52492352-INV-19975	chrX	52502274	52510614	8340	0.78	NA	94.5	44.5	29.7	0.0	2	2	1	1	5923	60095	52474	24139	0.97	0.9241	0.0	None	T2T vs panTro6: window coverage 44.5%→94.5% (+50.0 pp); largest gap 60kb→5kb; longest contiguous block 24kb→52kb; aln identity 0.924→0.970 (+0.046)
chrX-55480174-INV-12894	chrX	55480141	55493063	12922	0.44	NA	100.0	79.7	100.0	100.0	3	3	0	1	0	22909	112922	65025	0.9431	0.9355	0.855	0.0	T2T vs panTro6: window coverage 79.7%→100.0% (+20.3 pp); gaps 1→0; largest gap 22kb→0kb; longest contiguous block 65kb→112kb; aln identity 0.935→0.943 (+0.008); chimp orientation frac_rev 0.0→0.855
chrX-102317111-INV-52896	chrX	102338170	102348934	10764	0.43999999999999995	NA	100.0	30.3	100.0	0.0	1	1	0	1	0	77180	110764	33584	0.9501	0.9211	0.0	None	T2T vs panTro6: window coverage 30.3%→100.0% (+69.7 pp); gaps 1→0; largest gap 77kb→0kb; longest contiguous block 33kb→110kb; aln identity 0.921→0.950 (+0.029)
chrX-135718085-INV-149049	chrX	135765135	135776630	11495	0.9	NA	72.6	30.5	100.0	0.0	1	2	1	1	30523	77489	80972	34006	0.9438	0.9234	0.0	None	T2T vs panTro6: window coverage 30.5%→72.6% (+42.1 pp); largest gap 77kb→30kb; longest contiguous block 34kb→80kb; aln identity 0.923→0.944 (+0.020)
chrX-153066070-INV-17879	chrX	153074418	153075612	1194	0.51	NA	68.8	69.6	0.0	100.0	2	2	1	1	31598	30760	50000	59501	0.9491	0.915	None	0.0	T2T vs panTro6: longest contiguous block 59kb→50kb; aln identity 0.915→0.949 (+0.034)
chrY-6452943-INV-3310852	chrY	6452942	9763793	3310851	0.1	NA	34.5	34.5	49.7	49.7	16	21	5	5	1295644	1295644	459895	459895	0.8218	0.832	0.663	0.745	T2T vs panTro6: aln identity 0.832→0.822 (-0.010)
chrY-9797299-INV-19841	chrY	9797298	9817138	19840	0.5700000000000001	NA	0.0	0.0	0.0	0.0	0	0	1	1	119840	119840	0	0	None	None	None	None	no chimp alignment in either assembly at this locus
chrY-14014802-INV-12509	chrY	14019657	14023071	3414	0.67	NA	99.1	99.1	100.0	100.0	2	4	0	0	0	0	88723	88723	0.8769	0.8746	0.0	0.0	T2T vs panTro6: aln identity 0.875→0.877 (+0.002)
chrY-16256794-INV-67832	chrY	16269646	16315779	46133	0.63	NA	100.0	100.0	100.0	100.0	2	4	0	0	0	0	146133	146133	0.8893	0.8908	1.0	0.5	T2T vs panTro6: chimp orientation frac_rev 0.5→1.0
chrY-17949448-INV-6854	chrY	17949447	17956300	6853	0.7	NA	48.7	100.0	29.0	100.0	5	5	1	0	54866	0	51987	106853	0.8713	0.9074	0.5	0.417	T2T vs panTro6: window coverage 100.0%→48.7% (-51.3 pp); gaps 0→1; largest gap 0kb→54kb; longest contiguous block 106kb→51kb; aln identity 0.907→0.871 (-0.036)
chrY-18632163-INV-54113	chrY	18640355	18667145	26790	0.13	NA	0.0	0.0	0.0	0.0	0	0	1	1	126790	126790	0	0	None	None	None	None	no chimp alignment in either assembly at this locus
chrY-21013458-INV-38445	chrY	21021692	21063744	42052	0.6	NA	7.4	7.4	0.0	0.0	1	2	1	1	131530	131530	10522	10522	0.9247	0.9247	None	None	T2T and panTro6 agree closely at this locus (no material change)
chrY-22204072-INV-180018	chrY	22204071	22384088	180017	0.83	NA	13.1	13.1	0.0	0.0	2	2	1	1	469256	469256	70795	70795	0.8777	0.8731	None	None	T2T vs panTro6: aln identity 0.873→0.878 (+0.005)
chr1-13190915-INV-133672	chr1	13190914	13324586	133672	0.03	NA	70.9	20.7	71.8	0.0	5	1	4	1	64365	318045	128145	82971	0.8941	0.9653	0.425	None	T2T vs panTro6: window coverage 20.7%→70.9% (+50.2 pp); gaps 1→4; largest gap 318kb→64kb; longest contiguous block 82kb→128kb; aln identity 0.965→0.894 (-0.071)
chr1-43593626-INV-710	chr1	43593641	43594291	650	0.69	NA	99.3	99.3	0.8	0.8	2	2	0	0	0	0	50005	50005	0.9716	0.9679	1.0	0.0	T2T vs panTro6: aln identity 0.968→0.972 (+0.004); chimp orientation frac_rev 0.0→1.0
chr1-108311808-INV-57118	chr1	108310642	108383736	73094	0.43000000000000005	NA	32.3	32.3	0.0	0.0	1	1	1	1	148429	148429	70853	70853	0.9601	0.9603	None	None	T2T and panTro6 agree closely at this locus (no material change)
chr1-144376210-INV-224591	chr1	144376209	144600799	224590	0.39	NA	12.5	0.0	37.4	0.0	2	0	3	1	325191	673770	46753	0	0.8224	None	1.0	None	panTro6 had NO alignment here; T2T covers 12.5% of the window
chr1-148893782-INV-371863	chr1	148893781	149265643	371862	0.30000000000000004	NA	55.7	48.2	93.9	80.7	7	5	4	4	351980	360320	352576	263744	0.8073	0.833	0.0	0.0	T2T vs panTro6: window coverage 48.2%→55.7% (+7.5 pp); largest gap 360kb→351kb; longest contiguous block 263kb→352kb; aln identity 0.833→0.807 (-0.026)
chr1-227492704-INV-15726	chr1	227499209	227502113	2904	0.14	NA	100.0	100.0	100.0	100.0	1	1	0	0	0	0	102904	102904	0.9488	0.9385	1.0	0.0	T2T vs panTro6: aln identity 0.939→0.949 (+0.010); chimp orientation frac_rev 0.0→1.0
chr1-248517894-INV-12881	chr1	248518572	248529489	10917	0.30000000000000004	NA	61.7	65.5	0.0	93.7	2	3	1	1	42507	38310	49499	60224	0.8395	0.8457	None	1.0	T2T vs panTro6: window coverage 65.5%→61.7% (-3.8 pp); largest gap 38kb→42kb; longest contiguous block 60kb→49kb; aln identity 0.846→0.840 (-0.006)
chr10-46135869-INV-77646	chr10	46144703	46204851	60148	0.06	NA	59.5	59.5	77.1	77.1	3	3	2	2	50691	50691	46350	46350	0.9024	0.9113	0.0	0.0	T2T vs panTro6: aln identity 0.911→0.902 (-0.009)
chr10-46769329-INV-87814	chr10	46769328	46857141	87813	0.94	NA	57.9	28.4	0.0	0.0	2	1	1	1	110898	188692	77794	74747	0.967	0.9758	None	None	T2T vs panTro6: window coverage 28.4%→57.9% (+29.5 pp); largest gap 188kb→110kb; longest contiguous block 74kb→77kb; aln identity 0.976→0.967 (-0.009)
chr10-47480264-INV-66161	chr10	47480263	47546423	66160	0.03	NA	84.1	86.7	100.0	90.3	2	5	1	1	31479	26464	167001	94428	0.972	0.9466	1.0	0.219	T2T vs panTro6: window coverage 86.7%→84.1% (-2.6 pp); largest gap 26kb→31kb; longest contiguous block 94kb→167kb; aln identity 0.947→0.972 (+0.025); chimp orientation frac_rev 0.219→1.0
chr10-47649266-INV-107520	chr10	47649265	47756785	107520	0.94	NA	12.2	50.4	0.0	51.2	1	4	1	1	283201	159985	39359	123213	0.9767	0.8988	None	0.0	T2T vs panTro6: window coverage 50.4%→12.2% (-38.2 pp); largest gap 159kb→283kb; longest contiguous block 123kb→39kb; aln identity 0.899→0.977 (+0.078)
chr10-47983094-INV-61350	chr10	47983093	48044442	61349	0.97	NA	24.9	24.9	0.0	0.0	1	1	1	1	138272	138272	45775	45775	0.9598	0.9735	None	None	T2T vs panTro6: aln identity 0.974→0.960 (-0.014)
chr10-55007454-INV-5370	chr10	55007431	55013434	6003	0.91	NA	99.9	99.9	97.6	97.6	2	2	0	0	0	0	53225	53225	0.8926	0.8928	0.0	0.0	T2T and panTro6 agree closely at this locus (no material change)
chr10-65465442-INV-4580	chr10	65465445	65470067	4622	0.99	NA	100.0	100.0	100.0	100.0	1	1	0	0	0	0	104622	104622	0.9648	0.965	0.0	0.0	T2T and panTro6 agree closely at this locus (no material change)
chr10-113411929-INV-356	chr10	113411933	113412252	319	0.1	NA	100.0	100.0	100.0	100.0	1	1	0	0	0	0	100319	100319	0.9634	0.9637	0.0	0.0	T2T and panTro6 agree closely at this locus (no material change)
chr10-131619519-INV-1521	chr10	131619777	131620717	940	0.94	NA	76.7	76.7	3.1	3.1	2	2	1	1	23510	23510	50029	50029	0.9207	0.9392	0.0	0.0	T2T vs panTro6: aln identity 0.939→0.921 (-0.018)
chr10-133657263-INV-130160	chr10	133657262	133787421	130159	0.07	NA	31.7	31.7	0.0	0.0	1	1	1	1	184749	184749	85570	85570	0.9486	0.9492	None	None	T2T and panTro6 agree closely at this locus (no material change)
chr11-1661292-INV-24445	chr11	1667460	1683267	15807	0.5	NA	86.2	86.2	0.0	0.0	2	2	1	1	15978	15978	49969	49969	0.9205	0.9229	None	None	T2T vs panTro6: aln identity 0.923→0.920 (-0.002)
chr11-4271710-INV-17848	chr11	4271709	4289557	17848	0.86	NA	11.6	57.2	0.0	21.0	1	2	1	1	104198	50457	13650	53741	0.8678	0.9049	None	0.0	T2T vs panTro6: window coverage 57.2%→11.6% (-45.6 pp); largest gap 50kb→104kb; longest contiguous block 53kb→13kb; aln identity 0.905→0.868 (-0.037)
chr11-24263185-INV-392	chr11	24263179	24266246	3067	0.95	NA	100.0	100.0	100.0	100.0	1	1	0	0	0	0	103067	103067	0.9394	0.934	0.0	0.0	T2T vs panTro6: aln identity 0.934→0.939 (+0.005)
chr11-55662740-INV-3952	chr11	55662739	55666690	3951	0.83	NA	61.4	100.0	0.0	100.0	2	1	1	0	40156	0	44715	103951	0.897	0.8691	None	0.0	T2T vs panTro6: window coverage 100.0%→61.4% (-38.6 pp); gaps 0→1; largest gap 0kb→40kb; longest contiguous block 103kb→44kb; aln identity 0.869→0.897 (+0.028)
chr11-62094124-INV-7773	chr11	62093043	62102999	9956	0.55	NA	100.0	100.0	100.0	100.0	1	1	0	0	0	0	109956	109956	0.9406	0.9445	0.0	0.0	T2T vs panTro6: aln identity 0.945→0.941 (-0.004)
chr11-66251212-INV-1252	chr11	66251227	66252453	1226	0.79	NA	100.0	100.0	100.0	100.0	1	1	0	0	0	0	101226	101226	0.9609	0.9618	0.0	0.0	T2T and panTro6 agree closely at this locus (no material change)
chr11-89920625-INV-3224	chr11	89920623	89923848	3225	0.53	NA	100.0	96.9	100.0	1.9	2	2	0	1	0	3163	103225	50062	0.8538	0.7463	1.0	0.0	T2T vs panTro6: window coverage 96.9%→100.0% (+3.1 pp); gaps 1→0; largest gap 3kb→0kb; longest contiguous block 50kb→103kb; aln identity 0.746→0.854 (+0.107); chimp orientation frac_rev 0.0→1.0
chr12-13392052-INV-6162	chr12	13392624	13397634	5010	0.59	NA	100.0	100.0	100.0	100.0	1	1	0	0	0	0	105010	105010	0.9572	0.9604	0.0	0.0	T2T vs panTro6: aln identity 0.960→0.957 (-0.003)
chr13-52310303-INV-10653	chr13	52310302	52320954	10652	0.98	NA	0.0	0.0	0.0	0.0	0	0	1	1	110652	110652	0	0	None	None	None	None	no chimp alignment in either assembly at this locus
chr13-63717417-INV-120779	chr13	63727377	63820968	93591	0.05	NA	99.7	99.7	100.0	100.0	2	2	0	0	0	0	209438	209438	0.9343	0.9194	0.0	0.0	T2T vs panTro6: aln identity 0.919→0.934 (+0.015)
chr13-97456279-INV-437	chr13	97456283	97456722	439	0.12	NA	100.0	100.0	100.0	100.0	1	1	0	0	0	0	100439	100439	0.9649	0.966	0.0	0.0	T2T and panTro6 agree closely at this locus (no material change)
chr14-18862646-INV-796362	chr14	18862645	19659006	796361	0.19	NA	51.1	39.0	71.0	33.7	9	8	4	3	851884	927866	565607	325066	0.8416	0.8582	1.0	1.0	T2T vs panTro6: window coverage 39.0%→51.1% (+12.1 pp); gaps 3→4; largest gap 927kb→851kb; longest contiguous block 325kb→565kb; aln identity 0.858→0.842 (-0.017)
chr14-105571550-INV-8996	chr14	105573622	105577544	3922	0.17	NA	89.5	89.7	97.0	97.9	2	2	1	1	10945	10667	53803	53838	0.8218	0.8232	0.0	0.0	T2T and panTro6 agree closely at this locus (no material change)
chr15-23295577-INV-22616	chr15	23295576	23318191	22615	0.69	NA	0.0	0.0	0.0	0.0	0	0	1	1	122615	122615	0	0	None	None	None	None	no chimp alignment in either assembly at this locus
chr15-28298425-INV-325091	chr15	28298424	28623514	325090	0.08	NA	83.2	81.8	51.3	51.3	4	4	1	1	163686	177632	491749	491749	0.9352	0.9357	0.142	0.143	T2T vs panTro6: window coverage 81.8%→83.2% (+1.4 pp); largest gap 177kb→163kb
chr15-30434572-INV-97097	chr15	30436458	30529803	93345	0.17	NA	0.0	14.6	0.0	0.0	0	1	1	2	280035	187198	0	40750	None	0.924	None	None	T2T vs panTro6: window coverage 14.6%→0.0% (-14.6 pp); gaps 2→1; largest gap 187kb→280kb; longest contiguous block 40kb→0kb
chr15-32475961-INV-97199	chr15	32477828	32571283	93455	0.98	NA	100.0	66.8	100.0	100.0	3	2	0	1	0	93099	280365	129034	0.927	0.9566	1.0	1.0	T2T vs panTro6: window coverage 66.8%→100.0% (+33.2 pp); gaps 1→0; largest gap 93kb→0kb; longest contiguous block 129kb→280kb; aln identity 0.957→0.927 (-0.030)
chr15-82330919-INV-26880	chr15	82330918	82357797	26879	0.19	NA	100.0	21.5	100.0	0.0	2	1	0	1	0	99605	126879	27274	0.8762	0.9768	0.0	None	T2T vs panTro6: window coverage 21.5%→100.0% (+78.5 pp); gaps 1→0; largest gap 99kb→0kb; longest contiguous block 27kb→126kb; aln identity 0.977→0.876 (-0.101)
chr15-82360483-INV-154653	chr15	82360482	82515134	154652	0.08	NA	100.0	64.7	100.0	29.7	2	3	0	2	0	160950	463956	142874	0.8762	0.9347	0.821	0.0	T2T vs panTro6: window coverage 64.7%→100.0% (+35.3 pp); gaps 2→0; largest gap 160kb→0kb; longest contiguous block 142kb→463kb; aln identity 0.935→0.876 (-0.059); chimp orientation frac_rev 0.0→0.821
chr16-14907776-INV-120705	chr16	14907775	15028479	120704	0.5700000000000001	NA	87.4	58.9	100.0	76.8	5	4	1	1	45779	148699	316333	213413	0.7776	0.8856	1.0	0.599	T2T vs panTro6: window coverage 58.9%→87.4% (+28.5 pp); largest gap 148kb→45kb; longest contiguous block 213kb→316kb; aln identity 0.886→0.778 (-0.108); chimp orientation frac_rev 0.599→1.0
chr16-15028481-INV-133352	chr16	14954790	15100859	146069	0.22999999999999998	NA	87.9	50.3	100.0	100.0	6	4	2	2	28987	127049	323321	220401	0.7409	0.8856	1.0	0.786	T2T vs panTro6: window coverage 50.3%→87.9% (+37.6 pp); largest gap 127kb→28kb; longest contiguous block 220kb→323kb; aln identity 0.886→0.741 (-0.145); chimp orientation frac_rev 0.786→1.0
chr16-18337349-INV-19325	chr16	18337348	18356673	19325	0.27	NA	35.3	35.3	24.6	24.6	1	4	2	2	64564	64564	42081	42081	0.9527	0.9558	0.0	1.0	T2T vs panTro6: aln identity 0.956→0.953 (-0.003); chimp orientation frac_rev 1.0→0.0
chr16-20506047-INV-15848	chr16	20506046	20521893	15847	0.86	NA	73.1	73.1	0.0	0.0	2	2	1	1	31141	31141	49548	49548	0.96	0.9596	None	None	T2T and panTro6 agree closely at this locus (no material change)
chr16-28709345-INV-67143	chr16	28709344	28776487	67143	0.23	NA	79.5	75.0	100.0	100.0	6	4	1	1	41288	50352	144108	135116	0.8436	0.9349	0.314	1.0	T2T vs panTro6: window coverage 75.0%→79.5% (+4.5 pp); largest gap 50kb→41kb; longest contiguous block 135kb→144kb; aln identity 0.935→0.844 (-0.091); chimp orientation frac_rev 1.0→0.314
chr16-32364221-INV-164223	chr16	32364220	32528442	164222	0.88	NA	46.7	16.1	100.0	45.6	2	1	2	2	145937	253574	229853	79147	0.8578	0.9737	0.193	0.0	T2T vs panTro6: window coverage 16.1%→46.7% (+30.6 pp); largest gap 253kb→145kb; longest contiguous block 79kb→229kb; aln identity 0.974→0.858 (-0.116); chimp orientation frac_rev 0.0→0.193
chr16-32755979-INV-123613	chr16	32755978	32879590	123612	0.64	NA	45.7	45.7	37.1	37.0	3	3	1	1	201425	201514	169411	169322	0.8866	0.7961	0.5	0.0	T2T vs panTro6: aln identity 0.796→0.887 (+0.090); chimp orientation frac_rev 0.0→0.5
chr16-32991172-INV-111580	chr16	32991171	33102750	111579	0.35	NA	99.1	55.2	100.0	65.5	4	3	1	1	2902	150018	331835	184719	0.8816	0.7961	0.299	1.0	T2T vs panTro6: window coverage 55.2%→99.1% (+43.9 pp); largest gap 150kb→2kb; longest contiguous block 184kb→331kb; aln identity 0.796→0.882 (+0.086); chimp orientation frac_rev 1.0→0.299
chr16-34507815-INV-13045	chr16	34507814	34520859	13045	0.99	NA	0.0	0.0	0.0	0.0	0	0	1	1	113045	113045	0	0	None	None	None	None	no chimp alignment in either assembly at this locus
chr16-34577842-INV-2694	chr16	34577841	34580535	2694	0.86	NA	0.0	0.0	0.0	0.0	0	0	1	1	102694	102694	0	0	None	None	None	None	no chimp alignment in either assembly at this locus
chr16-46383781-INV-325	chr16	46383780	46384105	325	0.5	NA	25.8	25.8	0.0	0.0	2	2	1	1	74446	74446	25879	25879	0.6238	0.7719	None	None	T2T vs panTro6: aln identity 0.772→0.624 (-0.148)
chr17-3052058-INV-200164	chr17	3082008	3221835	139827	0.01	NA	94.3	100.0	82.9	100.0	2	1	1	0	23887	0	210837	419481	0.9365	0.9343	0.0	0.0	T2T vs panTro6: window coverage 100.0%→94.3% (-5.7 pp); gaps 0→1; largest gap 0kb→23kb; longest contiguous block 419kb→210kb; aln identity 0.934→0.936 (+0.002)
chr17-5982217-INV-1513	chr17	5982838	5983104	266	0.27	NA	99.7	99.7	0.0	0.0	2	2	0	0	0	0	50000	50000	0.942	0.9402	None	None	T2T and panTro6 agree closely at this locus (no material change)
chr17-16823491-INV-1560701	chr17	16823490	18384190	1560700	0.02	NA	97.8	78.3	99.7	80.2	15	9	4	7	66662	307645	990124	983350	0.9368	0.9342	0.994	1.0	T2T vs panTro6: window coverage 78.3%→97.8% (+19.5 pp); gaps 7→4; largest gap 307kb→66kb; longest contiguous block 983kb→990kb; aln identity 0.934→0.937 (+0.003)
chr17-18677352-INV-146444	chr17	18622359	18823773	201414	0.98	NA	89.0	36.3	72.7	18.3	3	2	1	2	66662	256315	347927	182662	0.8445	0.7636	0.0	0.0	T2T vs panTro6: window coverage 36.3%→89.0% (+52.7 pp); gaps 2→1; largest gap 256kb→66kb; longest contiguous block 182kb→347kb; aln identity 0.764→0.845 (+0.081)
chr17-36109570-INV-114204	chr17	36109569	36223772	114203	0.07	NA	74.4	84.2	42.3	71.5	2	3	1	2	87594	27405	162538	162538	0.9324	0.9317	1.0	0.592	T2T vs panTro6: window coverage 84.2%→74.4% (-9.8 pp); gaps 2→1; largest gap 27kb→87kb; chimp orientation frac_rev 0.592→1.0
chr17-37415091-INV-607	chr17	37415181	37415638	457	0.5	NA	100.0	100.0	100.0	100.0	1	1	0	0	0	0	100457	100457	0.8472	0.8469	1.0	1.0	T2T and panTro6 agree closely at this locus (no material change)
chr17-43231917-INV-93156	chr17	43232908	43321964	89056	0.98	NA	66.0	56.6	0.0	0.0	2	2	1	1	90934	115903	88679	80340	0.7929	0.9554	None	None	T2T vs panTro6: window coverage 56.6%→66.0% (+9.4 pp); largest gap 115kb→90kb; longest contiguous block 80kb→88kb; aln identity 0.955→0.793 (-0.163)
chr17-43263149-INV-59735	chr17	43263148	43322883	59735	0.98	NA	49.3	35.3	0.9	0.0	2	2	1	1	90934	115903	60277	42523	0.7929	0.9554	1.0	None	T2T vs panTro6: window coverage 35.3%→49.3% (+14.0 pp); largest gap 115kb→90kb; longest contiguous block 42kb→60kb; aln identity 0.955→0.793 (-0.163)
chr17-45573557-INV-11603	chr17	45573556	45585158	11602	0.75	NA	99.8	99.9	100.0	100.0	2	2	0	0	0	0	61994	62151	0.9398	0.9344	1.0	0.0	T2T vs panTro6: aln identity 0.934→0.940 (+0.005); chimp orientation frac_rev 0.0→1.0
chr18-29783948-INV-395	chr18	29783947	29784342	395	0.87	NA	100.0	100.0	100.0	100.0	1	1	0	0	0	0	100395	100395	0.957	0.9622	0.0	0.0	T2T vs panTro6: aln identity 0.962→0.957 (-0.005)
chr2-88859192-INV-39467	chr2	88861564	88886160	24596	0.85	NA	96.6	96.6	100.0	100.0	1	1	1	1	4255	4189	120341	120407	0.8974	0.8964	1.0	0.0	T2T vs panTro6: chimp orientation frac_rev 0.0→1.0
chr2-90060919-INV-155562	chr2	90060918	90216479	155561	0.07	NA	27.6	27.6	0.0	0.0	3	2	1	1	338039	338039	128644	128644	0.7458	0.6731	None	None	T2T vs panTro6: aln identity 0.673→0.746 (+0.073)
chr2-90286376-INV-93054	chr2	90286375	90379428	93053	0.7	NA	49.1	48.8	100.0	100.0	3	2	2	2	92067	92950	137018	136135	0.7458	0.6731	0.0	0.56	T2T vs panTro6: aln identity 0.673→0.746 (+0.073); chimp orientation frac_rev 0.56→0.0
chr2-94191334-INV-102714	chr2	94191333	94294046	102713	0.02	NA	19.3	35.6	54.8	99.0	1	5	2	2	149124	103744	59382	109662	0.9326	0.9142	1.0	0.481	T2T vs panTro6: window coverage 35.6%→19.3% (-16.3 pp); largest gap 103kb→149kb; longest contiguous block 109kb→59kb; aln identity 0.914→0.933 (+0.018); chimp orientation frac_rev 0.481→1.0
chr2-97340523-INV-28715	chr2	97348052	97360454	12402	0.51	NA	84.8	43.5	100.0	100.0	2	1	1	2	17102	43040	95300	48842	0.8795	0.9783	0.0	1.0	T2T vs panTro6: window coverage 43.5%→84.8% (+41.3 pp); gaps 2→1; largest gap 43kb→17kb; longest contiguous block 48kb→95kb; aln identity 0.978→0.879 (-0.099); chimp orientation frac_rev 1.0→0.0
chr2-110095179-INV-181032	chr2	110095177	110276210	181033	0.36	NA	58.3	58.3	100.0	100.0	2	2	2	2	165123	165123	300581	300581	0.901	0.8906	1.0	1.0	T2T vs panTro6: aln identity 0.891→0.901 (+0.010)
chr2-236356297-INV-2677	chr2	236356880	236358489	1609	0.07	NA	97.7	97.7	1.1	1.1	2	2	1	1	2293	2310	50018	50018	0.9607	0.9608	0.0	0.0	T2T and panTro6 agree closely at this locus (no material change)
chr2-240674170-INV-26389	chr2	240685789	240688966	3177	0.64	NA	100.0	100.0	100.0	100.0	1	1	0	0	0	0	103177	103177	0.9212	0.9266	0.0	0.0	T2T vs panTro6: aln identity 0.927→0.921 (-0.005)
chr20-28751289-INV-1342	chr20	28751288	28752630	1342	0.5	NA	19.6	19.6	0.0	0.0	1	1	1	1	81491	81491	19851	19851	0.7812	0.7812	None	None	T2T and panTro6 agree closely at this locus (no material change)
chr20-29257747-INV-162005	chr20	29257746	29419750	162004	0.99	NA	9.5	27.8	0.0	0.0	2	4	1	2	439660	348717	29951	88560	0.8029	0.8048	None	None	T2T vs panTro6: window coverage 27.8%→9.5% (-18.3 pp); gaps 2→1; largest gap 348kb→439kb; longest contiguous block 88kb→29kb
chr21-13205468-INV-15566	chr21	13205437	13221054	15617	0.95	NA	0.0	0.0	0.0	0.0	0	0	1	1	115617	115617	0	0	None	None	None	None	no chimp alignment in either assembly at this locus
chr22-21201772-INV-78695	chr22	21201771	21280466	78695	0.97	NA	15.1	69.3	0.0	100.0	2	6	1	2	200379	39404	32996	130351	0.7866	0.7992	None	1.0	T2T vs panTro6: window coverage 69.3%→15.1% (-54.2 pp); gaps 2→1; largest gap 39kb→200kb; longest contiguous block 130kb→32kb; aln identity 0.799→0.787 (-0.013)
chr3-28414484-INV-5621	chr3	28417060	28417483	423	0.15	NA	100.0	100.0	100.0	100.0	1	1	0	0	0	0	100423	100423	0.9698	0.9701	0.0	0.0	T2T and panTro6 agree closely at this locus (no material change)
chr3-162827167-INV-3077	chr3	162827574	162829855	2281	0.23	NA	100.0	100.0	100.0	100.0	1	1	0	0	0	0	102281	102281	0.9442	0.9456	0.0	0.0	T2T and panTro6 agree closely at this locus (no material change)
chr3-195680055-INV-44153	chr3	195680054	195724206	44152	0.5	NA	99.1	96.8	100.0	92.9	2	3	1	2	1363	3132	120225	60631	0.9098	0.8817	0.0	0.0	T2T vs panTro6: window coverage 96.8%→99.1% (+2.3 pp); gaps 2→1; largest gap 3kb→1kb; longest contiguous block 60kb→120kb; aln identity 0.882→0.910 (+0.028)
chr4-40233409-INV-2010	chr4	40233406	40235439	2033	0.3	NA	100.0	100.0	100.0	100.0	1	1	0	0	0	0	102033	102033	0.9668	0.9737	0.0	0.0	T2T vs panTro6: aln identity 0.974→0.967 (-0.007)
chr4-49284665-INV-6354	chr4	49284664	49291017	6353	0.36	NA	39.1	0.0	100.0	0.0	4	0	2	1	32814	106353	30427	0	0.9119	None	0.5	None	panTro6 had NO alignment here; T2T covers 39.1% of the window
chr4-49291020-INV-33986	chr4	49291019	49325004	33985	0.49	NA	26.3	0.0	53.0	0.0	4	0	2	1	65977	133985	30427	0	0.9119	None	0.5	None	panTro6 had NO alignment here; T2T covers 26.3% of the window
chr4-156904334-INV-8519	chr4	156905870	156912808	6938	0.01	NA	100.0	100.0	100.0	100.0	1	1	0	0	0	0	106938	106938	0.949	0.9489	0.0	0.0	T2T and panTro6 agree closely at this locus (no material change)
chr4-187948402-INV-8158	chr4	187950173	187954784	4611	0.35	NA	100.0	96.4	100.0	100.0	1	3	0	1	0	2937	104611	87199	0.9205	0.9296	0.0	0.0	T2T vs panTro6: window coverage 96.4%→100.0% (+3.6 pp); gaps 1→0; largest gap 2kb→0kb; longest contiguous block 87kb→104kb; aln identity 0.930→0.920 (-0.009)
chr5-17580906-INV-11540	chr5	17580905	17592445	11540	0.84	NA	0.0	100.0	0.0	100.0	0	1	1	0	111540	0	0	111540	None	0.8787	None	0.0	T2T vs panTro6: window coverage 100.0%→0.0% (-100.0 pp); gaps 0→1; largest gap 0kb→111kb; longest contiguous block 111kb→0kb
chr5-21479306-INV-21422	chr5	21479305	21500726	21421	0.02	NA	94.6	41.0	100.0	0.0	2	2	1	1	6511	71598	74869	38407	0.9218	0.9265	1.0	None	T2T vs panTro6: window coverage 41.0%→94.6% (+53.6 pp); largest gap 71kb→6kb; longest contiguous block 38kb→74kb; aln identity 0.926→0.922 (-0.005)
chr5-29069209-INV-308	chr5	29069229	29069523	294	0.45	NA	60.2	60.2	0.0	0.0	2	2	1	1	39903	39903	49981	49981	0.9535	0.9526	None	None	T2T and panTro6 agree closely at this locus (no material change)
chr5-47061569-INV-20494	chr5	47061568	47082062	20494	0.33	NA	0.0	0.0	0.0	0.0	0	0	1	1	120494	120494	0	0	None	None	None	None	no chimp alignment in either assembly at this locus
chr5-47105116-INV-46253	chr5	47105115	47151367	46252	0.66	NA	0.2	0.0	0.0	0.0	2	0	1	1	145887	146252	365	0	0.835	None	None	None	panTro6 had NO alignment here; T2T covers 0.2% of the window
chr5-70527774-INV-6139	chr5	70527773	70533912	6139	0.99	NA	0.0	0.0	0.0	0.0	0	0	1	1	106139	106139	0	0	None	None	None	None	no chimp alignment in either assembly at this locus
chr5-71009587-INV-84412	chr5	71009586	71093997	84411	0.94	NA	66.7	68.8	100.0	100.0	1	3	1	1	84419	78926	168814	168814	0.9559	0.8954	0.0	0.0	T2T vs panTro6: window coverage 68.8%→66.7% (-2.1 pp); largest gap 78kb→84kb; aln identity 0.895→0.956 (+0.060)
chr5-181095856-INV-7651	chr5	181098775	181100846	2071	0.25	NA	97.9	97.9	0.0	0.0	2	2	1	1	2182	2109	49989	49994	0.8434	0.8917	None	None	T2T vs panTro6: aln identity 0.892→0.843 (-0.048)
chr6-94031361-INV-335	chr6	94031360	94031695	335	0.56	NA	75.7	75.7	0.3	0.3	2	2	1	1	24383	24383	50001	50001	0.9512	0.9486	0.0	0.0	T2T vs panTro6: aln identity 0.949→0.951 (+0.003)
chr7-62290675-INV-72470	chr7	62290674	62363143	72469	0.5800000000000001	NA	0.0	41.9	0.0	59.8	0	2	1	2	217407	101620	0	57371	None	0.6202	None	1.0	T2T vs panTro6: window coverage 41.9%→0.0% (-41.9 pp); gaps 2→1; largest gap 101kb→217kb; longest contiguous block 57kb→0kb
chr7-62408487-INV-47959	chr7	62408486	62456444	47958	0.57	NA	0.0	0.0	0.0	0.0	0	0	1	1	147958	147958	0	0	None	None	None	None	no chimp alignment in either assembly at this locus
chr7-65565115-INV-74905	chr7	65572704	65581644	8940	0.61	NA	47.6	0.0	21.1	0.0	1	0	1	1	57055	108940	51885	0	0.5513	None	1.0	None	panTro6 had NO alignment here; T2T covers 47.6% of the window
chr7-76603964-INV-16446	chr7	76603963	76620409	16446	0.5	NA	99.4	99.4	100.0	100.0	3	2	0	0	0	0	77595	77596	0.7155	0.9635	1.0	0.0	T2T vs panTro6: aln identity 0.964→0.716 (-0.248); chimp orientation frac_rev 0.0→1.0
chr7-107418074-INV-5179	chr7	107418983	107422332	3349	0.10999999999999999	NA	96.8	96.8	0.0	0.0	2	2	1	1	3349	3349	50000	50000	0.9571	0.9563	None	None	T2T and panTro6 agree closely at this locus (no material change)
chr7-143779395-INV-19333	chr7	143779394	143798726	19332	0.5	NA	53.7	53.7	0.0	0.0	2	2	1	1	55294	55294	33726	33726	0.8499	0.8509	None	None	T2T and panTro6 agree closely at this locus (no material change)
chr7-144254565-INV-2203	chr7	144254564	144256766	2202	0.31000000000000005	NA	0.0	0.0	0.0	0.0	0	0	1	1	102202	102202	0	0	None	None	None	None	no chimp alignment in either assembly at this locus
chr8-12369153-INV-24982	chr8	12369152	12394133	24981	0.76	NA	100.0	69.5	100.0	100.0	2	3	0	2	0	23302	124981	65545	0.8636	0.7856	1.0	0.0	T2T vs panTro6: window coverage 69.5%→100.0% (+30.5 pp); gaps 2→0; largest gap 23kb→0kb; longest contiguous block 65kb→124kb; aln identity 0.786→0.864 (+0.078); chimp orientation frac_rev 0.0→1.0
chr8-85728659-INV-13234	chr8	85728658	85741892	13234	0.39	NA	0.0	0.0	0.0	0.0	0	0	1	1	113234	113234	0	0	None	None	None	None	no chimp alignment in either assembly at this locus
chr8-85741975-INV-20818	chr8	85741974	85762792	20818	0.5700000000000001	NA	0.0	0.0	0.0	0.0	0	0	1	1	120818	120818	0	0	None	None	None	None	no chimp alignment in either assembly at this locus
chr8-85769985-INV-51732	chr8	85769984	85821716	51732	0.81	NA	22.3	12.2	0.0	0.0	1	1	1	1	120638	136202	34558	18994	0.964	0.9637	None	None	T2T vs panTro6: window coverage 12.2%→22.3% (+10.1 pp); largest gap 136kb→120kb; longest contiguous block 18kb→34kb
chr9-12016541-INV-55306	chr9	12004038	12074552	70514	0.98	NA	100.0	100.0	100.0	100.0	2	2	0	0	0	0	211542	211542	0.9259	0.9259	1.0	0.0	T2T vs panTro6: chimp orientation frac_rev 0.0→1.0
chr9-38773641-INV-4023105	chr9	38773640	42796744	4023104	0.97	NA	56.7	48.3	50.6	39.0	33	20	10	14	1085107	1262657	1007761	744260	0.9142	0.9335	0.643	0.29	T2T vs panTro6: window coverage 48.3%→56.7% (+8.4 pp); gaps 14→10; largest gap 1262kb→1085kb; longest contiguous block 744kb→1007kb; aln identity 0.933→0.914 (-0.019); chimp orientation frac_rev 0.29→0.643
chrX-48395426-INV-4575	chrX	48396314	48399110	2796	0.69	NA	100.0	100.0	100.0	100.0	1	3	0	0	0	0	102796	56598	0.9731	0.9691	0.0	1.0	T2T vs panTro6: longest contiguous block 56kb→102kb; aln identity 0.969→0.973 (+0.004); chimp orientation frac_rev 1.0→0.0
chrX-52880292-INV-93962	chrX	52921572	52934581	13009	0.61	NA	97.7	91.7	100.0	100.0	2	4	1	1	2628	9326	99420	47489	0.9692	0.9696	0.0	1.0	T2T vs panTro6: window coverage 91.7%→97.7% (+6.0 pp); largest gap 9kb→2kb; longest contiguous block 47kb→99kb; chimp orientation frac_rev 1.0→0.0
chrX-63182245-INV-13735	chrX	63185600	63193343	7743	0.4	NA	100.0	63.3	100.0	0.0	1	2	0	1	0	39500	107743	45104	0.9541	0.8851	0.0	None	T2T vs panTro6: window coverage 63.3%→100.0% (+36.7 pp); gaps 1→0; largest gap 39kb→0kb; longest contiguous block 45kb→107kb; aln identity 0.885→0.954 (+0.069)
chrX-106266349-INV-33658	chrX	106266279	106275333	9054	0.39	NA	91.2	100.0	100.0	100.0	2	3	1	0	9628	0	62087	109054	0.963	0.9548	0.0	0.499	T2T vs panTro6: window coverage 100.0%→91.2% (-8.8 pp); gaps 0→1; largest gap 0kb→9kb; longest contiguous block 109kb→62kb; aln identity 0.955→0.963 (+0.008); chimp orientation frac_rev 0.499→0.0
chrX-112504687-INV-12274	chrX	112504686	112516959	12273	0.01	NA	100.0	100.0	100.0	100.0	1	1	0	0	0	0	112273	112273	0.9841	0.9846	0.0	0.0	T2T and panTro6 agree closely at this locus (no material change)
chrX-135733567-INV-16180	chrX	135734732	135748584	13852	0.78	NA	97.8	56.6	100.0	100.0	1	2	1	1	2477	49443	111375	64409	0.9438	0.9234	0.0	1.0	T2T vs panTro6: window coverage 56.6%→97.8% (+41.2 pp); largest gap 49kb→2kb; longest contiguous block 64kb→111kb; aln identity 0.923→0.944 (+0.020); chimp orientation frac_rev 1.0→0.0
chrX-135765868-INV-28891	chrX	135765867	135794758	28891	0.5	NA	62.3	25.8	100.0	0.0	1	2	1	1	48651	95617	80240	33274	0.9438	0.9234	0.0	None	T2T vs panTro6: window coverage 25.8%→62.3% (+36.5 pp); largest gap 95kb→48kb; longest contiguous block 33kb→80kb; aln identity 0.923→0.944 (+0.020)
chrX-141573056-INV-28779	chrX	141585256	141589189	3933	0.36	NA	100.0	96.2	100.0	100.0	1	1	0	1	0	3900	103933	100033	0.9245	0.9403	0.0	0.0	T2T vs panTro6: window coverage 96.2%→100.0% (+3.8 pp); gaps 1→0; largest gap 3kb→0kb; longest contiguous block 100kb→103kb; aln identity 0.940→0.924 (-0.016)
chrX-152678163-INV-111649	chrX	152729753	152738707	8954	0.4	NA	100.0	100.0	100.0	100.0	1	3	0	0	0	0	108954	108954	0.9471	0.9333	0.0	0.0	T2T vs panTro6: aln identity 0.933→0.947 (+0.014)
chrY-6243098-INV-97551	chrY	6243097	6340647	97550	0.47	NA	0.0	0.0	0.0	0.0	0	0	1	1	292650	292650	0	0	None	None	None	None	no chimp alignment in either assembly at this locus
chrY-10367645-INV-52339	chrY	10367644	10419983	52339	0.13	NA	0.0	0.0	0.0	0.0	0	0	1	1	157017	157017	0	0	None	None	None	None	no chimp alignment in either assembly at this locus
chrY-15874908-INV-30002	chrY	15883580	15896218	12638	0.23	NA	88.0	100.0	0.0	100.0	2	5	1	0	13559	0	49967	112638	0.9664	0.9646	None	0.0	T2T vs panTro6: window coverage 100.0%→88.0% (-12.0 pp); gaps 0→1; largest gap 0kb→13kb; longest contiguous block 112kb→49kb
chrY-21052503-INV-12528	chrY	21053790	21063744	9954	0.53	NA	0.0	0.0	0.0	0.0	0	0	1	1	109954	109954	0	0	None	None	None	None	no chimp alignment in either assembly at this locus
chrY-22207319-INV-117968	chrY	22207318	22325285	117967	0.83	NA	0.0	0.0	0.0	0.0	0	0	1	1	353901	353901	0	0	None	None	None	None	no chimp alignment in either assembly at this locus
